JO_REQST_NO,CMPNY_NM,JO_SJ,JOBCODE_NM,CAREER_CND_NM,ACDMCR_NM,EMPLYM_STLE_CMMN_MM,HOPE_WAGE,WORK_PARAR_BASS_ADRES_CN,SUBWAY_NM,WORK_TIME_NM,HOLIDAY_NM,WEEK_WORK_HR,RCEPT_CLOS_NM,RCEPT_MTH_NM,PRESENTN_PAPERS_NM,MNGR_PHON_NO,BSNS_SUMRY_CN,DTY_CN,RET_GRANTS_NM,JO_FEINSR_SBSCRB_NM,JO_REG_DT,WELFARE_CN,직무상세성점수,기업소개점수,급여품질점수,복지점수,근무조건점수,출퇴근편의점수,종합점수,등급
H954202607271749,구리참사랑노인복지센터,[교문동] 재가요양보호사 구인,재가 간병인,무관,관계없음,상용직(시간제),시급 / 10320원 ,경기 구리시,,(근무시간) (오후) 2시 00분 ~ (오후) 5시 00분,주5일근무,15,마감일 (2026-09-26),기타   ,이력서 기타  ,031-550-2317,노인요양복지시설,"- 5등급 할아버님 케어
- 일상생활지원, 정서지원, 가사업무등
- 주5일, 14:00~17:00
- 치매교육 필수
- 시급 13,200원 (기본시급 +기타수당 포함)



【 실제 서비스 제공기간에 따라 임금을 계산하여 지급하는 형태로 채용시 근로자마다 주 소정근로시간이나 임금, 근무(예정지) 등에 차이가 있을 수 있음 】",퇴직금,고용보험 산재보험 건강보험 국민연금,2026-07-27,,8.0,5.0,18.0,7.4,20.0,7.0,65.4,C
H954202607271743,하예성재가복지센터,재가 요양보호사 채용(쌍문초교_3등급 할머니),재가 간병인,무관,관계없음,상용직(시간제),시급 / 10320원 ,서울 도봉구,,(근무시간) (오전) 9시 00분 ~ (정오) 12시 00분,주5일근무,15,마감일 (2026-09-26),기타   ,이력서   ,02-2091-2925,"방문요양, 방문목욕","* 쌍문초교와 숭미초교 사이 3등급 여어르신(77세) 방문요양
* 부부동거 (대상자 케어위주 근무)
* 이동변기. 일부 기저귀케어. 실내에서 보행재활 운동도움 위주. 반찬약간
* 9시~12시 주6일/
* 10,320원(주휴수당 포함 13.100원)",퇴직금,고용보험 산재보험 건강보험 국민연금,2026-07-27,,5.0,5.0,18.0,7.4,20.0,7.0,62.4,C
H954202607271160,나라개발시스템주식회사,[복지카드소지자 우대] 송도 아트윈푸르지오아파트 외곽미화직 채용,"건물 청소원(공공건물,아파트,사무실,병원,상가,공장 등)",무관,관계없음,계약직,월급 / 180만원 ,인천 연수구.,,"- 근무시간 : 평일 08:30~16:00 / 휴게 1시간
                토 근무시 수당지급 (08:",주5일근무,32,마감일 (2026-09-26),방문 기타  ,이력서   ,02-2063-6757,아파트 소독 및  청소,"[ 복지카드소지자 우대 / 송도 아트윈푸르지오 아파트 외곽미화원 모집 ]

- 아파트 미화  업무 / 미화경력 필수
 
- 근무시간 : 평일 08:30~16:00 / 휴게 1시간
                토 근무시 수당지급  (08:30~12:00)
- 주 5일

- 급여 1,799,240원

- 연수구 인천타워대로 253-25 소재

***장애인 복지카드소지자 우대",퇴직금,고용보험 산재보험 건강보험 국민연금,2026-07-27,,11.5,5.0,20.0,7.4,20.0,7.0,70.9,B
H954202607270847,제이엔테크,소형 CNC 조작원 (프로그램 세팅 경험자 우대),CNC 선반 조작원(NC 선반 조작원),경력,관계없음,상용직,월급 / 250만원 - 면접 후 협의가능 ,경기 안산시시흥스마트허브 4다 605-3,,(근무시간) (오전) 7시 30분 ~ (오후) 5시 00분,주5일근무,45,마감일 (2026-09-26),고용24 입사지원   ,이력서   ,031-412-6918,소형 CNC 금속류 가공업,"CNC 및 NC 프로콘 가공 유 경험자 채용 합니다.

1. 근무시간 
   1)  주간 : 07:30~17:00(잔업 : 협의)  / 야간 : 희망자 협의 
   2) 파트타입 근무가능 
   3) 토, 일 : 유동적임 (협의) 
   
2. 우대사항 
    1)  CNC 가공 근무 유 경험자 (제조업 근무 경험자)
    2)  프로그램 가능자 우대 
    3)  근거리 거주자 (안산,시흥)

3. 근무지 : 시화공단 (경기도 안산시 단원구 성곡동)",퇴직금,고용보험 산재보험 건강보험 국민연금,2026-07-27,,10.0,5.0,20.0,7.4,20.0,7.0,69.4,C
H954202607271697,아리아케어 방문요양 성동 성수센터,[오금동/4등급할머니/13~16시] 재가 요양보호사 모집,재가 간병인,무관,관계없음,상용직(시간제),시급 / 10320원 ,서울 송파구더플리티넘송파  ,,(근무시간) (오후) 1시 00분 ~ (오후) 4시 00분,주5일근무,15,마감일 (2026-09-26),기타   ,이력서   ,02-2147-3682,방문요양,"- 대상자 : 오주중학교 인근 오금동 더플래티넘송파 4등급 할머니(39년생)
- 직무 내용 : 운동 도움, 산책 도움, 샤워 도움 등
- 근무 시간 13:00~16:00, 주5일
-기본 시급 10,320원 + 기타 수당  
 
* 지원 문의 : 전화(02-462-9248 / 010-2591-2621)",퇴직금,고용보험 산재보험 건강보험 국민연금,2026-07-27,,6.5,5.0,18.0,7.4,20.0,7.0,63.9,C
H954202607270994,(주)케이비세라믹,"건설자재 전문가로서 성장하고 싶은 분, 함께 성장하는 기회입니다.",,무관,고등학교,상용직,월급 / 280만원 ,인천 제물포구,,(근무시간) (오전) 8시 00분 ~ (오후) 5시 00분,주5일근무,40,마감일 (2026-09-26),방문 고용24 입사지원  ,이력서 자기소개서  ,032-460-4837,타일 직수입 도매업체*,"[모집직무]
건설자재 영업원, 가구 판매원, 상점 판매원

[직무소개]
우리 회사는 해외에서 타일을 직수입하여 도매 및 유통하는 업체입니다. 본 직무는 다양한 타일 및 건축자재를 판매하고 고객에게 최적의 제품을 추천해주는 역할을 수행합니다.

[주요업무]
- 타일 및 건축 자재 판매
- 고객과의 상담 및 문의 응대
- 제품 정보 제공 및 기술 지원
- 매출 목표 달성을 위한 영업 활동
- 재고 관리 및 재고 집계",퇴직금,고용보험 산재보험 건강보험 국민연금,2026-07-27,,16.0,5.0,20.0,7.4,20.0,7.0,75.4,B
H954202607271677,도연재가방문요양센터,요양보호사님을 구합니다 (4등급 할머니),재가 간병인,무관,관계없음,상용직(시간제),시급 / 10320원 ,경기 파주시,,(근무시간) (오후) 1시 00분 ~ (오후) 4시 00분,주5일근무,15,마감일 (2026-09-26),방문   ,이력서   ,031-8071-4248,방문요양. 방문목욕,"*4등급 할머니
방문요양(식사준비 및 제공, 청소 및 정리정돈, 주1회 샤워도움)

*임금지급형태 : 시급(10,320원) + 주휴수당 등 = 13,200원

* 실제 서비스 제공기간에 따라 임금을 계산하여 지급하는 형태로 채용시 근로자마다 주 소정근로시간이나 임금,근무(예정)지 등에 차이가 있을 수 있음",퇴직금,고용보험 산재보험 건강보험 국민연금,2026-07-27,,5.0,5.0,18.0,7.4,20.0,7.0,62.4,C
H954202607271658,현대홈노인복지지원센터,[홍제동] 요양보호사 구인,재가 간병인,무관,관계없음,상용직(시간제),시급 / 13000원 ,서울 서대문구.,,(근무시간) (오후) 4시 00분 ~ (오후) 7시 00분,주5일근무,15,마감일 (2026-09-26),방문   ,기타   ,02-330-1485,노인요양보호,"- 홍제동 5등급 할머니
- 근로시간 16:00~19:00
- 주5일",퇴직금,고용보험 산재보험 건강보험 국민연금,2026-07-27,,5.0,5.0,18.0,7.4,20.0,7.0,62.4,C
H954202607271651,청춘재활노인복지센터,"5등급 할머니어르신 재가요양보호사 구합니다.(삼숭동, TS푸른솔3차)",재가 간병인,무관,관계없음,상용직(시간제),시급 / 10320원 ,경기 양주시,,월~금 : 15:00 ~ 18:00 (3시간)/주5일근무,주5일근무,15,마감일 (2026-09-26),방문   ,이력서   ,031-849-2340,주야간보호 방문요양,"1. 업 체 명 : 케어인청춘재활노인복지옥정센터
2. 모집직종 : 재가요양보호사 1명 (대상자: 5등급 할머니어르신/아드님 케어시간에는 외출)
                  ** 치매교육 이수 필수,일상생활지원 및 신체활동보조
3. 근무주소 : 양주시 삼숭동 TS푸른솔3차
4. 근무시간 : 월~금 : 15:00 ~ 18:00 (3시간)/주5일근무
5. 요양보호사자격증 (필수)
6. 급여 : 시급 13,100원(수당포함)
8. 접수방법 : 전화통화 및 방문 접수",퇴직금,고용보험 산재보험 건강보험 국민연금,2026-07-27,,11.5,5.0,18.0,7.4,20.0,7.0,68.9,C
H954202607271644,안토(ANTO)재가복지센터,[4등급/16:30~19:30/격주토/하남시 신장동] 재가요양보호사 모집,재가 간병인,무관,관계없음,상용직(시간제),시급 / 10320원 ,경기 하남시489,,(근무시간) (오후) 4시 30분 ~ (오후) 7시 30분,주5일근무,15,마감일 (2026-09-26),방문   ,이력서   ,031-730-7003,요양보호사 재가로 파견하는 업무,"* 4등급 할아버지/독거
-화장실이동가능/ 음식지원
-근무시간 오후4:30~7:30 (격주 토요일 근무)
-시급 10,320원(포괄시급 13,200원)",퇴직금,고용보험 산재보험 건강보험 국민연금,2026-07-27,,6.5,5.0,18.0,7.4,20.0,7.0,63.9,C
H954202607271623,현대홈노인복지지원센터,[홍은동] 요양보호사 구인,재가 간병인,무관,관계없음,상용직(시간제),시급 / 13000원 ,서울 서대문구.,,(근무시간) (오전) 9시 00분 ~ (정오) 12시 00분,주5일근무,15,마감일 (2026-09-26),방문   ,기타   ,02-330-1460,노인요양보호,"- 홍은동 4등급 할아버지 재가요양
- 9시~12시/주5일
- 일상생활지원",퇴직금,고용보험 산재보험 건강보험 국민연금,2026-07-27,,6.5,5.0,18.0,7.4,20.0,7.0,63.9,C
H954202607271021,(주)에스이티,"삼성 반도체장비 AS 엔지니어, SETUP 엔지니어 신입채용",전자공학 기술자 및 연구원,신입,관계없음,상용직,최소연봉 / 3000만원 ,경기 오산시,,(근무시간) (오전) 8시 00분 ~ (오후) 5시 00분,주5일근무,40,마감일 (2026-09-26),고용24 입사지원   ,이력서 자기소개서  ,031-8024-9831,반도체 장비 이설 및 부품 제조,"업무 : 삼성 라인내 작업(방진복 착용)
장비 : Applied Materials, Lam Reserarch/AMAT, LAM
부서 : 기술부1팀, 기술부2팀
복지 : 식대별도, 체력훈련비, 생일축하금, 연월차 자유
내용 : 2개 부서에서 채용중
특이사항 : 본사-오산, 근무지-평택 삼성, 기숙사 제공(근무지 바로 앞)

* 기술부1팀 - 장비 setup, 해체, 이설, 도킹 엔지니어
   1.  삼성 화성 캠퍼스 현장
   2. 삼성 캠퍼스 라인내 반도체 장비의 해체 및 이설, 도킹 업무

* 기술부2팀 - 장비 AS엔지니어
   1.  삼성 평택 캠퍼스 현장
   2. 업무 :  설비 공정 진행 중 발생하는 복합적인 Error Trace
                 설비 유지 보수",퇴직연금,고용보험 산재보험 건강보험 국민연금,2026-07-27,,11.5,6.2,20.0,7.4,20.0,7.0,72.1,B
H954202607271625,부모사랑 재가복지센터,요양보호사님 모셔요,재가 간병인,무관,관계없음,상용직(시간제),시급 / 10320원 ,경기 수원시,,(근무시간) (오전) 9시 00분 ~ (정오) 12시 00분,주5일근무,15,마감일 (2026-09-26),고용24 입사지원   ,기타   ,031-231-7977,방문요양,"4등급 여자어르신

점심식사도움 및 일상생활 도움 필요

근무시간:오전 09:00~12:00
총시급:13,000(기본급:10,320+ 연차수당2,064 + 보전수당616)",퇴직금,고용보험 산재보험 건강보험 국민연금,2026-07-27,,5.0,5.0,18.0,7.4,20.0,7.0,62.4,C
H954202607271578,새하늘 노인복지센터,재가요양보호사 구인(서구 공촌동),재가 간병인,무관,관계없음,상용직(시간제),시급 / 10320원 ,인천 서해구..,,(근무시간) (오전) 8시 30분 ~ (오전) 11시 30분,주5일근무,15,마감일 (2026-09-26),방문 고용24 입사지원 기타 ,기타   ,070-5067-0332,방문요양서비스 제공,"-4등급 할머니(독거)
-근무시간 08:30~11:30(주 5일)
-시급 10,320+기타 수당=13,000원",퇴직금,고용보험 산재보험 건강보험 국민연금,2026-07-27,,5.0,6.2,18.0,7.4,20.0,7.0,63.6,C
H954202607271524,선 재가복지센터,* 방학동/ 4등급 어르신  요양보호사 구인  ,재가 간병인,무관,관계없음,상용직(시간제),시급 / 10320원 - 면접 후 협의가능 ,서울 도봉구,,(근무시간) (오후) 1시 30분 ~ (오후) 4시 30분,주5일근무,15,마감일 (2026-09-26),방문 기타  ,이력서 기타  ,02-2091-3482,방문요양," * 4등급 여어르신 / 배우자 - 직장다님
 * 신체활동, 가사 및 일상생활지원 등 업무
 * 13:30~16:30, 주5일, 일3시간
 * 급여 : 10,320원 , (주휴수당 포함시 13,200원)
 * 방학동 신동아 아파트 

 * 채용담당자 010-7977-7892 / 02-6956-2292",퇴직금,   ,2026-07-27,,9.5,5.0,18.0,5.0,20.0,7.0,64.5,C
H954202607271522,한나재가복지센터,능평동 5등급 남자어르신 케어해주실 요양보호사님을 모십니다,재가 간병인,무관,관계없음,상용직(시간제),시급 / 10320원 ,경기 광주시반석그린 ,,(근무시간) (오전) 9시 00분 ~ (정오) 12시 00분,주5일근무,15,마감일 (2026-09-26),방문 고용24 입사지원  ,이력서   ,031-799-2754,"방문요양, 방문목욕","책임감 있고 상냥하신 요양보호사 선생님 모십니다.

* 위   치 : 경기도 광주시 능평동 오포베르빌아파트 주변
* 대상자 : 5등급 남자 어르신 (독거)
* 직   무 :  인지활동 및 일상생활 지원
* 근   무 : 주 5일 (09:00 ~ 12:00) 시간 조정 가능
* 시   급 : 13,100원 (시급 + 주휴수당 및 기타수당)
* 자   격 : 요양보호사 자격증.  치매교육이수자

 (실제 서비스 제공 기간에 따라 임금을 계산하여 지급하는 형태로,  근로자 및 상황에 따라 소정 근로 시간이나 임금 등에 차이가 있을 수 있음]",퇴직금,고용보험 산재보험 건강보험 국민연금,2026-07-27,,13.0,5.0,18.0,7.4,20.0,7.0,70.4,B
H954202607271948,라온재가복지센터,[구산동]요양보호사 구인,요양 보호사 및 간병인,무관,관계없음,상용직(시간제),시급 / 13300원 ,서울 은평구.,,(근무시간) (오후) 1시 30분 ~ (오후) 4시 30분,주5일근무,15,마감일 (2026-09-26),기타   ,기타   ,070-5080-4591,재가방문요양,"-대상: 4등급
-내용: 식사준비, 몸씻기도움, 가사도움, 말벗,병원(산책)동행 시 부축도음
-시간: 13:30~16:30/주5
-급여: 시급 13,300원
-근무지: 은평구 갈현로16길",퇴직금,고용보험 산재보험 건강보험 국민연금,2026-07-27,,5.0,5.0,18.0,7.4,20.0,7.0,62.4,C
H954202607271771,돌봄재가복지센터,[중곡동/5등급/여자/오전] 재가 요양보호사 채용,재가 간병인,무관,관계없음,계약직(시간제),시급 / 10320원 ,서울 광진구,,(근무시간) (오전) 9시 00분 ~ (정오) 12시 00분,주5일근무,15,마감일 (2026-09-26),방문 기타  ,자기소개서 기타  ,02-450-1419,방문요양서비스,"* 5등급 여자어르신(51년생) 케어/거동가능/독거
* 인지활동프로그램 진행(치매교육이수증 또는 지원자격 필수)
* 말벗/병원동행_지팡이 사용(또는 택시이용)
* 점심식사 준비/청소, 세탁 등 일상생활지원",퇴직연금,고용보험 산재보험 건강보험 국민연금,2026-07-27,,6.5,5.0,18.0,7.4,20.0,7.0,63.9,C
H954202607271484,선 재가복지센터,"*1등급 할아버지 / 강북청소년 문화정보도서관 인근 / 09:00~13:00, 주6일 ",요양 보호사 및 간병인,무관,관계없음,상용직(시간제),시급 / 10320원 - 면접 후 협의가능 ,서울 강북구.,,(근무시간) (오전) 9시 00분 ~ (오후) 1시 00분,주6일근무,24,마감일 (2026-09-26),방문 기타  ,기타   ,02-2091-3484,방문요양," * 1등급 할아버지 
 * 강북청소년 문화정보도서관 인근 , 배우자 함께 거주 
 * 업무내용 : 신체활동, 일상생활지원, 가사지원  등 
 * 거동불가, 기저귀케어, 침상목욕 주1회~2회
 * 근무시간 09:00~13:00, 주6일 하루 4시간 
 * 시급 10,320원(수당 포함 시 13,200원)  + 중증수당 별도 (6,000원/일)

 * 채용담당자 010-7977-7892 / 02-6956-2292",퇴직금,   ,2026-07-27,,14.5,5.0,18.0,5.0,20.0,7.0,69.5,C
H954202607270632,(주)금산엔지니어링,NCT오퍼레이터/절곡/레이저 근로자 채용합니다. ,금속 공작기계 조작원,무관,관계없음,상용직,월급 / 216만원 - 면접 후 협의가능 ,경기 포천시-,,(근무시간) (오전) 8시 30분 ~ (오후) 5시 30분,주5일근무,40,마감일 (2026-09-26),고용24 입사지원   ,이력서   ,031-828-0921,광.전자통신기기 케이스,"포천시 용정공단에 위치하고 있으며, 대표적으로 통신장비케이스 및 금속제울타리 등을 제작, 정밀부품을 생산하고 있습니다.

[담당업무]
NCT 및 레이저 절단기 운영 및 관리, 절곡 기계의 조작 및 유지보수 수행, 설비 점검 및 관리, 생산계획에 따라 작업 수행

[자격요건]
경력무관, 학력무관 (신입/초보자 가능)

[우대사항]
장애인복지카드 소지자 우대, 관련자격증 소지자 우대, 경력자 우대

[근무시간 및 형태]
오전 08시 30분-오후 05시 30분 / 휴게시간(10:30-10:40 / 15:30-15:40), 점심시간 별도(60분)

[급여조건]
회사내규에 따름, 협의가능 (면접 후 결정가능)

[장애인채용희망여부]
""희망""


***경력자는 임금 별도 협의 입니다***",퇴직연금,고용보험 산재보험 건강보험 국민연금,2026-07-27,,16.0,5.0,20.0,7.4,20.0,7.0,75.4,B
H954202607271215,안산제일요양원,간호조무사 구인,간호조무사,무관,관계없음,상용직,월급 / 220만원 - 면접 후 협의가능 ,경기 안산시안산제일요양원,,(근무시간) (오전) 9시 00분 ~ (오후) 6시 00분,주5일근무,40,마감일 (2026-09-26),방문 팩스  ,이력서   ,031-481-5680,노인복지시설,"케어포 작성, 병원 동행, 전체 간호 업무",퇴직금,고용보험 산재보험 건강보험 국민연금,2026-07-27,,6.5,5.0,20.0,7.4,20.0,7.0,65.9,C
H954202607270939,부모요양원,부모요양원 간호조무사 구인,간호조무사,무관,관계없음,상용직,월급 / 216만원 ,경기 안성시,,(근무시간) (오전) 9시 00분 ~ (오후) 6시 00분,주5일근무,40,마감일 (2026-09-26),방문 고용24 입사지원 기타 ,이력서 자기소개서 경력증명서 ,031-686-1716,노인요양,"[보건>의료기술지원>요양지원]
물품전달
검체물 전달하기,부소독물 전달하기,서류 전달하기,소독물 전달하기,약품 전달하기

[보건>보건지원>보건교육]
보건교육 평가
보건교육 평가 방법 선정하기,보건교육 평가지표 개발하기,보건교육 평가하기,보건교육평가결과 피드백하기

[보건>의료기술지원>요양지원]
사고예방지원
대상자 관찰하기,상황별 보고하기,주변상황 관찰하기

[보건>의료기술지원>요양지원]
진료지원보조
고객안내하기,의료기기 안전관리 결과서 작성하기,의료기기 안전관리 점검하기,정리정돈하기,진료준비하기

간호업무와 행정업무",퇴직금,고용보험 산재보험 건강보험 국민연금,2026-07-27,,17.5,5.0,20.0,7.4,20.0,7.0,76.9,B
H954202607271418,주식회사 해광,[파주 동패동] 파주운정한울마을5단지아파트 내부미화원 모집,"건물 청소원(공공건물,아파트,사무실,병원,상가,공장 등)",무관,관계없음,계약직,월급 / 161만원 ,경기 파주시파주운정한울마을5단지아파트,,(근무시간) (오전) 9시 00분 ~ (오후) 4시 00분,주5일근무,30,마감일 (2026-09-26),기타   ,이력서   ,031-231-7801,.,"파주운정한울마을5단지아파트 내부미화원 모집

아파트 청소(계단,복도,엘리베이터)

근무시간 평일 09:00 ~ 16:00 (6시간 근무, 1시간 휴게시간) , 토요일 근무없음

급여 1,614,360원",퇴직금,고용보험 산재보험 건강보험 국민연금,2026-07-27,,5.0,5.0,20.0,7.4,20.0,7.0,64.4,C
H954202607270496,자양방문요양센터,[자양동/5등급/여자/오후] 재가 요양보호사 채용,재가 간병인,무관,관계없음,계약직(시간제),시급 / 10320원 ,서울 성동구성수동성당 인근,,(근무시간) (오후) 1시 00분 ~ (오후) 4시 00분,주5일근무,15,마감일 (2026-09-26),방문 기타  ,기타   ,02-450-1419,방문요양서비스,"* 5등급 여자어르신(34년생) 케어/거동가능/독거
* 인지활동프로그램 진행(치매교육이수증 또는 지원자격 필수)
* 말벗/병원동행/점심식사 차려드리기/방 청소, 세탁 등 일상생활지원
* 오후1시 또는 2시 출근시간 협의",퇴직연금,고용보험 산재보험 건강보험 국민연금,2026-07-27,,6.5,5.0,18.0,7.4,20.0,7.0,63.9,C
H954202607271893,(주)씨에이치케이,(주)씨에이치케이 - 의료기기 영업 관리 신입사원 모집 [정규직],생산·품질 사무원 및 관리원(그 외 분야),신입,관계없음,상용직,최소연봉 / 3120만원 ,서울 서초구정원빌딩 2층,,(근무시간) (오전) 9시 00분 ~ (오후) 6시 00분,주5일근무,40,마감일 (2026-09-26),고용24 입사지원   ,이력서 자기소개서  ,02-580-4920,수입의료기기 도소매,"- 의료기기 발주 및 구매관리
- 재고관리
- 병원 의료기기 납품 및 대리점 택배 발송

- 신입 
- 필수 : 운전면허 소지자 및 운전 가능자  (회사 차량 및 주유비 지원)
- 우대사항 : 인근 거주, 1종 보통운전면허",퇴직금,고용보험 산재보험 건강보험 국민연금,2026-07-27,,8.0,5.0,20.0,7.4,20.0,7.0,67.4,C
H954202607271819,여의도노인복지센터,재가요양보호사 모집 - 여의도 미성아파트/4등급/남,재가 간병인,무관,관계없음,상용직,시급 / 10320원 ,서울 영등포구5호선 여의도역 근처,, 08:00~11:00/주5일,주5일근무,0,마감일 (2026-09-26),기타   ,기타   ,02-2670-3798,"방문요양, 방문목욕","[재가요양보호사 모집] 

직무: 4등급 남자어르신 돌봄 
- 92세 어르신, 혼자 거동가능 
- 가사도움 및 일상생활 지원/산책없음

근무시간: 08:00~11:00/주5일
시급: 10,320원 ( + 주휴수당 2,064원 + 연차수당 594 + 기타수당 22원 + 처우개선비 100원 )

* 전화지원 010-8396-3577 (김영순 센터장)",퇴직연금,고용보험 산재보험 건강보험 국민연금,2026-07-27,,6.5,5.0,18.0,7.4,20.0,9.0,65.9,C
H954202607271699,경기방문간호센터,1등급 할아버님 재가요양보호사 구인,요양 보호사 및 간병인,무관,관계없음,상용직(시간제),시급 / 10320원 ,경기 의왕시,,"주5일, 10:00~13:00",주5일근무,15,마감일 (2026-09-26),방문   ,이력서   ,031-345-2466,.,"○ 1등급 할아버님 케어
○ 목관, 뱃줄, 기저귀 케어등 신체케어 지원 도움
○ 주5일, 10:00~13:00
○ 시급 10,320 + 제수당 = 13,000원
○ 가족휴가제도 가능함",퇴직금,고용보험 산재보험 건강보험 국민연금,2026-07-27,,6.5,5.0,18.0,7.4,20.0,7.0,63.9,C
H954202607271465,성실노인복지센터,[은평구 구산동] 4등급 남자어르신 댁에서 근무하실 요양보호사 선생님을 모집합니다.,재가 간병인,무관,관계없음,상용직,시급 / 10320원 ,서울 은평구3,,(근무시간) (오전) 9시 00분 ~ (정오) 12시 00분,주5일근무,,마감일 (2026-09-26),기타   ,기타   ,02-2077-6071,방문요양,"안녕하세요 서울 은평구 구산동에 거주하고 계시는 

4등급 남자 어르신(41년생) 댁에서 근무하실 요양보호사 선생님을 모집합니다.

배우자분과 아파트에서 생활하고 계시며 주 5회 방문 요양 서비스를 받고 싶어 하십니다.

근무시간은 오전 9시부터 12시까지 이며 

주로 신체 활동,정서 지원,가사 일상생활 등의 서비스를 희망하십니다.

시급은 주휴수당과 연차수당을 포함하여 13,100원입니다.

희망하시는 요양보호사 선생님께서는 연락 부탁드립니다.",퇴직연금,고용보험 산재보험 건강보험 국민연금,2026-07-27,,11.5,5.0,18.0,7.4,16.0,7.0,64.9,C
H954202607270896,가족사랑 간호와요양,"재가 요양보호사 - 독산동, 3등급 여, 10:00~13:00, 주5일",재가 간병인,무관,관계없음,상용직,시급 / 10320원 ,서울 금천구,,(근무시간) (오전) 10시 00분 ~ (오후) 1시 00분,주5일근무,0,마감일 (2026-09-26),방문   ,기타   ,02-2627-1919,"재가방문요양, 방문간호","○ 3등급 여

○ 기본 시급 10,320원 + 주휴수당 + 연차수당 + 기타수당 = 시급 13,200원",퇴직연금,고용보험 산재보험 건강보험 국민연금,2026-07-27,,5.0,5.0,18.0,7.4,20.0,7.0,62.4,C
H954202607270830,다사랑재가복지센터,[홍익동/4등급 할아버지/09:00-12:00/주5일] 재가 요양보호사 구인,재가 간병인,무관,관계없음,상용직,시급 / 10320원 ,서울 성동구.,,(근무시간) (오전) 9시 00분 ~ (정오) 12시 00분,주5일근무,,마감일 (2026-09-26),고용24 입사지원   ,기타   ,02-2286-5409,"방문요양, 방문목욕","식단 준비, 외출 동행 없음.

근무시간 : 09:00-12:00, 주 5일, 월 24회(토요일 격주)",퇴직연금,고용보험 산재보험 건강보험 국민연금,2026-07-27,,5.0,5.0,18.0,7.4,16.0,7.0,58.4,C
H954202607270700,의료법인 신안의료재단 연세요양병원,요양병원 보건의료정보관리사(구 의무기록사) 모십니다.,의무기록사,무관,관계없음,상용직,월급 / 230만원 ,경기 양주시연세요양병원,,(근무시간) (오전) 8시 00분 ~ (오후) 5시 00분,주5일근무,40,마감일 (2026-09-26),방문 우편 고용24 입사지원 ,이력서   ,031-849-2332,요양병원,"원무행정, 청구 보조
의무기록 관리
(EMR 전산 프로그램 사용)",퇴직금,고용보험 산재보험 건강보험 국민연금,2026-07-27,,6.5,5.0,20.0,7.4,20.0,7.0,65.9,C
H954202607270458,하음복지센터,[채용대행]4등급 할머니  요양보호사 채용 ,재가 간병인,무관,관계없음,상용직,시급 / 10320원 ,경기 시흥시,,(근무시간) (오후) 1시 00분 ~ (오후) 4시 00분,주5일근무,0,마감일 (2026-09-26),방문 고용24 입사지원  ,기타   ,031-310-6287,"방문요양, 방문목욕 몸이 불편한 어르신들을 돕는일","- 4등급 할머니 요양보호업무 (병원동행/산책/가사등)   
- 주5일(월~금)  / 오후1~4시 (시간변경어려움)
- 시급10,320원 ( +기타 제수당 추가 )
  (*어르신 화투놀이를 좋아하셔서 함께해주시길 희망함)",퇴직연금,고용보험 산재보험 건강보험 국민연금,2026-07-27,,6.5,5.0,18.0,7.4,20.0,7.0,63.9,C
H954202607270421,울타리재가노인복지센터,"[관악중학교 인근] 4등급 여자어르신 오전 9:00~12:00, 주5일",재가 간병인,무관,관계없음,상용직,시급 / 10320원 ,서울 관악구3차 301동 ,,09:00~12:00 / 주5일,주5일근무,0,마감일 (2026-09-26),방문 기타  ,기타   ,02-879-5775,요양,"[관악중학교 인근] 4등급 여자어르신(86세, 거동가능)

- 직무: 4등급 여자어르신 돌봄 - 가사지원 및 일상생활 등
- 근무시간: 09:00~12:00 / 주5일
- 시급: 13,500원

*전화지원 010-3334-0083",퇴직연금,고용보험 산재보험 건강보험 국민연금,2026-07-27,,6.5,5.0,18.0,7.4,20.0,7.0,63.9,C
H954202607270583,(주)탐스,[이천] 회사 리셉션 담당자,데스크 안내원,경력,관계없음,계약직,월급 / 274만원 ,경기 이천시에스타워 2층 KLA,,(근무시간) (오전) 9시 00분 ~ (오후) 6시 00분,주5일근무,40,마감일 (2026-09-26),팩스 고용24 입사지원  ,이력서 자기소개서  ,031-231-7908,건물유지관리업,"◆ 업무:  회사 안내데스크 담당자
  * 안내데스크 운영 및 고객응대
  * 기타 안내테스크 관련업무
◆ 근무지 : 경기도 이천시 부악로20, 에스타워
◆ 근무시간 : 09:00~18:00 (주 5일)(8시간)
◆ 급여: 월2,738,000 원",퇴직연금,고용보험 산재보험 건강보험 국민연금,2026-07-27,,9.5,5.0,20.0,7.4,20.0,7.0,68.9,C
H954202607270395,사회복지법인평안밀알복지재단,사회복지법인 평안밀알복지재단 주간활동서비스 제공인력 채용(제2026-02호) 공고,사회복지사(사회복지시설),무관,관계없음,계약직,월급 / 228만원 ,경기 평택시평안밀알복지재단 2층,,(근무시간) (오전) 9시 00분 ~ (오후) 6시 00분,주5일근무,40,마감일 (2026-09-26),   ,이력서 자기소개서 졸업증명서 경력증명서,031-646-1269,장애인복지,"*주간활동서비스 제공인력*
- 3인그룹 또는 1인집중지원 이용인 케어
- 주간활동서비스 프로그램 계획 및 진행
- 행정업무(관찰일지, 활동일지 등 주간활동서비스 관련 문서)
- 보호자 상담",퇴직연금,고용보험 산재보험 건강보험 국민연금,2026-07-27,,8.0,5.0,20.0,7.4,20.0,4.0,64.4,C
H954202607270474,(주)엠원소프트,KT부가서비스 인바운드 상담원 채용,콜센터 상담원(콜센터·고객센터·CS센터),무관,관계없음,계약직,월급 / 250만원 ,서울 종로구215호,,(근무시간) (오전) 9시 00분 ~ (오후) 6시 00분,주5일근무,40,마감일 (2026-09-26),고용24 입사지원   ,이력서 자기소개서  ,02-2004-7021,"고객센터운용, 시스템 개발","KT부가서비스 인바운드 상담
고객 문의 내용 상담, 상품 안내, 변경 등
 - 월급2,500,000(세전) (상여200%)
 - 경력 관계 없음 (단, 엑셀 사용 가능하신 분 우대)
 - 장기근속 가능한 분(장기근속 포상)
 - 중식제공
 - 3개월 수습기간 동안 체계적인 실무 교육 (급여는 변동 없음)
 - 4대보험가입됨
 - 고용24 지원이나 이메일지원하면 면접자는 개별통보합니다
   이메일: shyunjig@hanmail.net
 - 문의: 02-3461-0815",퇴직금,고용보험 산재보험 건강보험 국민연금,2026-07-27,,11.5,5.0,20.0,7.4,20.0,7.0,70.9,B
H954202607270686,(주)한미기술,운전직(인천공항),승합차 운전원,무관,관계없음,계약직,월급 / 310만원 ,인천 영종구,,"-06:30~13:30
-13:30~20:30
-20:30~06:30
-월 4회~5회 야근, 순번 근무",주5일근무,40,마감일 (2026-09-26),고용24 입사지원   ,이력서 기타  ,032-746-6926,시설물 유지관리,"-승합차 운전
-공항내에서 항공정비사 이동 시켜주는 업무",퇴직연금,고용보험 산재보험 건강보험 국민연금,2026-07-27,,6.5,5.0,20.0,7.4,20.0,7.0,65.9,C
H954202607271807,미소방문요양센터,[도봉구 방학동] 5등급 여어르신 주5일 오후케어.,재가 간병인,경력,관계없음,상용직(시간제),시급 / 10320원 ,서울 도봉구대원그린아파트,,(근무시간) (오후) 1시 00분 ~ (오후) 4시 00분,주5일근무,15,마감일 (2026-09-26),기타   ,기타   ,02-2091-2923,노인재가복지시설(방문요양센터),"대상 : 5등급 여어르신 (독거)
위치 : 방학동성당 맞은편 대원그린아파트 
시간 : 주5일 오후 13~16시
업무 : 인지활동, 일상생활함께하기, 복약도움 등
포괄시급 : 13,500원 + 교통비 3만원

* 공단 치매교육 이수하신분만 지원가능합니다.
* 사대보험 취득됩니다.


- 어르신께 늘 상냥하고 존대어 필수사용.
- 인근거주자, 경력자 우대.
- 1년이내 건강검진 하신 분.
- 바로 근무가능함.

미소방문요양센터",퇴직금,고용보험 산재보험 건강보험 국민연금,2026-07-27,,13.0,5.0,18.0,7.4,20.0,7.0,70.4,B
H954202607271776,효사랑방재가센터,경기 고양시 덕양구 통일로 관산동 신성아파트 사시는 4등급 여성어르신 요양보호사 구인합니다.,재가 간병인,경력,관계없음,상용직(시간제),시급 / 10320원 ,경기 고양시,,(근무시간) (오전) 10시 00분 ~ (오후) 1시 00분,주5일근무,15,마감일 (2026-09-26),방문 고용24 입사지원 기타 ,기타   ,031-920-3932,재가복지센터,"경기 고양시 덕양구 통일로 관산동 신성아파트 사시는 4등급 여성어르신 요양보호사 구인합니다.
근무시간은 오전 10시부터 13시 3시간이며 청소, 식사, 산책 등 도와주시면 됩니다.
친절하시고 상냥하신분 우대합니다.
대표전화로 연락주세요.
기본시급 + 주휴수당 및 기타수당  = 13,000",퇴직금,고용보험 산재보험 건강보험 국민연금,2026-07-27,,5.0,5.0,18.0,7.4,20.0,7.0,62.4,C
H954202607271447,송파방문요양센터,[거여동]4등급 할머니 1시~4시(주5일) 재가요양보호사 구인,재가 간병인,경력,관계없음,상용직(시간제),시급 / 10320원 ,서울 송파구,,(근무시간) (오후) 1시 00분 ~ (오후) 4시 00분,주5일근무,15,마감일 (2026-09-26),기타   ,기타   ,02-2147-3683,방문요양,"4등급 할머니 거여동 이편한 송파파크센트럴

거동가능하시고 인지양호하심

식사준비 어르신방 정리 및 말벗 산책도움

주5일 근무 화~토

근무시간 오후1시~오후4시

02-418-0746 전화로 지원해주세요",퇴직금,고용보험 산재보험 건강보험 국민연금,2026-07-27,,6.5,5.0,18.0,7.4,20.0,7.0,63.9,C
H954202607271916,중앙요양원,경력직 물리치료사 채용 공고,물리치료사,경력,관계없음,상용직,월급 / 280만원 ,경기 수원시,,"(근무시간) (오전) 9시 00분 ~ (오후) 6시 00분
토요일 격주근무",주5일근무,40,마감일 (2026-09-26),고용24 입사지원   ,이력서 자기소개서  ,031-231-7908,"간호서비스,재활서비스,생활서비스,영양서비스","ㆍ필수: 물리치료사면허증
 ㆍ경력 우대사항
   - 요양시설 경력자 우대, 장기요양평가 및 엔젤시스템 사용 가능자 우대
 -사회복지사업법, 노인복지법에 따라 종사자 결격사유에 해당하지 않는 자
-----------------------------------------------------------------
기타
▣ 근무형태 및 복리후생
- 주5일근무(격주토요일근무/평일휴무) - 4대보험 - 퇴직연금 운영 - 생일 축하금 - 경조사-명절겨려금 각100
▣ 기타 : 수습기간 3개월 있음.          (수습기간 평가를 통해 본채용 여부를 결정할 수 있음)
▣ 제출서류 및 전형방법
○ 제출서류
1) 이력서( 학교명, 종교, 추천인, 주민등록번호, 출신지역, 혼인여부 미기재) 1부.
2) 자기소개서 1부.
▣ 기타사항
가. 입사지원서 등 관련서류 작성시 기간산정은 공고일을 기준으로 함.
나. 제출된 서류는 요청시 반환되며, 채용/미채용 확정시 파기됩니다. 입사지원서상의 허위기재, 기재착오, 연락불능 등에 의한 불이익은 모두 지원자의 책임으로 함.
다. 입사지원서나 각종 증명서의 기재내용이 사실과 다르거나 채용에 관한 규정을 위반할 경우 채용은 정지 또는 무효 처리되며, 합격 후에도 임용이 취소됨.
라. 적격자가 없을 경우 선발하지 않을 수 있으며, 합격자 통지 후라도 부적합한 결격사유가 있을 경우 합격이 취소될 수 있음.
마. 기타 문의사항은 담당자에게 문의바랍니다. (☎ 031-291-2166/사무국장)",퇴직연금,고용보험 산재보험 건강보험 국민연금,2026-07-27,,19.0,6.2,20.0,7.4,20.0,7.0,79.6,B
H954202607271920,진아로지스틱스(주),보세창고 물류사무원(입출고 및 전산업무) 모집,,경력,관계없음,상용직,최소연봉 / 3000만원 ,인천 제물포구진아로지스틱스(주)아암물류,,"- 평일 8:30~18:00 (점심 12:00~13:00 / 간식 16:00~16:30)
- 토요일 8:00~12:00 (격주 근무",주5일근무,40,마감일 (2026-09-26),고용24 입사지원   ,이력서   ,032-460-4837,보통창고업,"< 담당업무 > 
- 보세물품 입,출고 및 재고 관리
- 화주 관리 및 화물기사 응대
- 세관 협력 및 관련 문서 관리
- 기타 사무 업무

< 자격요건 > 
- 학력 : 고졸이상
- 경력 : 보세창고 근무 최소1년 이상

< 우대사항 > 
- 영진프로그램 사용 유경험자
- 보세사 자격증 소지자

< 임금 > 
- 연봉 : 3000만원 전,후
- 신입,경력에 따른 증감,증가 협의

< 근무조건 > 
- 평일 8:30~18:00 (점심 12:00~13:00 / 간식 16:00~16:30)
- 토요일 8:00~12:00 (격주 근무 / 일요일 및 공휴일 휴무)

< 복리후생 > 
- 4대보험 및 퇴직연금 가입
- 월차,반차,연차 사용 및 점심,간식 제공

< 전형절차 > 
서류전형 → 임원면접 → 최종합격
* 면접일정은 서류전형 합격자에 한하여 개별 통보 됩니다.",퇴직연금,고용보험 산재보험 건강보험 국민연금,2026-07-27,,14.5,5.0,20.0,7.4,20.0,7.0,73.9,B
H954202607271260,으뜸어르신주야간보호센터,[구로4동/남구로시장 인근] 재가요양보호사 모집,재가 간병인,경력,관계없음,상용직(시간제),시급 / 10320원 ,서울 구로구,,13시~16시/토요일 격주 근무,주5일근무,17,마감일 (2026-09-26),방문 기타  ,이력서 기타  ,02-860-2500,재가노인복지센터,"[구로4동/남구로시장 인근]

- 대상자: 3등급 할머니, 지팡이 짚고, 거동가능, 외출시 휠체어 이용, 딸과 거주(낮엔 혼자 계심)
- 직무내용: 병원동행,신체지원, 가사 및 일상생활지원 등
- 근로시간 : 13:00~16:00 /주5~6일(토요일 격주 근무)
- 급여: 10,320원[포괄 시급 13,500원]",퇴직금,고용보험 산재보험 건강보험 국민연금,2026-07-27,,6.5,5.0,18.0,7.4,20.0,7.0,63.9,C
H954202607271440,참조은 데이케어센터,가양동 5단지 5등급 남자 어르신을 위한 요양보호사 모집,요양 보호사 및 간병인,무관,관계없음,상용직(시간제),시급 / 10320원 ,서울 강서구516동 8층,,(근무시간) (오전) 9시 00분 ~ (정오) 12시 00분,기타,3,마감일 (2026-09-26),우편   ,기타   ,02-2063-6725,노인요양 복지시설,"만76세 5등급 남자어르신 

인지 + 가사활동 함께하기 (청소, 취사, 세탁)  

10320 + 연차 주휴수당 

13000원",해당없음,고용보험 산재보험  ,2026-07-27,,5.0,5.0,18.0,6.2,15.0,7.0,56.2,C
H954202607270615,서브온 주식회사,2026년 하반기 서브온 콜센터 상담사 모집,콜센터 상담원(콜센터·고객센터·CS센터),무관,관계없음,계약직,월급 / 252만원 ,서울 서초구원진빌딩 402호,,(근무시간) (오전) 9시 00분 ~ (오후) 6시 00분,주5일근무,40,마감일 (2026-09-26),고용24 입사지원   ,이력서   ,02-2004-7343,"병원정보안내,예약 대행, 병원 동행 서비스 제공","- 서울시 1인가구 대상 병원동행 신청 접수를 필요로 하는 시민 응대
- 병원동행 신청 인바운드 콜 접수
- 근무기간은 26/12/31까지
- 순환근무제 (8시간 근무시간 대비 월 1회 순환 근무 07시~20시)",해당없음,고용보험 산재보험 건강보험 국민연금,2026-07-27,,5.0,6.2,20.0,6.2,20.0,7.0,64.4,C
H954202607270995,수영테크(주),레이저 가공 채용,레이저 절단원,무관,관계없음,상용직,최소연봉 / 4200만원 - 면접 후 협의가능 ,경기 시흥시시화공단 2바 706호(정왕동),,정규근무 7시20분~18시40분,주5일근무,40,마감일 (2026-09-26),방문 팩스 고용24 입사지원 ,이력서 경력증명서  ,031-496-1911,NCT 판금,"중국제 레이저 가공 경험자

정규근무 7시20분~18시40분
(급여 경력에 따라 협의)",퇴직연금,고용보험 산재보험 건강보험 국민연금,2026-07-27,,5.0,5.0,20.0,7.4,20.0,7.0,64.4,C
H954202607270620,동탄방문요양센터,오산동 4등급 74세 여 요양보호사님 구합니다.,재가 간병인,경력,관계없음,상용직,시급 / 10320원 ,경기 오산시2층,,(근무시간) (오후) 1시 00분 ~ (오후) 4시 00분,주5일근무,,마감일 (2026-09-26),기타   ,기타   ,031-231-7908,방문재가센터,"밝은 성격의 요양보호사님 모십니다. 

74세 4등급 여자어르신으로 직장다니는 딸과 함께 거주. 혼자계심. 

압박골절 후유증으로 화장실 사용이나 이동은 가능하나 오래 서있기 힘들어 함. 

기본적 개인위생, 식사, 말벗, 복약도움 및 일상생활 지원

병원갈때는 휠체어를 이용함. 
  
주3회 시작 후 어르신이 적응되면 주5회 이용. 

시급 10,320 + 주휴수당 + 연차수당 + 기타수당 = 13200원

근무시간 협의 가능 : 1시 시작, 2시 시작 가능

♣？전화？상담？후？면접",퇴직금,고용보험 산재보험 건강보험 국민연금,2026-07-27,,11.5,5.0,18.0,7.4,16.0,7.0,64.9,C
H954202607270824,세교노인복지센터,요양선생님 모집,요양 보호사 및 간병인,무관,관계없음,계약직(시간제),시급 / 10320원 ,경기 평택시101동,,(근무시간) (오전) 9시 00분 ~ (정오) 12시 00분,주5일근무,15,마감일 (2026-09-26),방문 고용24 입사지원 기타 ,기타   ,031-646-1229,"요양상담,등급신청,기타상담","요양보호
5등급 남자 어르신
가사 및 일상생활 지원",퇴직금,고용보험 산재보험 건강보험 국민연금,2026-07-27,,6.5,5.0,18.0,7.4,20.0,7.0,63.9,C
H954202607271951,가나안복지센터,[증산동]요양보호사(4등급),재가 간병인,신입,중학교,상용직(시간제),시급 / 13100원 ,서울 은평구.,,(근무시간) (오전) 10시 00분 ~ (오후) 1시 00분,주5일근무,15,마감일 (2026-09-26),방문   ,기타   ,070-5080-4591,방문요양 방문목욕,"-대상: 4등급 남 자 어르신
-내용: 신체활동지원, 정서지원,이동시부축도움, 점심식다도움, 말벗, 주변정리정돈
-시간: 10:00~13:00/주5
-급여:13,100원
-근무지: 은평구 증산로3길 5",퇴직금,고용보험 산재보험 건강보험 국민연금,2026-07-27,,6.5,5.0,18.0,7.4,20.0,7.0,63.9,C
H954202607271935,A+미소방문요양센터,(고덕동/4등급/오전)재가요양보호사 모집,재가 간병인,신입,관계없음,상용직(시간제),시급 / 10320원 ,서울 강동구고덕온빛채아파트 - 면접시 상세주소 안내예정,, 09:00~12:00(주5일),주5일근무,15,마감일 (2026-09-26),기타   ,기타   ,02-3425-5834,집안청소 및 정리정돈 어르신 목욕,"- 요양보호대상자: 4등급 할머님(84세, 배우자분과 함께 거주)
- 직무내용: 일상가사지원, 신체활동지원
- 장기요양급여 적용 근로시간 : 09:00~12:00(주5일)
- 장기요양급여 적용 시급: 시급 10,320원(주차 및 연차, 기타수당 충족시 시급 13,000원)
- 지원방법: 통화 후, 내방 (010-7503-5678)",퇴직금,고용보험 산재보험 건강보험 국민연금,2026-07-27,,6.5,5.0,18.0,7.4,20.0,7.0,63.9,C
H954202607271148,(주)케어링 방문요양센터 용인 처인점,성실한 요양보호사 선생님 모집 합니다. (보라동),재가 간병인,신입,관계없음,상용직(시간제),시급 / 10320원 ,경기 용인시,,(정오) 12시 00분~(오후) 3시 00분,주5일근무,15,마감일 (2026-09-26),방문 고용24 입사지원 기타 ,이력서 기타  ,031-289-2215,방문요양,"남자 어르신(4등급)혼자 거주
고관절수술로 인해 보행보조기의지해 거동
혼자화장실 이용가능
산책도움 .저녁식사도움 가사도움
근무 일정:월화수목토 
근무 시간: 12시00~15시00분


기타 수당 포함 13,000원",퇴직금,고용보험 산재보험 건강보험 국민연금,2026-07-27,,5.0,5.0,18.0,7.4,20.0,7.0,62.4,C
H954202607271057,돕는사랑,[ 화도읍 ]  3등급 할머님 재가요양보호사 구인,재가 간병인,신입,관계없음,상용직(시간제),시급 / 10320원 ,경기 남양주시.,,(근무시간) (오전) 9시 00분 ~ (정오) 12시 00분,주5일근무,15,마감일 (2026-09-26),방문   ,이력서   ,031-590-2346,방문요양,"- 3등급 할머님  일상생활지원 도움
- 주5일,  09~12시
- 시급 13,000원(10.320원+주휴,연차수당포함)
- 문의 010-6473-6230",퇴직금,고용보험 산재보험 건강보험 국민연금,2026-07-27,,6.5,5.0,18.0,7.4,20.0,7.0,63.9,C
H954202607271345,주식회사 라셋,테슬라 안성스토어 미화원 구인,"건물 청소원(공공건물,아파트,사무실,병원,상가,공장 등)",무관,관계없음,계약직,월급 / 100만원 ,경기 안성시안성스타필드 내 1층 테슬라 스토어,,(근무시간) (오전) 6시 30분 ~ (오전) 9시 30분,주5일근무,15,마감일 (2026-09-26),팩스 고용24 입사지원  ,이력서   ,02-3468-4834,시설물유지관리,"테슬라 안성 스토어 미화 업무

ㆍ 월,수,목,금,토 주5일 

   근무시간 6:30~09:30 


    월 급여 : 1,000,000원
    - 기본급 816,781원
    - 연차수당 48,219원
    - 식대보조비 135,000원

   08/13 오픈예정으로 그 전에 채용 및 업무 준비 필요",퇴직금,고용보험 산재보험 건강보험 국민연금,2026-07-27,,6.5,5.0,20.0,7.4,20.0,7.0,65.9,C
H954202607270392,가연복지센터,[ 별내동 ]  4등급 할머님 재가요양보호사 구인 ,재가 간병인,신입,관계없음,상용직(시간제),시급 / 10320원 ,경기 남양주시,,(근무시간) (오전) 9시 00분 ~ (오후) 1시 30분,주5일근무,15,마감일 (2026-09-26),방문 고용24 입사지원  ,이력서   ,031-590-2346,방문요양,"- 4등급 할머님 일상생활지원 도움
- 09~12시, 주5일
- 시급 13,000원(10,320원+연차,주휴수당포함) 
- 담당자: 010-9456-8676",퇴직금,고용보험 산재보험 건강보험 국민연금,2026-07-27,,8.0,5.0,18.0,7.4,20.0,7.0,65.4,C
H954202607270149,한우리지역아동센터,한우리지역아동센터 방과 후 돌봄교사 모집,방과후 교사 및 지도사,무관,관계없음,상용직(시간제),월급 / 108만원 ,경기 광주시,,(근무시간) (오후) 2시 00분 ~ (오후) 6시 00분,주5일근무,20,마감일 (2026-09-26),   ,이력서 자기소개서 졸업증명서 경력증명서,031-799-2753,지역아동센터,"1. 담당업무: 아동 지도
-지역아동센터 내에서의 아동 돌봄, 정서적 지원과 일상생활 지도
-아동의 등하원과 급간식 지도
-아동의 안전권리와 건강관리 지도
-업무분장에 따른 교사업무(프로그램 활동 보조지원)

2. 근무형태
-근무시간: 14:00-18:00(휴게시간 30분)
-하루 4시간, 주 5일 근무
3. 급여
-2026년 돌봄교사 인건비 가이드라인 적용
-4대보험 및 퇴직금 적용

4. 합격자 발표
-1차: 서류전형(이력서, 자기소개서)
-2차: 면접(서류전형 합격자에 한해 면접)
-3차: 최종합격자 발표(개별통지)",퇴직연금,고용보험 산재보험 건강보험 국민연금,2026-07-27,,16.0,5.0,20.0,7.4,20.0,4.0,72.4,B
H954202607270174,낙원재가복지센터,[ 다산동 ] 3등급 할아버님 재가요양보호사 구인,재가 간병인,신입,관계없음,상용직(시간제),시급 / 10320원 ,경기 남양주시,,(근무시간) (오전) 9시 00분 ~ (정오) 12시 00분,주5일근무,15,마감일 (2026-09-26),방문 기타  ,기타   ,031-590-2346,"방문요양, 방문목욕","- 3등급 할아버님 일상생활지원 도움
- 1회정도 기저귀 케어 있음
- 주5일, 09~12시 
- 시급 13,100원(10,320원+연차,주휴수당포함) 
- 담당자:010-6352-3841",퇴직금,고용보험 산재보험 건강보험 국민연금,2026-07-27,,8.0,5.0,18.0,7.4,20.0,7.0,65.4,C
H954202607270349,다함시설관리주식회사,스포츠윤리센터 런 온라인 교육 지원 업무 파견(상위기관 문화체육관광부),기타 사무원,무관,관계없음,계약직,월급 / 220만원 ,서울 마포구,,(근무시간) (오전) 9시 00분 ~ (오후) 6시 00분,주5일근무,40,마감일 (2026-09-26),고용24 입사지원   ,이력서 기타  ,02-2639-2303,"건물종합관리(시설관리), 시설경비업, 위생관리용역 등","* 담당 업무 
  - 전화 응대(회원가입, 교육신청등)
  - 오프라인 교육 신청서 점수 및 전문강사 매칭
  - 기타 교육사업 운영을 위한 행정
 * 근무부서 스포츠윤리센터 정책운영실(가치 확산팀)
 * 소재지 : 서울시 마포구 마포대로78",해당없음,고용보험 산재보험 건강보험 국민연금,2026-07-27,,9.5,5.0,20.0,6.2,20.0,7.0,67.7,C
H954202607270619,한덕판지공업(주),출하현장 및 사무 업무 담당자를 모집합니다.,행정사·문서대행자,무관,관계없음,상용직,최소연봉 / 3000만원 ,경기 시흥시,,(근무시간) (오전) 7시 30분 ~ (오후) 6시 30분,주5일근무,40,마감일 (2026-09-26),고용24 입사지원   ,이력서   ,031-496-1912,골판지 제조,"[모집직무]
출하, 행정 지원, 고객 관리

[직무소개]
1986년 설립된 골판지 제조 중소기업에서 골판지를 생산하고 중소기업 및 포장 업체에 납품을 하는 출하부에서 납품 관련 행정  업무를 담당합니다. 본 채용은 출하현장 업무 및 사무실 마감 등 필요한 업무를 수행하는 역할입니다.

[주요업무]
- 골판지 출하 및 운송 관리
- 출하 매출 마감 및 행정 업무
- 전화 및 이메일을 통한 고객 응대
- 사무실 업무 지원

[근로시간]
- 주5일 기본 40시간
- 아침 7:30분 ~ 18:30분까지 근무
- 사무실 야근 작업 거의 없음
- 기본 근무시간 8시간 외 연장 수당으로 지급

[기타사항]
-중식 구내식당 운용 (아침,저녘 X)",퇴직금,고용보험 산재보험 건강보험 국민연금,2026-07-27,,17.5,5.0,20.0,7.4,20.0,7.0,76.9,B
H954202607270017,우성시스템,컴퓨터 디자인 구인,행정사·문서대행자,무관,관계없음,상용직,월급 / 270만원 - 면접 후 협의가능 ,경기 시흥시,,(근무시간) (오전) 9시 00분 ~ (오후) 6시 00분,주5일근무,40,마감일 (2026-09-26),고용24 입사지원   ,이력서 자기소개서  ,031-496-1911,전기자동제어 & 아크릴가공 명판조각,"근무시간
 * 오전 7시 ~ 오후 6시 30분(근무시간 협의 가능)

업무내용
* 캐드, 일러, 코렐을 사용하여 디자인(현장에 기계 프로그램을 디자인하는 업무)
* (경력에 따라 급여 차등있습니다.)",퇴직금,고용보험 산재보험 건강보험 국민연금,2026-07-27,,6.5,5.0,20.0,7.4,20.0,7.0,65.9,C
H954202607271231,나라개발시스템주식회사,[ 복지카드소지 우대 ]퇴계원 강남 아파트 미화직 채용,"건물 청소원(공공건물,아파트,사무실,병원,상가,공장 등)",무관,관계없음,계약직,월급 / 135만원 ,경기 남양주시,,(근무시간) (오전) 9시 00분 ~ (오후) 3시 00분,주5일근무,24,마감일 (2026-09-26),방문 기타  ,이력서   ,02-2063-6757,아파트 소독 및  청소,"[ 퇴계원 강남 아파트 미화원 모집 ]

- 아파트 미화  업무

- 근무시간 : 월~금 ( 09:00~15:00 / 휴게 1시간 )
               
- 주 5일

- 급여: 월 1,345,320원

- 경기 남양주시 퇴계원면  도제원로 19 소재

***장애인 복지카드소지자 우대",퇴직금,고용보험 산재보험 건강보험 국민연금,2026-07-27,,6.5,5.0,20.0,7.4,20.0,7.0,65.9,C
H954202607271774,지극정성시니어케어복지센터,백현마을 4단지 4등급 여자어르신 요양보호사 구인,간병인(재가 제외),무관,관계없음,상용직(시간제),시급 / 10320원 ,경기 성남시,,오후 13시부터 근무,주5일근무,15,마감일 (2026-09-26),방문 고용24 입사지원  ,기타   ,031-560-1965,보건 및 복지행정,"4등급 여자어르신 가사활동지원
근무시간 오후13:00~16:00
시굽 :  13,200원",퇴직금,고용보험 산재보험 건강보험 국민연금,2026-07-27,,6.5,5.0,18.0,7.4,20.0,7.0,63.9,C
H954202607270814,세교노인복지센터,요양선생님 모집,요양 보호사 및 간병인,무관,관계없음,계약직(시간제),시급 / 10320원 ,경기 평택시,,(근무시간) (오전) 9시 00분 ~ (정오) 12시 00분,주6일근무,15,마감일 (2026-09-26),방문 고용24 입사지원 기타 ,기타   ,031-646-1229,"요양상담,등급신청,기타상담","방문요양

4등급 여자 어르신
가사 및  일상생활 지원",퇴직금,고용보험 산재보험 건강보험 국민연금,2026-07-27,,6.5,5.0,18.0,7.4,20.0,7.0,63.9,C
H954202607271257,비지팅엔젤스 원미심곡지점,약대동 방문 재가요양보호사구인,요양 보호사 및 간병인,무관,관계없음,상용직,시급 / 10320원 ,경기 부천시.,,"12:00~20:00  (토,일 격주로 근무)",기타,0,마감일 (2026-09-26),방문   ,기타   ,032-625-8434,방문요양,"- 3등급  할아버지 재가구인
- 주 2일(토,일)격주로 근무(월 4회근무)
- 12:00~18:00
- 13,000원(시급 + 제수당 포함)
-  신체,정서,가사 등 일상케어",퇴직연금,고용보험 산재보험 건강보험 국민연금,2026-07-27,,5.0,5.0,18.0,7.4,15.0,7.0,57.4,C
H954202607271653,(주)세원테크,MCT 엔지니어 경력직 채용,머시닝센터(MCT) 조작원,경력,관계없음,상용직,최소연봉 / 4000만원 ,경기 평택시,,(근무시간) (오전) 8시 30분 ~ (오후) 5시 30분,주5일근무,40,마감일 (2026-09-26),방문 우편 팩스 고용24 입사지원,이력서 자기소개서  ,031-646-1243,OLED장비 부품제작,MCT 엔지니어 경력자,퇴직연금,고용보험 산재보험 건강보험 국민연금,2026-07-27,,5.0,5.0,20.0,7.4,20.0,7.0,64.4,C
H954202607271168,(주) 인화비즈파트너스,[문정동] 송파테라타워 미화원 모집,"건물 청소원(공공건물,아파트,사무실,병원,상가,공장 등)",무관,관계없음,계약직,월급 / 200만원 ,서울 송파구테라타워1,," 07:00~15:00(휴게 11;00~12:0), 주5일/월200만원",주5일근무,35,마감일 (2026-09-26),기타   ,이력서   ,02-2147-3681,"부동산 종합관리업, 집합건물 관리업, 컴퓨터 주변기기 도매, 소매업 등","- 문정역3번 출구 앞 송파 테라타워 건물 내 화장실 및 주변 정리
- 월 200만원
- 근무시간: 07:00~15:00(휴게 11;00~12:0), 주5일/월200만원


* 통화(010-2742-7166) 후 면접 진행",퇴직금,고용보험 산재보험 건강보험 국민연금,2026-07-27,,5.0,5.0,20.0,7.4,20.0,7.0,64.4,C
H954202607271793,주식회사 언더어스,3PL 물류 회사에서 정규직 물류 관련 일을 찾으시나요?,,무관,관계없음,상용직,월급 / 270만원 ,경기 화성시1층,,(근무시간) (오전) 10시 00분 ~ (오후) 8시 00분,주5일근무,40,마감일 (2026-09-26),고용24 입사지원   ,이력서   ,031-231-7908,전자상거래,"[모집직무]
물류 사무원(물류 관리사), 하역·적재 종사원, 정기배달원(신문·음료 등)

[직무소개]
우리 회사는 물류 전문 3PL 기업입니다.  본 직무는 효율적인 물류 시스템 운영과 배송 서비스를 담당하는 중요한 역할을 수행합니다.

[주요업무]
- 재고 관리 및 물류 처리
- 출고 및 입고 업무
- 배송 일정 관리 및 운영
- 물류 관련 서류 작성 및 관리",퇴직금,고용보험 산재보험 건강보험 국민연금,2026-07-27,,20.5,5.0,20.0,7.4,20.0,7.0,79.9,B
H954202607271046,(주)쓰리에스전기통신,"단순한 공무 및 기본 서무, 회계사무실 전송할 회계자료 정리 등(통신, 전기기술자 자격증 소지자 우대)",행정사·문서대행자,경력,관계없음,상용직,월급 / 240만원 - 면접 후 협의가능 ,경기 성남시A동 1210호(우림라이온스밸리 5차),,(근무시간) (오전) 9시 00분 ~ (오후) 6시 00분,주5일근무,40,마감일 (2026-09-26),고용24 입사지원   ,이력서 자기소개서  ,033-250-1911,전기및 통신공사,"공사 관련 된 수발주, 간단한 견적서 양식 작성, 문서 수발, 회계사무실 관련 자료 수집 및 전송, 등 간단한 사무입니다.

일에 대한 능력도 중요하지만 센스가 있으신 분이 오셔서 오랫동안 같이 일하실 수 있었으면 좋겠습니다.",퇴직금,고용보험 산재보험 건강보험 국민연금,2026-07-27,,5.0,5.0,20.0,7.4,20.0,7.0,64.4,C
H954202607271255,주식회사유림솔루션,"(화성,향남) 머시닝 기술자모집합니다.",머시닝센터(MCT) 조작원,경력,관계없음,상용직,최소연봉 / 4500만원 ,경기 화성시,,- 근무시간 : 월~목 : 08:00~20:00    금 : 08:00~18:00 (점심시간 12:20~13:20)  일이 없,주5일근무,40,마감일 (2026-09-26),고용24 입사지원   ,이력서 자기소개서  ,031-290-0821,머시닝센터를 이용한 가공,"？ [모집분야] 머시닝 기술자 모집합니다.

안녕하세요. 저희는 다품종 소량 임가공 하는 회사입니다.
재질은 알루미늄부터 스틸써스,수지,가끔 티타늄 합니다.
현재 3축머시닝 팀원 구인중입니다.

* 가공제품 : 3D 시제품 그외 항공기 ,  반도체 부품
* 보유설비 : 선반3대/smx복합기1대/대형5축1대/소형5축1대/ 3축머시닝 7대/ 호리젠탈1대/ 연마실
3축에 4축 인덱스 1대셋팅, 1대는 3+2 인덱스 셋팅 
 


[주요업무] 
- 정밀 금속 가공 및 머시닝 작업
- MCT가공/ 제품 제작
- 도면 해석, 작업 계획 수립
- 기계 및 장비 유지보수

[근무조건]
- 근무시간 : 월~목 : 08:00~20:00    금 : 08:00~18:00 (점심시간 12:20~13:20)  일이 없거나 바쁘지않을때는 18:00 퇴근
-급여 : 최소 4,500이상 ->경력에 따라 면접시 협의

[자격요건] 
- 도면 해석 능력
- 기계 및 장비 유지보수 경험
- 팀워크와 의사소통 능력이 우수하신 분
- 한국인

[우대사항] 
- 금속·재료·철강·반도체 관련 학과 전공
- CNC 프로그래밍 능력을 보유하신 분
- 관련 자격증을 소지하신 분
- 다양한 기계 장비 운용 경험이 있으신 분을 우대합니다.

[복리후생] 
-자유로운 연차사용
- 4대 보험 / 경조사 지원/ 명절선물/ 휴가비 
- 직원 교육 및 자기 개발 기회
- 당구,탁구다이 / 노래방 /헬스기구 / 탕비실 / 해외여행


 면접시 가공관련 제품 사진 있으면 좋겠습니다. 
회사홈페이지 제품사진 참고 : http://yurimsolution.com/

 8월부터 기숙사 이용가능
기타 문의사항은 아래 전화로 문의바랍니다

031-352-8079 경영지원",퇴직연금,고용보험 산재보험 건강보험 국민연금,2026-07-27,,14.5,5.0,20.0,7.4,20.0,7.0,73.9,B
H954202607271647,(주)이룸텍,PCB CAM 경력사원 모집,기타 제도사(캐드원) ,경력,관계없음,상용직,월급 / 310만원 - 면접 후 협의가능 ,인천 서해구2층,,(근무시간) (오전) 8시 30분 ~ (오후) 7시 00분,주5일근무,40,마감일 (2026-09-26),방문 고용24 입사지원  ,이력서 자기소개서  ,032-540-2030,인쇄회로기판(PCB) 제조,"PCB CAM 경력사원 모집 (CAM350 능숙자)

입사 후, 바로 업무시작 가능하신 분

포괄임금제 (월~금  5일근무,  업무 마감시 17:30~20:30 사이에 자율퇴근)
☞ 주 52시간이내 근무",퇴직연금,고용보험 산재보험 건강보험 국민연금,2026-07-27,,6.5,6.2,20.0,7.4,20.0,7.0,67.1,C
H954202607271457,다비다노인복지센터,5등급 독거할머니 서비스하실 요양보호사 구인,재가 간병인,신입,관계없음,상용직,시급 / 13200원 ,서울 서초구000호,,(근무시간) (오전) 9시 00분 ~ (정오) 12시 00분,주5일근무,,마감일 (2026-09-26),방문 고용24 입사지원  ,기타   ,02-525-1121,방문요양 서비스,"할머니 혼자계시는 집이고 5등급이지만 치매는 전혀없으신대 시력은 잘 보이지가 않습니다.
오전에 가셔서 기본 청소,빨래, 말벗해드리면 되고 반찬 만드는 일은 없습니다.
점심도 그곳에서 드시고 오면 됩니다.",퇴직금,고용보험 산재보험 건강보험 국민연금,2026-07-27,,5.0,5.0,18.0,7.4,16.0,7.0,58.4,C
H954202607271311,모란라파건강안마원,단순사무,행정사·문서대행자,무관,관계없음,계약직,시급 / 10320원 ,경기 성남시5층 509호,,(근무시간) (오전) 9시 00분 ~ (오후) 6시 00분,주5일근무,,마감일 (2026-09-26),방문 팩스 고용24 입사지원 ,이력서 자기소개서  ,031-739-3147,건강 안마원,"단순워드작성
친절한 고객응대
안마복 당일 세탁하고 널어주기
사무실 수시로 정리 정돈해 주기
서류 기록관리

근무요일(화~토) ,(근무시간)9시출근 6시퇴근( 시간에 구해 받지않는 선생님이면 좋겠습니다)
참고로 임금은 최저임금으로 급여가 열악함을 감안하시는 선생님을 원하고요 상여금은 없고. 사대보험, 퇴직연금 있습니다
시각 장애인의 애로를 이해해 주시는 선생님 이시면 좋겠습니다.
참고로 고임금 신청을 원하시는분은 지원하지 말아주세요 
""전에 구인조건에 맞지 않고 고소득자분인 지원하시는 경우를 많이 보아서 근무 원하시는 분만 ""꼭"" 지원해주세요",퇴직연금,고용보험 산재보험 건강보험 국민연금,2026-07-27,,13.0,5.0,18.0,7.4,16.0,7.0,66.4,C
H954202607271514,(주)뉴램건설,관리부 직원 구합니다,행정사·문서대행자,경력,관계없음,상용직,최소연봉 / 3000만원 ,"서울 강서구701호(화곡동,에스제이빌딩)",,(근무시간) (오전) 8시 30분 ~ (오후) 5시 30분,주5일근무,40,마감일 (2026-09-26),고용24 입사지원   ,이력서 자기소개서 경력증명서 ,02-2063-6725,삼성디스플레이 협력사,"건설공무업무-엑셀,워드,캐드 등 컴퓨터 활용 능력이 있는 자, 본사 근무

건축,토목 초급 경력증 보유 우대",퇴직연금,고용보험 산재보험 건강보험 국민연금,2026-07-27,,6.5,5.0,20.0,7.4,20.0,7.0,65.9,C
H954202607270799,아이림어린이집,공공형 아이림 보육 교직원 만1세반 선생님 모집합니다. ,보육 교사,무관,관계없음,상용직,월급 / 231만원 ,경기 안성시아이림어린이집,,(근무시간) (오전) 8시 30분 ~ (오후) 5시 30분,주5일근무,40,마감일 (2026-09-26),고용24 입사지원   ,이력서   ,031-686-1765,어린이집,"안녕하세요.  아이림 어린이집 입니다 

 만1세반 담임 선생님을 모십니다. 

자격증소지자로 경력 무관 하며 

이력서를 메일로 접수후 연락주세요. 

dbswjd1005@hanmail.net입니다.",퇴직금,고용보험 산재보험 건강보험 국민연금,2026-07-27,,5.0,5.0,20.0,7.4,20.0,7.0,64.4,C
H954202607271941,라온방문요양센터,4등급 남자어르신 (쌍문역 근처) 오후시간,재가 간병인,무관,관계없음,상용직(시간제),시급 / 10320원 ,서울 도봉구802호,,(근무시간) (오후) 5시 00분 ~ (오후) 8시 00분,주5일근무,15,마감일 (2026-09-26),방문 고용24 입사지원  ,기타   ,02-2055-4266,방문요양 요양보호사 및 수급자 관리,"4등급 남자어르신 케어해 주실 분 모십니다
쌍문역 1번  출구 근처
주5~6회 3시간 오후 5시~오후 8시 근무
일반가사업무 및 정서지원서비스
요양보호사 구인
각종수당포함 시급 13200원",퇴직금,고용보험 산재보험 건강보험 국민연금,2026-07-27,,8.0,5.0,18.0,7.4,20.0,7.0,65.4,C
H954202607271933,기쁨재가방문요양센터,"[삼성산 주공아파트] 4등급 여자 어르신, 주 5일, 오후 13~16시",재가 간병인,무관,관계없음,상용직(시간제),시급 / 10320원 ,서울 관악구,,(근무시간) (오후) 1시 00분 ~ (오후) 4시 00분,주5일근무,15,마감일 (2026-09-26),방문 고용24 입사지원 기타 ,이력서   ,02-879-5774,재가장기요양기관,"[삼성산 주공아파트] 4등급 여자 어르신(85세,배우자 거주)
- 시간: 주 5일, 오후 13~16시
- 직무: 세탁, 청소, 식사준비, 장보기, 산책, 병원동행등
- 시급: 13,500원 (연차수당, 주휴수당 포함)

* 전화지원 010-3026-3036 ",퇴직금,고용보험 산재보험 건강보험 국민연금,2026-07-27,,6.5,5.0,18.0,7.4,20.0,7.0,63.9,C
H954202607271915,미래노인복지센터,[학익동_5등급_여] 요양보호사 선생님 구인,재가 간병인,무관,관계없음,상용직(시간제),시급 / 10320원 ,인천 미추홀구인하대 부속중학교 인근,,(근무시간) (오전) 9시 00분 ~ (정오) 12시 00분,주5일근무,15,마감일 (2026-09-26),고용24 입사지원   ,이력서 기타  ,031-496-1917,"재가장기요양, 방문요양, 방문목욕","인천 미추홀구 학익동 재가요양보호사 선생님 모십니다.

** 5등급 어르신으로 치매교육 수료하신분만 가능합니다**



* 업무 : 53년생 5등급 여자 어르신(독거중), 식사 및 일상생활 지원, 
   다리 관절염 등으로 거동 불편하시나 천천히 수행가능. 
 
* 근무시간 : 09시 00분 ~ 12시 00분 ( 5등급으로 월 21회)
  
* 시급 13,000원 (시급10,320원 + 주휴수당 + 연차수당 포함)

* 담당자 : 사회복지사 (아래 핸드폰으로 문자 먼저 요청)",퇴직금,고용보험 산재보험 건강보험 국민연금,2026-07-27,,14.5,5.0,18.0,7.4,20.0,7.0,71.9,B
H954202607271912,새인천어르신재가센터,재가요양보호사 구인(남동구 구월동),재가 간병인,무관,관계없음,상용직(시간제),시급 / 10320원 ,인천 남동구,,(근무시간) (오후) 1시 00분 ~ (오후) 4시 00분,주5일근무,15,마감일 (2026-09-26),방문   ,기타   ,070-5067-0321,방문요양(재가센터),"- 4등급 할머니
- 근무시간: 오후1시~4시 (주 5일)
- 급여 : 시급 10,320원 + 주휴수당 + 연차수당 + 기타수당 = 총 13,300원
*건강하고 성실하신 분, 인근 지역 거주자 우대",퇴직금,고용보험 산재보험 건강보험 국민연금,2026-07-27,,5.0,5.0,18.0,7.4,20.0,7.0,62.4,C
H954202607271878,효사랑복지센터,(고덕동/4등급할아버지/13:00-16:00)재가요양보호사 모집,재가 간병인,무관,관계없음,상용직(시간제),시급 / 10320원 ,서울 강동구,,(근무시간) (오후) 1시 00분 ~ (오후) 4시 00분,주5일근무,15,마감일 (2026-09-26),방문 기타  ,이력서   ,02-3425-5836,"방문재가,방문목욕 서비스","-근무지: 상일로74
-대상자: 4등급 할아버지(13:00-16:00,주5일)
-시  급:  10,030원(기타, 연차 및 주휴수당 포함시 13,000원)
-업  무: 가사 및 일상생활지원(배우자,따님거주)
-담당자: 010-8006-5966",퇴직금,고용보험 산재보험 건강보험 국민연금,2026-07-27,,8.0,6.2,18.0,7.4,20.0,7.0,66.6,C
H954202607271870,사랑마을재가방문요양센터,홍은동(홍제폭포부근) 오후 독거 여자어르신 요양보호사 구인,재가 간병인,무관,관계없음,상용직(시간제),시급 / 10320원 ,서울 서대문구...,,(근무시간) (오후) 2시 00분 ~ (오후) 5시 00분,주5일근무,15,마감일 (2026-09-26),방문 기타  ,기타   ,02-2077-3360,"방문요양, 방문목욕","- 수급자 : 4등급, 85세

- 근무내용 : 가사 및 일상생활지원 

- 거주지 : 서울특별시 서대문구 송죽길 57-4

- 근무시간 : 월 ~ 금요일 (주 5일), 오후 2시 ~ 5시 (3시간)  

- 시급 13,200원(각종 수당이 포함된 금액)

- 전화로 문의해주시면 자세히 안내해드리겠습니다.",퇴직금,고용보험 산재보험 건강보험 국민연금,2026-07-27,,6.5,5.0,18.0,7.4,20.0,7.0,63.9,C
H954202607271864,별내재가복지센터,방문요양-별내동 별사랑마을2-5단지 여자어르신(4등급),재가 간병인,무관,관계없음,상용직(시간제),시급 / 10320원 ,경기 남양주시,,(근무시간) (오전) 8시 30분 ~ (오전) 11시 30분,주5일근무,15,마감일 (2026-09-26),방문 고용24 입사지원 기타 ,기타   ,031-560-1965,ㅇ,"*신체지원- 개인위생, 이동, 식사, 복약 등
*정서지원-말벗
*가사.일상생활지원
*근무시간- 08:30~ 11:30(180분) - 협의가능
*8월3일(월)부터 근무가능하신분",퇴직금,고용보험 산재보험 건강보험 국민연금,2026-07-27,,6.5,5.0,18.0,7.4,20.0,7.0,63.9,C
H954202607271855,낙원재가복지센터,[ 화도읍 ] 4등급 할아버님  재가요양보호사 구인,재가 간병인,무관,관계없음,상용직(시간제),시급 / 10320원 ,경기 남양주시154-5,,(근무시간) (오전) 9시 00분 ~ (정오) 12시 00분,주5일근무,15,마감일 (2026-09-26),방문 기타  ,이력서   ,031-590-2346,"방문요양, 방문목욕","- 4등급 할아버님 일상생활지원 도움
- 식사,가사, 병원동행 도움
- 09~12시, 주5일
- 시급 13,000원(10.320원+주휴,연차수당포함)
- 담당자: 010-6352-3841",퇴직금,고용보험 산재보험 건강보험 국민연금,2026-07-27,,8.0,5.0,18.0,7.4,20.0,7.0,65.4,C
H954202607271835,성광노인복지센터,재가요양보호사 구인(서해구 가정동),재가 간병인,무관,관계없음,상용직(시간제),시급 / 10320원 ,인천 서해구,,(근무시간) (오후) 1시 00분 ~ (오후) 4시 00분,주5일근무,15,마감일 (2026-09-26),방문   ,기타   ,070-5067-0332,재가장기요양서비스,"- 4등급 할머니
- 시급 10,320원(+기타수당 =13,260원)
- 근무시간 13:00~16:00 (주 5일)
- 경력은 상관 없으나 진심을 다해 서비스 제공해 주실 요양보호사  ",퇴직금,고용보험 산재보험 건강보험 국민연금,2026-07-27,,5.0,5.0,18.0,7.4,20.0,7.0,62.4,C
H954202607270079,한일가스산업(주),[제물포구] LPG 가스 충전원 모집,,무관,관계없음,상용직,시급 / 10320원 ,인천 제물포구1-775,,"오전조 06:00-14:00 
오후조 14:00-22:00 
새벽조 22:00-06:00
스케줄표대로 교대근",주5일근무,0,마감일 (2026-09-26),방문 팩스 기타 ,이력서   ,032-745-3122,LPG가스 충전업,"* 현대제철 인근 가스충전소
* 업무 : LPG 자동차 가스 충전업무
* 근무시간 : 3교대 스케줄근무 - 주2회 휴무
  오전조 06:00-14:00 / 오후조 14:00-22:00 / 새벽조 22:00-06:00
* 급여 : 2,228,000원
* 중장년층 지원가능",퇴직금,고용보험 산재보험 건강보험 국민연금,2026-07-27,,8.0,5.0,18.0,7.4,20.0,7.0,65.4,C
H954202607271944,바른손케어재가복지센터, 요양보호사 선생님 모십니다,요양 보호사 및 간병인,무관,관계없음,상용직(시간제),시급 / 10320원 ,인천 남동구.,,(근무시간) (오전) 8시 00분 ~ (오전) 11시 00분,주5일근무,15,마감일 (2026-09-26),방문 고용24 입사지원  ,기타   ,032-460-4837,"방문요양,방문목욕","*4등급 78세 남자 어르신.
*일상생활 지원, 가사도움, 말벗지원 등 전반적인 재가서비스 제공.
*포괄시급: 13,000원(기본 10,320원+각종 수당 포함).",퇴직금,고용보험 산재보험 건강보험 국민연금,2026-07-27,,6.5,5.0,18.0,7.4,20.0,7.0,63.9,C
H954202607271837,포근한 방문요양센터,[ 화도읍 ] 4등급 할머님 재가요양보호사 구인,재가 간병인,무관,관계없음,상용직(시간제),시급 / 10320원 ,경기 남양주시,,(근무시간) (정오) 12시 00분 ~ (오후) 3시 00분,주5일근무,15,마감일 (2026-09-26),방문   ,이력서   ,031-590-2346,방문요양,"- 4등급 할머님 일상생활지원 도움
- 목욕도움 주2회, 반찬만들어 점심챙겨드리기
- 12~15시, 주5일
- 시급 13,000원(10.320원+주휴,연차수당포함)
- 담당자: 010-9080-5902",퇴직금,고용보험 산재보험 건강보험 국민연금,2026-07-27,,8.0,5.0,18.0,7.4,20.0,7.0,65.4,C
H954202607270770,사과나무치과,[장애인우대]주차관리 직원 채용,,무관,관계없음,계약직,월급 / 216만원 ,경기 부천시,,"평일(월~금) 9:00 ~ 18:30
토요일 8:30 ~ 15:30

주5일 근무 / 평일 중 1회 휴무

(",주5일근무,40,마감일 (2026-09-26),고용24 입사지원   ,이력서 자기소개서  ,032-320-8922,치과의원,"[모집직무]
주차 관리, 고객 상담, 주차장 유지 관리, 안전관리, 시스템 운영

[직무소개]
우리 회사는 사내의 주차장을 운영하고 있습니다.  주차장을 효율적으로 관리하는 주차관리직원을 모집합니다.

[주요업무]
- 주차장 입출차 관리
- 주차 관련 불편 처리 및 고객 응대
- 주차장 청소 및 유지 관리
- 보안 및 안전 관리
- 주차 시스템 운영 및 점검",퇴직연금,고용보험 산재보험 건강보험 국민연금,2026-07-27,,17.5,5.0,20.0,7.4,20.0,7.0,76.9,B
H954202607271794,시온사랑 데이케어센터,[이촌로 한강대우아파트/3등급/여] 재가요양보호사 구인,재가 간병인,무관,관계없음,상용직(시간제),시급 / 10320원 ,서울 용산구,,(근무시간) (오전) 9시 00분 ~ (정오) 12시 00분,주5일근무,15,마감일 (2026-09-26),방문 기타  ,기타   ,02-714-9762,데이케어센터 주야간보호센터 재가장기요양기관,"[이촌로 한강대우아파트/3등급/여] 재가요양보호사 구인]

- 직무내용 : 이동도움 및 일상생활지원, 휠체어이동, 부부거주, 낮시간동안 혼자계심

- 장기요양급여 적용 근로시간 : 1일 3시간
   
- 주5일 근무(월~금) / 근무시간 : 09:00~12:00( 근무시간외 초과 근무 있을 수 있음)

- 시급: 13,200원 (최저시급 10,320원 + 주휴수당 등 별도)  ",퇴직금,고용보험 산재보험 건강보험 국민연금,2026-07-27,,11.5,5.0,18.0,7.4,20.0,7.0,68.9,C
H954202607271769,예솜실버복지센터,[탄현마을9단지] 4등급 독거할머니 재가요양보호사모집 ,재가 간병인,무관,관계없음,상용직(시간제),시급 / 10320원 ,경기 고양시903동,,(근무시간) (오후) 1시 00분 ~ (오후) 4시 00분,주5일근무,15,마감일 (2026-09-26),방문 고용24 입사지원  ,기타   ,031-8071-4245,재가복지센터,"*4등급 독거할머니 케어
*일상생활지원, 식사 및 청소 업무
*한달에 한번 정도 동국대병원 동행(택시이용)
*주5일 13-16시
*시급:10,030원+주휴수당=13,000원

-실제 서비스 제공기간에 따라 임금을 계산하여 지급하는 형태로 채용시 근로자마다 주 소정근로 시간이나 임금, 근무(예정)지 등에 차이가 있을 수 있음",퇴직금,고용보험 산재보험 건강보험 국민연금,2026-07-27,,8.0,5.0,18.0,7.4,20.0,7.0,65.4,C
H954202607271757,시흥은혜요양센터,재가요양보호사,재가 간병인,무관,관계없음,상용직(시간제),시급 / 10320원 ,서울 동대문구102동,,(근무시간) (오전) 9시 00분 ~ (정오) 12시 00분,주5일근무,15,마감일 (2026-09-26),고용24 입사지원   ,이력서   ,031-496-1912,방문요양,"81세 3등급 du자 어르신 케어
일상생활, 정서지원 , 인지활동
포괄시급 13,100원
근무시간 09시~12시 (근무시간 협의 가능)",퇴직금,고용보험 산재보험 건강보험 국민연금,2026-07-27,,6.5,5.0,18.0,7.4,20.0,7.0,63.9,C
H954202607271755,소율방문요양복지센터,[신정동] 재가요양보호사모집,재가 간병인,무관,관계없음,상용직(시간제),시급 / 10320원 ,서울 양천구204동,,(근무시간) (오전) 9시 00분 ~ (정오) 12시 00분,주5일근무,15,마감일 (2026-09-26),방문 기타  ,기타   ,02-860-2500,재가요양센터,"신정동 학마을2단지

- 대상자 : 4등급 할머니, 거동 가능, 배우자와 거주
- 직무내용 : 반찬, 가사 및 일상생활지원
- 근무시간 : 09:00~12:00, 주5일
- 급여:  시급 10,320원[포괄 시급 13,000원]",퇴직금,고용보험 산재보험 건강보험 국민연금,2026-07-27,,6.5,5.0,18.0,7.4,20.0,7.0,63.9,C
H954202607271752,아리아케어방문요양 마포성산센터,고양시 원흥동 4등급 여자어르신 요양보호사 모집,재가 간병인,무관,관계없음,상용직(시간제),시급 / 10320원 ,경기 고양시102동,,(근무시간) (오전) 9시 00분 ~ (정오) 12시 00분,주5일근무,15,마감일 (2026-09-26),방문 기타  ,이력서 기타  ,02-2077-3498,요양센터,"- 부축도움, 목욕도움, 식사도움 및 반찬준비, 가사 및 일상생활 지원 등 일반적인 요양보호사 업무범위
시급 13,500원( 주휴수당 및 연차수당 포함)",퇴직금,고용보험 산재보험 건강보험 국민연금,2026-07-27,,8.0,5.0,18.0,7.4,20.0,7.0,65.4,C
H954202607270975,(주)신이유통,[금곡동] 보안 및주차관리 안내원 구인,,무관,관계없음,상용직,월급 / 198만원 ,경기 남양주시금마루빌딩,,근무시간: 06:00~06:00(격일제),기타,32,마감일 (2026-09-26),방문 기타  ,이력서   ,031-591-6039,"부동산, 도소매, 서비스, 임대, 안전용품, 청소용역","- 방문객 주차안내, 외곽청소, 재활용분리, 주변정리등
- 건물경비, 주차관리경력자 우대
- 운전무관
- 급여: 1,983,000원
- 2교대 근무(6시 교대)
- 휴게시간:주간2.5시간, 야간12시간",퇴직금,고용보험 산재보험 건강보험 국민연금,2026-07-27,,6.5,6.2,20.0,7.4,15.0,7.0,62.1,C
H954202607271411,(주)케어네이션 과천센터,4등급 남자 어르신   요양보호사 구인,요양 보호사 및 간병인,무관,관계없음,상용직,시급 / 10320원 - 면접 후 협의가능 ,서울 영등포구,,(근무시간) (오전) 9시 00분 ~ (정오) 12시 00분,기타,0,마감일 (2026-09-26),기타   ,이력서 기타  ,02-3677-2985,재가요양센터,"* 5호선 양평역 인근 도보 8분 아파트 4등급  82세 할아버지 
* 부부 거주, 
* 주 3일 /  09:00~12:00
* 시급10,030원+주수당포함 13,000원

* 빠른 구인 희망 /  지원자는 010-7657-1864 로 연락바랍니다. ",퇴직금,고용보험 산재보험 건강보험 국민연금,2026-07-27,,6.5,5.0,18.0,7.4,15.0,7.0,58.9,C
H954202607271297,(주)두잉피플플러스,건물 주차관리.안내 직원 모집,,무관,중학교,계약직,월급 / 297만원 ,서울 강남구더스톤대치빌딩,,"근무시간 : 08:00~17:00 / 08:00~익일 08:00 / 비번 (주당비, 3교대 근무)",기타,42,마감일 (2026-09-26),방문 팩스  ,이력서   ,02-3423-5587,건물관리,"- 강남구 도곡로77길 3 더스톤대치빌딩 (한티역 또는 대치역 인근)
- 근무시간 : 08:00~17:00 / 08:00~익일 08:00 / 비번 (주당비, 3교대 근무)
- 월 297만원
- 기계식 주차관리 교육 이수자 우대
- 이력서 팩스 전송

문의 02)557-8133  팩스 02)557-8134",퇴직금,고용보험 산재보험 건강보험 국민연금,2026-07-27,,6.5,5.0,20.0,7.4,15.0,7.0,60.9,C
H954202607271499,하늘터노인지원센터,[신원시장 인근] 4등급 여자어르신(독거) 주5일 오후14~17시 ,재가 간병인,무관,관계없음,상용직(시간제),시급 / 10320원 ,서울 관악구.,,(근무시간) (오후) 2시 00분 ~ (오후) 5시 00분,주5일근무,15,마감일 (2026-09-26),방문 기타  ,기타   ,02-879-5773,"재가장기요양기관, 방문요양, 방문목욕, 돌봄SOS센터 서비스제공기관","[신원시장 인근] 4등급 여자어르신(독거) 주5일 오후14~17시 

* 이동, 주1회 목욕, 식사 도움 등 

*급여[13,000원(시급10,320+주휴수당,연차수당등)]",퇴직금,고용보험 산재보험 건강보험 국민연금,2026-07-27,,5.0,6.2,18.0,7.4,20.0,7.0,63.6,C
H954202607271496,다솔실버복지센터,[마천동/4등급(할머니)/09:30~12:30] 재가요양보호사 모집,재가 간병인,무관,관계없음,상용직(시간제),시급 / 10320원 ,서울 송파구마천동,,09:30~12:30(월~금),주5일근무,15,마감일 (2026-09-26),방문 팩스 기타 ,이력서   ,02-2147-3681,"방문요양, 방문목욕 서비스",4등급할머니(마천동) 위생관리 및 말벗 일상생활지원 정서지원 가사도움,퇴직금,고용보험 산재보험 건강보험 국민연금,2026-07-27,,8.0,6.2,18.0,7.4,20.0,7.0,66.6,C
H954202607271241,제일이엔지,MCT 조작원 구인 합니다,머시닝센터(MCT) 조작원,경력,관계없음,상용직,월급 / 380만원 ,경기 안산시,,(근무시간) (오전) 7시 30분 ~ (오후) 5시 00분,주5일근무,48,마감일 (2026-09-26),방문 고용24 입사지원  ,이력서 기타  ,031-412-6918,산업기계 부품가공,"임 가공 전문 업체 입니다.

경력은 10년 이상 경력자 우대",퇴직금,고용보험 산재보험 건강보험 국민연금,2026-07-27,,5.0,5.0,20.0,7.4,20.0,7.0,64.4,C
H954202607271158,대림어린이집,어린이집 연장반 교사 채용합니다.,보육 교사,신입,고등학교,계약직(시간제),월급 / 114만원 ,경기 구리시대림어린이집,,(근무시간) (오후) 3시 00분 ~ (오후) 7시 30분,주5일근무,20,마감일 (2026-09-26),   ,이력서   ,031-560-5834,어린이집,"연장반 선생님을 채용합니다.

 drfoxpmj@naver.com 이력서 이메일로 넣어주세요

확인후 연락드리겠습니다.",퇴직금,고용보험 산재보험 건강보험 국민연금,2026-07-27,,5.0,5.0,20.0,7.4,20.0,4.0,61.4,C
H954202607271489,위례방문요양센터,[위례56단지]5등급 여자어르신 요양보호사 구해요,재가 간병인,무관,관계없음,상용직(시간제),시급 / 10320원 ,경기 성남시,,(근무시간) (오후) 3시 00분 ~ (오후) 6시 00분,주5일근무,15,마감일 (2026-09-26),방문   ,기타   ,031-739-3112,방문요양/방문목욕,"5등급 74세 여자어르신 배우자와 거주
치매 섬망증세 있으시고
거동 가능함.
인지활동1시간, 일상생활함께하기2시간

*치매자격증소지자",퇴직금,고용보험 산재보험 건강보험 국민연금,2026-07-27,,5.0,5.0,18.0,7.4,20.0,7.0,62.4,C
H954202607271478,녹양방문요양센터,치매등급 재가요양보호사 구인,재가 간병인,무관,관계없음,상용직(시간제),시급 / 10320원 ,경기 의정부시102동,,(근무시간) (오전) 8시 30분 ~ (오전) 11시 30분,주5일근무,15,마감일 (2026-09-26),방문   ,기타   ,031-853-7237,방문요양,"◈ 재가요양보호사

- 5등급 할머니 (독거)
- 회룡역 근처 호원행복주택
- 08시30 ~ 11시30
- 주 5일 근무 (월~금)
-인지지원, 가사지원
- 시급 : 13,000원 (제수당 포함)
- 채용담당자 : 녹양방문요양센터
  설애경팀장
 
  통화후 면접진행 하시면 됩니다.",퇴직금,고용보험 산재보험 건강보험 국민연금,2026-07-27,,8.0,5.0,18.0,7.4,20.0,7.0,65.4,C
H954202607271467,가족효사랑 방문요양센터,요양보호사 채용 (4등급 / 여자어르신),재가 간병인,무관,관계없음,상용직(시간제),시급 / 10320원 ,경기 광주시.,,(근무시간) (오후) 1시 00분 ~ (오후) 4시 00분,주5일근무,15,마감일 (2026-09-26),방문   ,이력서   ,031-760-5942,방문요양,"어르신댁 방문하여 신체활동, 정서지원, 가사 및 일상생활지원",퇴직금,고용보험 산재보험 건강보험 국민연금,2026-07-27,,6.5,5.0,18.0,7.4,20.0,7.0,63.9,C
H954202607271464,평화노인복지센터,[ 화도읍 ] 4등급 할머님 재가요양보호사 구인,재가 간병인,무관,관계없음,상용직(시간제),시급 / 10320원 ,경기 남양주시286-4,,(근무시간) (오전) 10시 00분 ~ (오후) 1시 00분,주5일근무,15,마감일 (2026-09-26),기타   ,기타   ,031-590-2346,재가장기요양기관 방문요양,"-  4등급 할머님 일상생활지원 도움
- 주5일, 10~13시
- 시급 13,000원(10.320원+주휴,연차수당포함)
- 담당자: 010-2962-8884",퇴직금,고용보험 산재보험 건강보험 국민연금,2026-07-27,,8.0,5.0,18.0,7.4,20.0,7.0,65.4,C
H954202607271347,(주)대진에스에이,생산관리 현장직원구인합니다!!,,무관,관계없음,상용직,월급 / 216만원 - 면접 후 협의가능 ,경기 화성시(주)대진에스에이,,(근무시간) (오전) 7시 30분 ~ (오후) 4시 30분,주5일근무,40,마감일 (2026-09-26),방문 우편 팩스 ,이력서 자기소개서 경력증명서 ,031-290-0823,판금및후레임,"(주) 대진에스에이 생산부 조립원(생산 관리) 신입 모집합니다.

<우리 회사는 1996년 대진공업을 시작으로 설립된 반도체, 디스플레이, 배터리 장비 판금 및 프레임 가공 전문기업으로, 화성시 팔탈면에 위치하고 있습니다.>


？？ 자격요건 및 주요업무

1. 신입(초보자 환영합니다^^교육 해드립니다.) 

2. 학력무관, 성별무관, 졸업 예정자 지원가능

3. 도면 보는법에 능숙하거나 경력자 지원가능(급여협의)

4. 운전 및 지게차(3.5톤 미만) 운전 가능하신 분 우대합니다.(못하셔도 괜찮습니다^^)

5. 주요업무

1) 프로젝트별 제조된 판금 확인 후 후처리
2) 현장 생산관리 꼐획

？？ 근무조건

？ 고용형태 : 정규직

？ 급여 : 면접시 협의

？ 근무지 : 경기도 화성시 만세구 팔탄면 석포로68-39

？ 근무시간(조정가능)
  - 월,화,목,금  : 07시30분~17시 / 야근 : 17시30분~20시
  - 수 : 07시30분~16시30분


？？ 복지 및 혜택？ 리프레시 : 연차

？ 급여제도 : 퇴직연금, 4대 보험

？ 교육/생활 : 점심식사 제공 / 회사 내 기숙사 제공 가능

？ 선물 : 명절선물

？ 근무 환경 : 현장직


？？ 채용절차

？ 접수기간 
: 2026-07-27  ~ 채용시

？ 제출서류 
: 이력서, 자기소개서, 경력증명서

？ 접수방법  
e-mail : djsy7615@naver.com 
FAX 지원 :  031-359-9024

？ 전형절차 
: 서류전형 → 1차면접 → 최종합격


？？？ 유의사항

？ 입사지원 서류에 허위사실이 발견될 경우, 채용확정 이후라도 채용이 취소될 수 있습니다.

？ 채용시 마감됩니다.",퇴직연금,고용보험 산재보험 건강보험 국민연금,2026-07-27,,16.0,5.0,20.0,7.4,20.0,7.0,75.4,B
H954202607271438,사과나무실버케어,[옥수동/4등급/할머니/14:00~17:00 주5일] 재가 요양보호사 모집,재가 간병인,무관,관계없음,상용직(시간제),시급 / 10320원 ,서울 성동구,,14:00~17:00,주5일근무,15,마감일 (2026-09-26),방문 기타  ,이력서   ,02-2286-5409,재가장기요양,"옥수동 4등급 할머니 케어

주5일 14:00~17:00
시급 10,320원 (수당별도)

문의 010-9021-2190",퇴직금,고용보험 산재보험 건강보험 국민연금,2026-07-27,,5.0,5.0,18.0,7.4,20.0,7.0,62.4,C
H954202607271435,정다운 재가복지센터,재가요양보호사 구인,재가 간병인,무관,관계없음,상용직(시간제),시급 / 10320원 ,경기 의정부시904동,,(근무시간) (오후) 2시 00분 ~ (오후) 5시 00분,주5일근무,15,마감일 (2026-09-26),방문   ,이력서 기타  ,031-828-2874,방문요양,"- 5등급 할머님(80대초반)
- 어르신 식사, 청소, 주변정리 등 일상생활지원
- 14:00~17:00, 주5일 3시간
- 시급: 13,000원(주휴수당+연차수당 포함)",퇴직금,   ,2026-07-27,,6.5,5.0,18.0,5.0,20.0,7.0,61.5,C
H954202607271430,미림노인복지센터,[홍제동] 재가요양보호사 구인,재가 간병인,무관,관계없음,상용직(시간제),시급 / 13000원 ,서울 서대문구.,,(근무시간) (오전) 8시 30분 ~ (오전) 11시 30분,주5일근무,15,마감일 (2026-09-26),방문   ,기타   ,02-330-1485,재가요양보호,"-홍제동 4등급할머니 재가요양
-식사준비,정리,어르신주변정리
-08:30~11:30/주5일",퇴직금,고용보험 산재보험 건강보험 국민연금,2026-07-27,,5.0,5.0,18.0,7.4,20.0,7.0,62.4,C
H954202607271429,영진샬롬방문섬김센터,[거여동/4등급(할아버지)/08:00~11:00] 재가요양보호사 모집,재가 간병인,무관,관계없음,상용직(시간제),시급 / 10320원 ,서울 송파구거여동,,08:00~11:00(월~금),주5일근무,15,마감일 (2026-09-26),방문   ,이력서   ,02-2147-3681,재가요양센터,4등급할아버지케어 거여동 위생관리 및 말벗 일상생활지원 집안청소,퇴직금,   ,2026-07-27,,8.0,5.0,18.0,5.0,20.0,7.0,63.0,C
H954202607271425,실버홈 방문요양센터,[장기동/4등급 할아버지/주5일 09:00~12:00] 재가 요양보호사 모집,재가 간병인,무관,관계없음,상용직(시간제),시급 / 10320원 ,경기 김포시...,,(근무시간) (오전) 9시 00분 ~ (정오) 12시 00분,주5일근무,15,마감일 (2026-09-26),기타   ,기타   ,02-2147-3691,요양센터,"º 대 상 자 :  장기동 한강신도시어울림/4등급 할아버지
              - 지팡이 이용하여 거동가능, 거의 누워계심.
º직무내용 : 식사준비 및 청소와  주변정리정돈 등

* 지원 문의 : 전화(010-8371-5353)",퇴직금,고용보험 산재보험 건강보험 국민연금,2026-07-27,,6.5,5.0,18.0,7.4,20.0,7.0,63.9,C
H954202607271417,온누리재가복지센터,"(상갈동) 요양사구인,4등급 여,오전타임.금화마을 대우현대 1단지",재가 간병인,무관,관계없음,상용직(시간제),시급 / 10320원 ,경기 용인시112동,,(근무시간) (오전) 9시 00분 ~ (정오) 12시 00분,주5일근무,15,마감일 (2026-09-26),기타   ,기타   ,031-289-2298,방문요양.방문목욕,"요양사 구인
4등급 여어르신, 독거
09;00~12;00
월~금 (토 격주근무 상의요)
* 포괄시급 ~13,000원

반찬 만들기, 식사 차리기
주변정리 청소
정서지원
목욕도움은 없음
나이 있으신 요양사도 좋아요.
031-896-5300",퇴직금,고용보험 산재보험 건강보험 국민연금,2026-07-27,,6.5,5.0,18.0,7.4,20.0,7.0,63.9,C
H954202607271375,비지팅엔젤스 동작방문요양지점,[사당5동 상도중 인근 / 5등급 / 할머님 / 09:00~12:00] 재가요양보호사 채용,재가 간병인,무관,관계없음,상용직(시간제),시급 / 10320원 ,서울 동작구23-13,,(근무시간) (오전) 9시 00분 ~ (정오) 12시 00분,주5일근무,15,마감일 (2026-09-26),방문 기타  ,기타   ,02-2148-4181,"노인실버사업, 방문요양, 방문목욕","[사당5동 자이아파트] 5등급 할머님 재가요양

○직무내용: 어르신 말벗, 산책, 주변청소, 식사 차리기 등 (치매교육필수) 
○근무시간:  주5일/ 09:00~12:00
○시      급 : 10,320원 (수당포함 13,500원) 
○지원방법 :연락 후 방문 / 010-9676-2593",퇴직금,고용보험 산재보험 건강보험 국민연금,2026-07-27,,6.5,6.2,18.0,7.4,20.0,7.0,65.1,C
H954202607271364,항상함께하는효재가복지센터,"[사가정역 부근,  4등급, 남자어르신, 15:30~18:30, 주5일] 재가요양보호사 구인",재가 간병인,무관,관계없음,상용직(시간제),시급 / 10320원 ,서울 중랑구,,(근무시간) (오후) 3시 30분 ~ (오후) 6시 30분,주5일근무,15,마감일 (2026-09-26),기타   ,기타   ,02-2094-2242,"재가노인복지시설 방문요양,목욕","- 4등급 남자어르신, 독거
- 식사준비 외 일상생활지원
- 15:30~18:30, 주5일
- 시급13,100원(기본 시급 10,320원 + 주휴·연차수당 포함) ",퇴직금,고용보험 산재보험 건강보험 국민연금,2026-07-27,,6.5,5.0,18.0,7.4,20.0,7.0,63.9,C
H954202607271354,효사랑요양센터,[부개동] 요양보호사 1명 구인,재가 간병인,무관,관계없음,상용직(시간제),시급 / 10320원 ,인천 부평구110동 301호,,(근무시간) (오후) 1시 00분 ~ (오후) 4시 00분,주5일근무,15,마감일 (2026-09-26),팩스 고용24 입사지원 기타 ,기타   ,032-540-2078,재가장기요양기관 방문요양  재가장기요양기관 방문목욕,"월 24회 4등급 여자어르신
1)가사지원
2)일상생활 지원
3)신체활동지원
4)개인활동지원

주5일 13-16시

시급10,320(기타 제수당 포함하여 13,000원)",퇴직금,고용보험 산재보험 건강보험 국민연금,2026-07-27,,6.5,5.0,18.0,7.4,20.0,7.0,63.9,C
H954202607271324,너른고을돌봄센터,신현동 요양선생님 구합니다.,재가 간병인,무관,관계없음,상용직(시간제),시급 / 10320원 ,경기 광주시신현동,,(근무시간) (오후) 2시 00분 ~ (오후) 5시 00분,주5일근무,15,마감일 (2026-09-26),고용24 입사지원   ,기타   ,031-799-2703,재가요양 등,"4등급 아버님이시고, 배우자 분과 거주 중 입니다.
월 ~ 금요일 - 14:00~17:00 입니다.

주휴수당포함  13,100원 입니다",퇴직금,고용보험 산재보험 건강보험 국민연금,2026-07-27,,5.0,5.0,18.0,7.4,20.0,7.0,62.4,C
H954202607271291,길벗방문요양센터,[응봉동/2등급/할머니/9-11 &amp; 17-20시 주5일] 재가 요양보호사 모집,재가 간병인,무관,관계없음,상용직(시간제),시급 / 10320원 ,서울 성동구,,- 오전 2시간(9시~11시) + 오후 3시간(17시~20시) 주5일,주5일근무,25,마감일 (2026-09-26),방문 기타  ,이력서   ,02-2286-5409,재가방문요양 어르신 돌봄,"- 2등급 여 어르신 / 케어시간 혼자계심 
- 오전 2시간(9시~11시) + 오후 3시간(17시~20시) 주5일
- 시급 : 10,320원(제수당 포함 13,700원)
- 약간의 거동 가능, 1일 2식 식사지원 및 일상생활 지원(가사일) 등
- 연락처:010-6235-6234",퇴직금,고용보험 산재보험 건강보험 국민연금,2026-07-27,,6.5,5.0,18.0,7.4,20.0,7.0,63.9,C
H954202607271899,주식회사 제이원,금속가공 생산직 모집,머시닝센터(MCT) 조작원,경력,관계없음,계약직,최소연봉 / 2600만원 ,경기 양주시제이원,,(근무시간) (오전) 8시 30분 ~ (오후) 5시 30분,주5일근무,40,마감일 (2026-09-26),방문 고용24 입사지원  ,이력서 경력증명서  ,031-849-2331,정밀기계부품 제조,"머시닝센터와 CNC선반을 이용한 금속가공 

[밀링가공 > 기본 작업(밀링가공)]
작업 준비하기,본가공 수행하기,검사 · 수정하기

[밀링가공 > 탭 · 드릴 · 보링 가공]
작업 준비하기,본가공 수행하기,검사 · 수정하기

[밀링가공 > 엔드밀 가공]
작업 준비하기,본가공 수행하기,검사 · 수정하기

[밀링가공 > 도면해독(밀링가공)]
도면 해독하기,주요치수 및 공차 검토하기",퇴직금,고용보험 산재보험 건강보험 국민연금,2026-07-27,,10.0,5.0,20.0,7.4,20.0,7.0,69.4,C
H954202607271883,서광에이원(주),"생산관리(현대기아 1,2차 협력사:프라스틱사출 유경험자)",,경력,전문대학,상용직,최소연봉 / 4000만원 - 면접 후 협의가능 ,경기 평택시,,(근무시간) (오전) 8시 30분 ~ (오후) 7시 30분,주5일근무,40,마감일 (2026-09-26),고용24 입사지원   ,이력서 자기소개서  ,031-646-1243,탄성매트제조및 판매,"생산관리:생산계획,실적관리,생산성관리,CAPA관리
생산성 확보 및 품질안정화
 -> 재고관리

필수 경력사항-현대기아 1차 또는 2차 협력사(프라스틱사출:내장제) 근무경험이 5년이상 되신분
                     인근거주자 우대",퇴직금,고용보험 산재보험 건강보험 국민연금,2026-07-27,,6.5,7.4,20.0,7.4,20.0,7.0,68.3,C
H954202607271217,성덕재가노인복지센터,길동/4급할머니/오전요양보호사모집,재가 간병인,무관,관계없음,상용직(시간제),시급 / 10320원 ,서울 강동구,,(근무시간) (오전) 9시 00분 ~ (정오) 12시 00분,주5일근무,15,마감일 (2026-09-26),방문   ,기타   ,02-3425-5836,"방문요양제공서비스, 방문목욕제공서비스",-근무지: 길동역인근(면접시 상세고지에정임)   *  일상 및 가사지원,퇴직금,고용보험 산재보험 건강보험 국민연금,2026-07-27,,6.5,6.2,18.0,7.4,20.0,7.0,65.1,C
H954202607270486,주식회사 제이엠테크 에이,[제이엠테크에이] 머시닝센터[mct],머시닝센터(MCT) 조작원,경력,관계없음,상용직,최소연봉 / 3000만원 ,경기 오산시,,"월,화,목 : 09:00-21:00 (잔업포함/필수)
수,금     : 09:00-18:00 (잔업선택) 

(※3개",주5일근무,40,마감일 (2026-09-26),고용24 입사지원   ,이력서   ,031-8024-9830,"합성수지, 성형 제품","- CNC를 사용하여 플라스틱 및 수지 가공
- 2D 도면을 스캔 한 후, 프로그램 입력
- CNC 세팅 후 가공",퇴직금,고용보험 산재보험 건강보험 국민연금,2026-07-27,,5.0,5.0,20.0,7.4,20.0,7.0,64.4,C
H954202607270404,에스에이치테크,MCT 부품가공 엔지니어 구인,머시닝센터(MCT) 조작원,경력,관계없음,상용직,최소연봉 / 4800만원 ,경기 부천시1층,," 8시 30분~7시 50분 / 월~목

 8시 30분~5시 30분 / 금

휴게시간
12:00~13:00 / 17:3",주5일근무,48,마감일 (2026-09-26),방문 고용24 입사지원  ,이력서   ,032-320-8905,정밀부품가공,"MCT 경력기술자 구인.

설비 증설 예정으로 추가 구인

반도체부품, 제약의료장비, 등등  (AL90,SUS5,수지5)정밀 부품 가공 (금형 아닙니다.)

성실하고 책임감 자신 있는 분~

경력자 구인. (임가공 경험 우대, 경력 연봉 협의)

*허위 지원서는 사절*",퇴직금,고용보험 산재보험 건강보험 국민연금,2026-07-27,,8.0,5.0,20.0,7.4,20.0,7.0,67.4,C
H954202607271262,주식회사유림솔루션,[화성향남] CNC선반 기술자  모집합니다,CNC 선반 조작원(NC 선반 조작원),경력,관계없음,상용직,최소연봉 / 3800만원 ,경기 화성시,,(근무시간) (오전) 8시 00분 ~ (오후) 8시 00분,주5일근무,40,마감일 (2026-09-26),고용24 입사지원   ,이력서 자기소개서  ,031-290-0821,머시닝센터를 이용한 가공,"[모집분야] CNC선반 기술자  모집합니다. 경력1년이상

[주요업무] 
- 정밀 금속 가공 및 CNC 작업
- CNC가공/ 제품 제작
- 도면 해석, 작업 계획 수립
- 기계 및 장비 유지보수

[근무조건]
- 근무시간 : 월화수목08:00~20:00 금 08:00~18:00 (점심시간 12:20~13:20  저녁시간: 18:00~18:30)
근로 계약서상 근무시간입니다. 특별히 바쁜시기를 제외하고는 팀장 권한하 18:00시 퇴근합니다.

-급여 : 3800~6500만원 ->경력에 따라 면접시 협의

[자격요건] 
-***중요-수기프로그램 작성 가능자***
-내국인
- CNC 기술 관련 전공 혹은 교육이수
- 도면 해석 능력
- 기계 및 장비 유지보수 경험
- 팀워크와 의사소통 능력이 우수하신 분

[우대사항] 
- 금속·재료·철강·반도체 관련 학과 전공
- 프로그래밍 능력을 보유하신 분
- 관련 자격증을 소지하신 분
- 다양한 기계 장비 운용 경험이 있으신 분을 우대합니다.

[복리후생] 
- 자유로운 연차사용
- 4대 보험 / 경조사 지원/ 명절선물/ 생일/휴가비
- 직원 교육 및 자기 개발 기회


 면접시 가공관련 제품 사진 있으면 좋겠습니다. 
 회사 위치 상 자차운전 필수입니다.
 8월부터 기숙사 이용가능

-회사홈페이지 제품사진 참고 : http://yurimsolution.com/

* 가공제품 : 3D 시제품 그외 항공기 ,  반도체 부품

비교적 자유롭고 활기찬 분위기에서 일하실 수 있습니다.(간식,음료 드시고 싶은거 다 사드려요~^^) 
기타 문의사항은 아래 전화로 부탁드립니다.

031-352-8079 경영지원",퇴직연금,고용보험 산재보험 건강보험 국민연금,2026-07-27,,14.5,5.0,20.0,7.4,20.0,7.0,73.9,B
H954202607271186,가온방문요양센터, 5등급 할아버지 재가요양보호사 채용,재가 간병인,무관,관계없음,상용직(시간제),시급 / 10320원 ,경기 부천시,,(근무시간) (오후) 1시 00분 ~ (오후) 4시 00분,주5일근무,15,마감일 (2026-09-26),방문   ,이력서   ,032-625-8436,요양서비스,5급 할아버지 오후 재가,퇴직금,고용보험 산재보험 건강보험 국민연금,2026-07-27,,5.0,5.0,18.0,7.4,20.0,7.0,62.4,C
H954202607271180,큰별어르신재가복지센터,가양역 실버타운] 입주 요양보호사 채용,재가 간병인,무관,관계없음,상용직(시간제),시급 / 10320원 ,서울 강서구,,(근무시간) (오전) 9시 00분 ~ (정오) 12시 00분,주5일근무,15,마감일 (2026-09-26),방문 팩스 고용24 입사지원 ,기타   ,02-2600-6519,방문요양서비스,"9호선 가양역 인근 SK그레이스힐, 3등급 할머니 (92세),
- 오전3시간. 주5일(단, 추가 근무 시간이 있음, 주6일,월급 350만원)
- 음식솜씨가 있는 분 우대
- 지원문의 02-2666-5101",퇴직금,고용보험 산재보험 건강보험 국민연금,2026-07-27,,6.5,5.0,18.0,7.4,20.0,7.0,63.9,C
H954202607271162,강서서연재가복지센터,4등급 1938년생(88세) 여자 어르신 요양보호사 구인,재가 간병인,무관,관계없음,상용직(시간제),시급 / 10320원 ,서울 중랑구216동,,(근무시간) (정오) 12시 00분 ~ (오후) 3시 00분,주5일근무,15,마감일 (2026-09-26),기타   ,기타   ,02-2063-6725,노인요양,"- 일상생활 수행 도움 및 가사, 산책, 말벗 등
- 12:00-15:00/ 주 5일
- 시급 13.000원(기본 10,320원 + 주휴 등 기타수당 포함)",퇴직금,고용보험 산재보험 건강보험 국민연금,2026-07-27,,5.0,5.0,18.0,7.4,20.0,7.0,62.4,C
H954202607271561,웃음꽃방문요양센터,대곶면 재가 요양보호사,요양 보호사 및 간병인,무관,관계없음,상용직(시간제),시급 / 10320원 ,경기 김포시인근 지역,,(근무시간) (오후) 6시 30분 ~ (오후) 8시 30분,주6일근무,12,마감일 (2026-09-26),방문   ,기타   ,02-2627-1150,재가방문요양센터 운영 및 관리,"○ 2등급 79세 여 - 거동가능

○ 주야간 보호센터 하원 후 케어

○ 주2회(몸 씻기, 욕실 청소), 말벗, 복약도움, 인지활동 등

○ 식사 준비, 반찬 조리 없음 

○ 수당 포함 시급 14300원 + 중증수당(1시간 2000원)

○ 마을버스가 있는 곳이라 차량소지자 우대",퇴직금,고용보험 산재보험 건강보험 국민연금,2026-07-27,,5.0,5.0,18.0,7.4,20.0,9.0,64.4,C
H954202607271140,조은방문요양센터,[평창동] 4등급 할아버님 요양보호사 채용,재가 간병인,무관,관계없음,상용직(시간제),시급 / 13000원 ,서울 종로구,,(근무시간) (오후) 1시 00분 ~ (오후) 4시 00분,주5일근무,15,마감일 (2026-09-26),방문   ,이력서   ,02-2148-4181,"방문요양, 방문 목욕 등","-대상: 4등급 할아버님 (거동가능, 아랫층에 자녀거주) 
-내용: 청소, 세탁, 산책, 말벗 
-시간: 13:00~16:00(주5일)
-급여: 시급 13,000원(각종수당포함) + 월 교통비 10만원 ",퇴직금,고용보험 산재보험 건강보험 국민연금,2026-07-27,,5.0,5.0,18.0,7.4,20.0,7.0,62.4,C
H954202607271114,은혜재가노인복지센터,[답십리청솔우성아파트] 4등급여자어르신 13시~16시 주5일 요양보호사 구인/ 8월초부터 근무예정,재가 간병인,무관,관계없음,상용직(시간제),시급 / 10320원 ,서울 동대문구.,,(근무시간) (오후) 1시 00분 ~ (오후) 4시 00분,주5일근무,15,마감일 (2026-09-26),방문 기타  ,기타   ,02-2127-4923,노인복지센터,"- 동대문구 답십리, 4등급(여자어르신)
- 신체활동지원, 정서지원, 일상생활지원,. 개인활동지원    
- 13시~16시, 주5일",퇴직금,고용보험 산재보험 건강보험 국민연금,2026-07-27,,6.5,5.0,18.0,7.4,20.0,7.0,63.9,C
H954202607271104,가재울방문요양센터,[냉천동] 재가요양보호사 구인,재가 간병인,무관,관계없음,상용직(시간제),시급 / 13000원 ,서울 서대문구,,(근무시간) (오후) 1시 00분 ~ (오후) 4시 00분,주5일근무,15,마감일 (2026-09-26),방문   ,기타   ,02-330-1460,방문요양,"- 냉천동 4등급 할머니 재가요양
- 13:00~ 16:00/주5일
- 일상생활지원
 ",퇴직금,고용보험 산재보험 건강보험 국민연금,2026-07-27,,6.5,5.0,18.0,7.4,20.0,7.0,63.9,C
H954202607271271,시니어돌봄재가복지센터,재가요양보호사 구인(4등급),재가 간병인,무관,관계없음,상용직(시간제),시급 / 10320원 ,경기 성남시,,(근무시간) (오전) 11시 00분 ~ (오후) 2시 00분,주5일근무,15,마감일 (2026-09-26),방문   ,기타   ,031-799-2703,요양보호사,"*4등급 여자어르신
*근무시간 : 월, 화, 수, 목, 금(11시~14시)
*거주지 : 경기 성남시 중원구 둔촌대로 363
*기타수당포함 시급 13,100


*실제 서비스 제공기간에 따라 임금을 계산하여 지급하는 형태로, 채용 시 근로자마다 주 소정 근로 
간이나 임금, 근무(예정)지에 등에 차이가 있을 수 있음.",퇴직금,고용보험 산재보험 건강보험 국민연금,2026-07-27,,5.0,5.0,18.0,7.4,20.0,7.0,62.4,C
H954202607271097,효드림방문요양센터,[서계동/4등급(할머니)/09:00~12:00] 재가요양보호사 모집,재가 간병인,무관,관계없음,상용직(시간제),시급 / 10320원 - 면접 후 협의가능 ,서울 용산구서계동,,09:00~12:00(월~금),주5일근무,15,마감일 (2026-09-26),방문   ,기타   ,02-2147-3681,"방문요양, 방문목욕",4등급할머니 서계동 위생관리 및 말벗 일상생활지원,퇴직금,고용보험 산재보험 건강보험 국민연금,2026-07-27,,8.0,5.0,18.0,7.4,20.0,7.0,65.4,C
H954202607271094,가재울방문요양센터,[북가좌동]1등급 할머니 재가요양보호사 구인,재가 간병인,무관,관계없음,상용직(시간제),시급 / 13000원 ,서울 서대문구.,,(근무시간) (오후) 12시 30분 ~ (오후) 3시 30분,주5일근무,15,마감일 (2026-09-26),방문   ,기타   ,02-330-1460,방문요양,"- 북가좌동 1등급 할머니 재가요양
- 12시40분~15시40분/주5일
- 일상생활지원, 콧줄 식사도움, 기저귀케어 등",퇴직금,고용보험 산재보험 건강보험 국민연금,2026-07-27,,6.5,5.0,18.0,7.4,20.0,7.0,63.9,C
H954202607271090,시온사랑 데이케어센터,[한강로2가/3등급] 재가요양보호사 구인,재가 간병인,무관,관계없음,상용직(시간제),시급 / 10320원 ,서울 용산구,,(근무시간) (오전) 9시 00분 ~ (정오) 12시 00분,주5일근무,15,마감일 (2026-09-26),방문 기타  ,기타   ,02-2199-4536,데이케어센터 주야간보호센터 재가장기요양기관,"[ 한강로2가 ] 3등급 할아버지 재가요양보호

- 직무내용 : 가사 및 일상생활지원, 주변정리정돈

- 장기요양급여 적용 근로시간 : 1일 3시간
   
- 주5일 근무(월~금) / 근무시간 : 09:00~12:00( 근무시간외 초과 근무 있을 수 있음)

- 시급: 13,000원 (최저시급 10,320원 + 주휴수당 등 별도)  ",퇴직금,고용보험 산재보험 건강보험 국민연금,2026-07-27,,6.5,5.0,18.0,7.4,20.0,7.0,63.9,C
H954202607271071,스마일시니어다산굿모닝노인돌봄센터,[ 다산동 ] 3등급 할아버님 오전 재가요양보호사 구인 ,재가 간병인,무관,관계없음,상용직(시간제),시급 / 10320원 ,경기 남양주시,,"- 10~13시, 주3일 (월수금)",주5일근무,15,마감일 (2026-09-26),방문   ,이력서 기타  ,031-590-2346,방문요양 방문간호 방문목욕,"- 3등급 할아버님 일상생활 지원도움
- 보행 및 부축도움(초기치매증상 약간)
- 주로 화장실 이동도움, 주1회 목욕 희망 
- 10~13시, 주5일
- 시급 13,000원 (10,320원+주휴,연차 수당 포함)
- 문의 010-6649-8996",퇴직금,고용보험 산재보험 건강보험 국민연금,2026-07-27,,6.5,5.0,18.0,7.4,20.0,7.0,63.9,C
H954202607270521,(사)경기도시각장애인연합회 오산시지회,근로지원인 모집 (영통마사지안마원) ,장애인 생활지도원(장애인활동보조원 포함),무관,관계없음,계약직(시간제),시급 / 10320원 ,경기 수원시5층,,"-근무요일 : 월화목금토

-근무시간:   10:00~19:00  (8시간 근무, 휴게시간 1시",주5일근무,39,마감일 (2026-09-26),고용24 입사지원   ,이력서   ,031-8024-9830,시각장애인 사회서비스 등,"경기도 수원시 영통구 ""영통마사지안마원""  에서 근무중이신 시각장애인 세명을 지원해주실 근로지원인을 구인합니다. 

업무: 고객응대 보조 및 베드, 침구류, 집기류 등의 정리 보조, 식사보조, 이동보조 , (안마보조) 등
  
-근무요일 : 월 화 목 금 토

-근무시간:   10:00~19:00  (8시간 근무, 휴게시간 1시간)

-급여 : 시급  10320원 ~ 12,384원 (주휴수당 지급, 공휴일 유급휴가, 4대보험 가입) 

-근무기간: 26.08~26.12.31

-모집인원:  1 명


* 양성교육 수료자 우대",해당없음,고용보험 산재보험 건강보험 국민연금,2026-07-27,,13.0,6.2,18.0,6.2,20.0,7.0,70.4,B
H954202607271062,평강재가노인복지센터,[불로동] 검단요양보호사모집,재가 간병인,무관,관계없음,상용직(시간제),시급 / 10320원 ,인천 검단구,,(근무시간) (오전) 9시 00분 ~ (정오) 12시 00분,주5일근무,15,마감일 (2026-09-26),방문 팩스 고용24 입사지원 ,기타   ,032-540-2078,재가 방문요양,"3등급 어르신(남자) 요양 보호사 모집합니다.
부인과 단독 주택에 거주 하시고 화장실 출입 가능하십니다
식사는 부인이 챙겨 주셔서 약간의 도움만 드리면 됩니다
일반 요양업무를 청소위주로 해드리면 됩니다.
시급은 각종수당 포함해서 13200원 입니다",퇴직금,고용보험 산재보험 건강보험 국민연금,2026-07-27,,6.5,5.0,18.0,7.4,20.0,7.0,63.9,C
H954202607271630,(주)디엠티코리아,CNC 선반 경력자 모집,CNC 선반 조작원(NC 선반 조작원),경력,관계없음,상용직,최소연봉 / 5300만원 ,경기 화성시(주)디엠티코리아,,(근무시간) (오전) 8시 30분 ~ (오후) 7시 00분,주5일근무,40,마감일 (2026-09-26),고용24 입사지원   ,이력서   ,031-290-0823,"공작기계부품,의료기기부품제조업","1. CNC 선반
    - 두산 CNC 6"" , 8""",퇴직연금,고용보험 산재보험 건강보험 국민연금,2026-07-27,,5.0,6.2,20.0,7.4,20.0,7.0,65.6,C
H954202607271049,연세요양복지센터,재가요양보호사 모집(김포시 풍무동),재가 간병인,무관,관계없음,상용직(시간제),시급 / 10320원 ,경기 김포시..,,(근무시간) (오전) 9시 00분 ~ (정오) 12시 00분,주5일근무,15,마감일 (2026-09-26),방문 기타  ,기타   ,070-5067-0327,요양복지센터,"- 3등급 할머니(독거)
- 근무시간 : 09:00~12:00(주 5일)
- 시급 : 10,320원(+주휴 수당, 연차 수당 기타 제수당 포함=13,100원) 
* 신안아파트거주/ 풍무고등학교 도보 11분 ",퇴직금,고용보험 산재보험 건강보험 국민연금,2026-07-27,,5.0,5.0,18.0,7.4,20.0,7.0,62.4,C
H954202607271052,연사랑노인복지센터,"오전 요양보호사 모집 - 만수동,  만수 주공아파트 8단지. ",재가 간병인,무관,관계없음,상용직(시간제),시급 / 10320원 ,인천 남동구.,,(근무시간) (오전) 9시 00분 ~ (정오) 12시 00분,주5일근무,15,마감일 (2026-09-26),방문   ,기타   ,032-460-4940,,"가정에 방문하여 어르신 돌봄서비스 제공    
- 만수동, 만수주공 8단지 아파트
- 3등급 할머니 (혼자살고 계심,집안에서 거동 가능하심)
- 오전 9시 부터 ~ 12시까지 (하루 3시간)
- 월 ~ 금 (주 5일)
- 시급: 13,300원(주휴수당, 연차수당 포함)",퇴직금,고용보험 산재보험 건강보험 국민연금,2026-07-27,,5.0,5.0,18.0,7.4,20.0,7.0,62.4,C
H954202607271036,기쁨해노인복지센터,재가요양보호사 구인,재가 간병인,무관,관계없음,상용직(시간제),시급 / 10320원 ,경기 안양시,,주5일 오후5시~오후8시(시간협의),주5일근무,15,마감일 (2026-09-26),방문 기타  ,이력서 기타  ,031-8045-3852,방문요양 및 목욕 등,"-3등급 독거 할아버지 일상생활지원/거동하심 
-주5일 오후5시~오후8시(시간협의)
-시급10320원+주수당포함13000원",퇴직금,고용보험 산재보험 건강보험 국민연금,2026-07-27,,6.5,5.0,18.0,7.4,20.0,7.0,63.9,C
H954202607271680,에베드재가요양복지센타,[신사동] 요양보호사 구인 ,요양 보호사 및 간병인,무관,관계없음,상용직(시간제),시급 / 13000원 ,서울 은평구.,,오전 오후 시간 선택 가능  월~토,주6일근무,18,마감일 (2026-09-26),방문 기타  ,기타   ,02-389-1972,"방문요양, 방문목욕","-직무대상: 4등급 여 어르신
-직무내용: 요양보호사 전반적인 업무
-근무시간: 09:00~12:00 / 주6일
-시급: 13,000원
-근무지:은평구 갈현로3가길 4",퇴직금,고용보험 산재보험 건강보험 국민연금,2026-07-27,,6.5,5.0,18.0,7.4,20.0,7.0,63.9,C
H954202607271009,서초누리재가복지센터,[행당동/4등급/할아버지/09~12시 주5일] 재가 요양보호사 모집,재가 간병인,무관,관계없음,상용직(시간제),시급 / 10320원 ,서울 성동구서울숲한신더휴아파트,,(근무시간) (오전) 9시 00분 ~ (정오) 12시 00분,주5일근무,15,마감일 (2026-09-26),방문 기타  ,이력서 기타  ,02-2286-5409,방문노인요양사업,"4등급 할아버지 케어
-말씀 없으시며 이동가능, 허리협착증 우울증초기증상
-간단한 식사, 산책, 주변정리정돈, 인지학습도움등
-근무시간 09:00~12:00 주5일
-시급 10,320원(연차와 주휴수당등을 포함한 포괄시급 13,300원)",퇴직금,고용보험 산재보험 건강보험 국민연금,2026-07-27,,5.0,5.0,18.0,7.4,20.0,7.0,62.4,C
H954202607271783,희망재가복지센터,"(수리산역) 4등급할머니, 오후4~오후7, 월~토(주6), 시간과 요일 협의 불가",요양 보호사 및 간병인,무관,관계없음,상용직(시간제),시급 / 10320원 ,"경기 군포시,",,(근무시간) (오후) 4시 00분 ~ (오후) 7시 00분,주6일근무,18,마감일 (2026-09-26),방문 기타  ,이력서   ,031-8045-4818,"방문요양, 방문목욕","- 4등급독거할머니(84)-파킨슨, 허리수술, 실내워커로 거동 가능
- 오후4~오후7, 월~토 (주6)....독거로 시간과 요일 협의 불가
- 식사준비 및 정리정돈
- 수리산역 근처 가야아파트 (8평)
- 수당포함 시급 :13,100

- 지원 및 문의 9031-8045-4818)",퇴직금,고용보험 산재보험 건강보험 국민연금,2026-07-27,,6.5,5.0,18.0,7.4,20.0,7.0,63.9,C
H954202607271137,그린환경테크 주식회사,[잠실 교통회관]  외곽미화원 모집,"건물 청소원(공공건물,아파트,사무실,병원,상가,공장 등)",무관,관계없음,계약직,월급 / 216만원 ,서울 송파구교통회관,,06:00~15:30(주5일),주5일근무,40,마감일 (2026-09-26),방문   ,이력서   ,02-2147-3681,위생관리용역업,"- 잠실교통회관  외곽청소  
- 근무시간:06:00~15:30(주5일) 휴게시간:08:30~09:30, 11:30~12:30

지원희망시 이력서 휴대폰(010-2377-0508)으로 사진찍어서 전송바랍니다. 검토후 연락드리고 면접진행합니다.",퇴직금,고용보험 산재보험 건강보험 국민연금,2026-07-27,,6.5,5.0,20.0,7.4,20.0,7.0,65.9,C
H954202607271107,(주)왕건,창고관리 및 집게차운전원 모집,,무관,관계없음,상용직,월급 / 250만원 ,경기 광주시왕건,,(근무시간) (오전) 8시 30분 ~ (오후) 6시 00분,주5일근무,40,마감일 (2026-09-26),고용24 입사지원   ,이력서   ,031-799-2754,육가공업,"창고관리(지게차운전)

집게차운전 가능",퇴직금,고용보험 산재보험 건강보험 국민연금,2026-07-27,,6.5,5.0,20.0,7.4,20.0,7.0,65.9,C
H954202607270999,효담재가복지센터,[재가요양보호사 모집] 4등급 여자어르신 / 양평동 / 오전 ,재가 간병인,무관,관계없음,상용직(시간제),시급 / 10320원 ,서울 영등포구,,08:00~11:00 / 주5일 ,주5일근무,15,마감일 (2026-09-26),기타   ,이력서 기타  ,02-2670-3795,방문요양,"[재가요양보호사 모집] 
직무 : 4등급 여자어르신 돌봄 - 44년/케어시간 혼자 계심/가사 및 일상생활지원

근무시간 : 08:00~11:00 / 주5일 

급여 : 시급 10,320원 ( + 주휴수당 2,064원, 연차수당594, 기타수당 22원) +처우개선비 200원 

근무지: 서울시 영등포구 양평로17길 36 성원아파트 (양평동)

* 지원방법 : 전화문의 후 방문 (010-8946-3067)",퇴직금,고용보험 산재보험 건강보험 국민연금,2026-07-27,,11.5,5.0,18.0,7.4,20.0,7.0,68.9,C
H954202607270993,파랑새마을재가센터,[응암동]요양보호사 구인,재가 간병인,무관,관계없음,상용직(시간제),시급 / 13500원 ,서울 은평구.,,(근무시간) (오전) 10시 30분 ~ (오후) 1시 30분,주5일근무,15,마감일 (2026-09-26),방문 팩스 기타 ,기타   ,070-5080-4591,"방문요양,방문목욕","-대상:4등급 여 자 어르신
-내용:일상생활지원
-시간:10:30~13:30(주5일)
-시급:13,500원
-근무지:은평구 가좌로 9길16",퇴직금,고용보험 산재보험 건강보험 국민연금,2026-07-27,,6.5,5.0,18.0,7.4,20.0,7.0,63.9,C
H954202607270979,금천둥지방문요양센터,"시흥동, 5등급 여, 9:00~12:00, 주5일, 치매교육이수자",재가 간병인,무관,관계없음,상용직(시간제),시급 / 10320원 ,서울 금천구275,,(근무시간) (오전) 9시 00분 ~ (정오) 12시 00분,주5일근무,15,마감일 (2026-09-26),방문 기타  ,기타   ,02-2627-1919,재가방문요양복지사업,"○ 5등급 할머니

○ 기본 시급 10030원 + 주휴수당 + 연차수당 + 기타수당 = 13,000원

○ 치매교육이수자(필수)

※ 건강 검진 완료하신 분 지원바랍니다.",퇴직금,고용보험 산재보험 건강보험 국민연금,2026-07-27,,6.5,6.2,18.0,7.4,20.0,7.0,65.1,C
H954202607270968,다솜 재가방문요양센터,{장지동/4등급(할머니)/12:30~15:30] 재가요양보호사 모집,재가 간병인,무관,관계없음,상용직(시간제),시급 / 10320원 ,서울 송파구,,12:30~15:30(월~금),주5일근무,15,마감일 (2026-09-26),방문   ,이력서 기타  ,02-2147-3681,"방문요양,방문목욕","-  4등급 할머니 (거동 가능) 장지동
- 일상생활 지원, 가사 지원, 인근 거주자 우대
- 근무시간 : 12:30~15:30(주5일)",퇴직금,고용보험 산재보험 건강보험 국민연금,2026-07-27,,6.5,5.0,18.0,7.4,20.0,7.0,63.9,C
H954202607270962,용인방문간호요양센터,[보정동] 3등급 여어르신 오후 요양보호사 구인,재가 간병인,무관,관계없음,상용직(시간제),시급 / 10320원 ,경기 용인시1267,,(근무시간) (오후) 2시 00분 ~ (오후) 5시 00분,주5일근무,15,마감일 (2026-09-26),방문 기타  ,기타   ,031-289-2267,방문요양,"* 3등급 (48년생)여어르신 케어 
- 배우자가 잘 돌보고 계심
- 대상 : 상태 양호, 일상생활, 가사 업무 지원
- 시간 : 14:00~17:00 (주5일)
- 포괄시급 : 13,100원 (시급10,320원 + 각 수당)


*다만, 실제 서비스 제공기간에 따라 임금을 계산하여 지급하는 형태로 채용시 근로자마다 주 소정근로시간이나 임금, 근무(예정)지 등에 차이가 있을 수 있음.",퇴직금,고용보험 산재보험 건강보험 국민연금,2026-07-27,,14.5,5.0,18.0,7.4,20.0,7.0,71.9,B
H954202607270842,에스엔디산업,사무(품질.개발)/성실하고 책임감 강한 인재를 구합니다.,,무관,관계없음,상용직,월급 / 250만원 ,경기 남양주시,,(근무시간) (오전) 8시 30분 ~ (오후) 6시 00분,주5일근무,40,마감일 (2026-09-26),방문 팩스 고용24 입사지원 ,이력서 자기소개서  ,031-560-1965,자동차부품 .플라스틱부품제조,"품질 관리 업무

자동차 플라스틱 부품 생산 관련 품질 업무

고객 대응, 사내 공정 품질 관리 등

기본 엑셀 및 간단한 입력 관리 능력 필수",퇴직연금,고용보험 산재보험 건강보험 국민연금,2026-07-27,,8.0,6.2,20.0,7.4,20.0,7.0,68.6,C
H954202607270940,강남효재가장기요양센터, [은천초등학교 인근] 4등급 할머니 주5일 오후3~6시,재가 간병인,무관,관계없음,상용직(시간제),시급 / 10320원 ,서울 관악구2층,,15~18시.  월-금,주5일근무,15,마감일 (2026-09-26),방문   ,이력서   ,02-879-5774,노인장기 재가요양서비스,"[은천초등학교 인근] 4등급 할머니 케어 
- 신체활동지원 및 일상생활지원(주3회 동네걷기운동, 주3회샤워) 음식은 안하심
- 오후 3시간(15:00~18:00)/주5일 15시간
시급 : 13100원(10,320+기타수당 포함)",퇴직금,고용보험 산재보험 건강보험 국민연금,2026-07-27,,6.5,6.2,18.0,7.4,20.0,7.0,65.1,C
H954202607270971,주식회사세원건물관리,[우만동] 아파트 미화원 구인,"건물 청소원(공공건물,아파트,사무실,병원,상가,공장 등)",무관,관계없음,계약직,월급 / 162만원 ,경기 수원시.,,(근무시간) (오전) 9시 00분 ~ (오후) 4시 00분,주5일근무,29,마감일 (2026-09-26),방문   ,이력서   ,031-5191-8680,"소독및 방역, 청소용역, 건물관리","* 아파트 내부 청소
* 근무시간 :  주 5일 근무 /  (월~금요일) 09:00~16:00 
* 월 급여 : 1,615,080원
* 근무지 : 우만동 우만주공4단지아파트",퇴직금,고용보험 산재보험 건강보험 국민연금,2026-07-27,,5.0,5.0,20.0,7.4,20.0,7.0,64.4,C
H954202607270926,행복한재가복지센터,재가요양보호사 구인,재가 간병인,무관,관계없음,상용직(시간제),시급 / 10320원 ,인천 검단구204동,,(근무시간) (오전) 9시 00분 ~ (정오) 12시 00분,주5일근무,15,마감일 (2026-09-26),방문   ,기타   ,032-540-2031,재가,"-  인천시 검단구 검단로 788 동성아파트 (불로동)
 - 신체, 가사, 정서, 개인활동 지원
 - 4등급 여자어르신
 - 시간당 :기본시급 10,320 각종수당포함 13,000원
 - 근무시간 : 09:00~12:00 (주5일)",퇴직금,고용보험 산재보험 건강보험 국민연금,2026-07-27,,6.5,5.0,18.0,7.4,20.0,7.0,63.9,C
H954202607270925,수원 한결재가복지센터,따뜻한 마음으로 어르신을 케어하는 요양보호사를 찾습니다.,재가 간병인,무관,관계없음,상용직(시간제),시급 / 10320원 ,경기 화성시,,(근무시간) (오전) 9시 00분 ~ (정오) 12시 00분,주5일근무,15,마감일 (2026-09-26),방문 고용24 입사지원  ,기타   ,031-231-7906,재가복지센터,"[모집직무]
요양보호사, 요양보호사(노인요양사), 재가 요양보호사

[직무소개]
 3등급 남자 어르신으로 거동의 불편함이 있으므로 신체활동지원과 일상생활 지원 원하심

[주요업무]
- 어르신들의 식사 및 생활 관리 지원
- 어르신들의 안전과 편안함을 책임지는 업무 수행

* 포괄 13,000원(시급+제수당)",퇴직금,고용보험 산재보험 건강보험 국민연금,2026-07-27,,11.0,5.0,18.0,7.4,20.0,7.0,68.4,C
H954202607270918,옥정의료기방문요양센터,재가요양보호사 구인,재가 간병인,무관,관계없음,상용직(시간제),시급 / 10320원 ,경기 고양시,,(근무시간) (오전) 10시 00분 ~ (오후) 1시 00분,주5일근무,15,마감일 (2026-09-26),방문   ,기타   ,031-849-2323,재가 요양,"재가요양보호사 모집

대   상 : 4등급 할아버님, 
시   간 : 10:00~13:00 
근무일 : 주5일 
급   여 : (시급)13,000원(주휴수당 포함) 
     
근무 내용: 4 등급 할아버님 (식사 및 청소)
          
** 특이사항 : 귀랑 눈이 안좋으심",퇴직금,고용보험 산재보험 건강보험 국민연금,2026-07-27,,5.0,5.0,18.0,7.4,20.0,7.0,62.4,C
H954202607270908,송파방문요양센터,[감일동]4등급 남자어르신 9시~12시(3시간) 주5일 요양보호사 구인,재가 간병인,무관,관계없음,상용직(시간제),시급 / 10320원 ,경기 하남시,,(근무시간) (오전) 9시 00분 ~ (정오) 12시 00분,주5일근무,15,마감일 (2026-09-26),방문 기타  ,기타   ,02-2147-3683,방문요양,"감일동 스윗시티8단지 4등급 남자어르신
 거동가능하시고 인지양호하심

어르신 식사준비 및 주변정리
말벗 정서지원 요양보호사 업무

오전9시~12시(일3시간) 월~금

02-418-0746 전화로 지원바랍니다",퇴직금,고용보험 산재보험 건강보험 국민연금,2026-07-27,,8.0,5.0,18.0,7.4,20.0,7.0,65.4,C
H954202607271670,지원정밀(주),생산직 생산관리자 모집,CNC 선반 조작원(NC 선반 조작원),경력,관계없음,상용직,시급 / 10320원 ,인천 미추홀구1층,,(근무시간) (오전) 7시 00분 ~ (오후) 4시 00분,주5일근무,,마감일 (2026-09-26),팩스 고용24 입사지원  ,이력서   ,032-460-4940,"기계제작,가공","CNC(호리젠탈), MCT 사원모집합니다.  
많은 지원바랍니다.
급여은 상담 후 경력에 따라 차등지급됩니다.",퇴직연금,고용보험 산재보험 건강보험 국민연금,2026-07-27,,6.5,5.0,18.0,7.4,16.0,7.0,59.9,C
H954202607270884,현정재가복지센터,가양7단지/4등급 /여자어르신(58년생) 12시 30분~15시 30분 주 5회 (시간협의 가능),재가 간병인,무관,관계없음,상용직(시간제),시급 / 10320원 ,서울 강서구,, 12시30분~15시30분   * 주5회 (시간협의 가능),주5일근무,18,마감일 (2026-09-26),방문   ,기타   ,02-2063-6725,장기요양 재가복지,"ㅇ근무지: 서울시 강서구 가양7단지
ㅇ모집직종: 요양보호사 1명
ㅇ근무내용: 가사지원 및 휠체어 지원(장서는 날 주 1회정도)
ㅇ근무시간: 12시30분~15시30분(시간협의 가능)  * 주5회
ㅇ시      급: 13,000원 (기본 10,320원+ 주휴 등 기타수당 포함)
ㅇ필수: 요양보호사 자격증",퇴직금,고용보험 산재보험 건강보험 국민연금,2026-07-27,,6.5,5.0,18.0,7.4,20.0,7.0,63.9,C
H954202607271252,재가복지센터 선택,요양보호사님,재가 간병인,무관,관계없음,상용직(시간제),시급 / 10320원 ,서울 금천구,,(근무시간) (오후) 12시 30분 ~ (오후) 3시 30분,주5일근무,15,마감일 (2026-09-26),방문 고용24 입사지원  ,이력서   ,02-3282-0657,방문요양,"80대 남자 4등급 어르신의 일상생활을 지원하는 서비스도움 드릴수있는선생닙
[주요업무]
- 어르신 일상생활 도움
- 식사 및 가사 지원
- 위생 관리 지원",퇴직금,고용보험 산재보험 건강보험 국민연금,2026-07-27,,9.5,5.0,18.0,7.4,20.0,7.0,66.9,C
H954202607270868,청춘실버요양센터,재가요양보호사 채용,재가 간병인,무관,관계없음,상용직(시간제),시급 / 10320원 ,인천 서해구.,,(근무시간) (오후) 2시 30분 ~ (오후) 5시 30분,주5일근무,15,마감일 (2026-09-26),방문 기타  ,기타   ,032-560-5809,노인장기요양보험 재가센터**,"- 가좌동 코오롱 하늘채@ 3등급 여성분 케어(병원동행, 가사도움등, 독거)
- 근무시간: 14:30-17:30, 토요일 근무 있음. = 시간조정 가능
- 시급: 13,000원(기타 수당등 포함)
* 유선연락 후 면접",퇴직금,고용보험 산재보험 건강보험 국민연금,2026-07-27,,5.0,5.0,18.0,7.4,20.0,7.0,62.4,C
H954202607270841,하랑방문요양센터,요양보호사를 모십니다.  ,재가 간병인,무관,관계없음,상용직(시간제),시급 / 10320원 ,경기 수원시6동,,(근무시간) (오후) 1시 00분 ~ (오후) 4시 00분,주5일근무,15,마감일 (2026-09-26),고용24 입사지원   ,기타   ,031-739-3112,재가요양,"요양보호사를 모십니다. 
-근무지 : 경기도 수원시 영통구 웰빙타운로 광교 호반베르디움 아파트 
-근무시간 : 오후1시~오후4시
-근무내용 : 점심 약 챙겨드림. 정서지원 
-시급 : 13500원
* 3등급 여자 어르신(인품이 매우 좋으신 분이십니다)",퇴직금,고용보험 산재보험 건강보험 국민연금,2026-07-27,,6.5,5.0,18.0,7.4,20.0,7.0,63.9,C
H954202607270813,대성재가복지센터,안양 관양동 3등급 어르신케어 재가요양보호사 구인,재가 간병인,무관,관계없음,상용직(시간제),시급 / 10320원 ,경기 안양시,,(근무시간) (오전) 8시 00분 ~ (오전) 11시 00분,주5일근무,24,마감일 (2026-09-26),방문 기타  ,기타   ,02-2063-6757,방문요양,"[안양 관양동 3등급 어르신케어 재가요양보호사 구인]

- 3등급 할머니 돌봄(70대후반): 편마비, 발음이 약간 어눌함

- 기저귀케어,  및 식사도움, 이동도움, 청소, 세탁 등

- 08:00~11:00 / 주 5일

- 시급 13,500원  (최저시급 10,320원+기타수당) 

- 안양시 동안구 동편로 120 소재",퇴직금,고용보험 산재보험 건강보험 국민연금,2026-07-27,,5.0,5.0,18.0,7.4,20.0,7.0,62.4,C
H954202607271690,(주)유진특수용접,생산 관리 모집,,무관,관계없음,상용직,최소연봉 / 3500만원 ,경기 안산시(C동),,(근무시간) (오전) 8시 00분 ~ (오후) 5시 00분,주6일근무,40,마감일 (2026-09-26),팩스 고용24 입사지원  ,이력서   ,031-412-6919,가공 및 정제염 제조업,"생산 납기 및 품질 관리
생산 공정 관리
고객사 대응 및 납품 일정관리
고객사 발주 접수 및 생산계획 관리",퇴직금,고용보험 산재보험 건강보험 국민연금,2026-07-27,,6.5,6.2,20.0,7.4,20.0,7.0,67.1,C
H954202607270810,가나방문요양재가센터,재가요양보호사 채용(상계동),재가 간병인,무관,관계없음,상용직(시간제),시급 / 10320원 ,서울 노원구,,(근무시간) (오전) 8시 30분 ~ (오후) 12시 30분,주5일근무,20,마감일 (2026-09-26),방문   ,기타   ,02-2091-2923,방문요양,"4등급 어르신 부부 방문 케어
- 상계동 수락파크빌아파트 거주
- 식사조리 위주 케어
- 주5일, 08시반-12시반 근무
- 시급 10,320원(수당 등 포함 시 13,000원)",퇴직금,고용보험 산재보험 건강보험 국민연금,2026-07-27,,5.0,5.0,18.0,7.4,20.0,7.0,62.4,C
H954202607270768,한마음노인복지센터,남현동 주민센터인근 5등급 독거 여자어르신 주5일 오전9~12시,재가 간병인,무관,관계없음,상용직(시간제),시급 / 10320원 ,서울 관악구남현동 주민센터 인근,,주5일 오전9~12시,주5일근무,15,마감일 (2026-09-26),방문   ,이력서   ,02-879-5773,요양보호,"남현동 주민센터인근 5등급 독거 여자어르신 주5일 오전9~12시

- 일반 어르신케어, 식사도움 등  /  치매교육이수

- 주휴.연차수당포함 시급 13,000원",퇴직금,고용보험 산재보험 건강보험 국민연금,2026-07-27,,5.0,5.0,18.0,7.4,20.0,7.0,62.4,C
H954202607270748,129재가복지/방문요양센터,답십리동 두산위브아파트] 3등급 92세 여자어르신 오후1:30-4:30(약간조정가)주5일 / 방문요양사 구인 기본시급10320원+수당2880원,재가 간병인,무관,관계없음,상용직(시간제),시급 / 10320원 ,서울 동대문구,,(근무시간) (오후) 1시 30분 ~ (오후) 4시 30분,주5일근무,15,마감일 (2026-09-26),기타   ,기타   ,02-2127-4921,방문요양,요양보호사 업무(전반적인 요양업무),퇴직금,고용보험 산재보험 건강보험 국민연금,2026-07-27,,6.5,5.0,18.0,7.4,20.0,7.0,63.9,C
H954202607270707,주식회사 이레행복재가복지센터,남자방문요양보호사모집(이레행복재가복지센터),재가 간병인,무관,관계없음,상용직(시간제),시급 / 10320원 ,경기 안양시,,(근무시간) (오후) 2시 00분 ~ (오후) 5시 00분,주5일근무,15,마감일 (2026-09-26),방문 팩스 고용24 입사지원 ,이력서   ,031-463-0743,.,"ㅇ채용대상 : 남자요양보호사
ㅇ돌봄대상 : 75세 3등급 남자어르신
ㅇ근무지 : 안양시 동안구 관악대로 천진빌딩
ㅇ근무간 : 월~금요일 / 14:00~17:00 (3시간)
ㅇ시 급 : 13,500원(주휴수당+연차수당+기타수당 등 포함)
ㅇ직무내용 : 산책 등 일상생활지원, 이동도움
ㅇ대중교통 : 거주지 인근 100~300미터 이내 버스정류소 위치",퇴직금,고용보험 산재보험 건강보험 국민연금,2026-07-27,,6.5,5.0,18.0,7.4,20.0,7.0,63.9,C
H954202607271289,사단법인장애와사회,"근로지원인 모집( 강서구, 사회복지사, 일 7H )",장애인 생활지도원(장애인활동보조원 포함),무관,관계없음,계약직,시급 / 13416원 ,서울 강서구,,(근무시간) (오후) 2시 00분 ~ (오후) 10시 00분,주5일근무,0,마감일 (2026-09-26),   ,이력서 기타  ,02-2600-6515,장애인 자립생활지원 사업,"근로지원인 업무
- 장애로 인해 부수적인 업무 수행이 어려운 장애인근로자의 업무 지원
- 지원하는 장애인 당사자의 장애 유형 및 담당 업무에 따라 지원 내용 상이

담당업무
- 세탁방 업무 지원


※ 필수 자격 2가지 충족해야 지원 가능<필수자격1>
- 근로지원인 Start Up! 교육 수강한 자

<필수자격 2> (아래 자격 중 한 가지 이상 해당 필수)>
- 재활, 교육, 심리, 의료, 기술 및 사회사업분야의 전문학사 이상의 학위를 소지한 자
- 사회복지사, 직업상담사, 직업능력개발훈련교사, 특수교사, 정신보건전문요원 등 관련 분야 자격증 소지자
- 직업재활 실시 기관 2년 이상 종사자, 장애인 고용 사업장 3년 이상 종사자
- 근로지원인 서비스를 1년 이상 제공한 이력이 있는 자 중 공단의 발달 장애인 근로지원인 양성교육 과정을 이수한 자(현장 실습 포함)

급여
- 시급: 13,416원 + 주휴수당 별도

근무시간
- 14시 ~ 22시 ( 휴게시간: 18시~19시 ), 주5일, 일7시간 (주35시간)

지원방법
- 이메일 (humanrights2012@humanrights.org) 로 이력서와 자격증 제출",퇴직금,고용보험 산재보험 건강보험 국민연금,2026-07-27,,16.0,6.2,18.0,7.4,20.0,4.0,71.6,B
H954202607270684,강서홈케어 재가노인복지센터,[화곡2동] 재가요양보호사 모집,재가 간병인,무관,관계없음,상용직(시간제),시급 / 10320원 ,서울 강서구,,(근무시간) (오전) 10시 00분 ~ (오후) 1시 00분,주5일근무,15,마감일 (2026-09-26),방문 기타  ,이력서   ,02-860-2500,방문요양서비스,"화곡2동주민센터인근

- 대상자: 3등급 할머니, 독거
- 근무내용: 개인위생, 가사 및 일상생활지원, 청소, 및 정리정돈, 말벗
- 근무시간: 10:00~13:00/주5일
- 시급: 10,320원[포괄 시급14,000원]",퇴직금,고용보험 산재보험 건강보험 국민연금,2026-07-27,,6.5,5.0,18.0,7.4,20.0,7.0,63.9,C
H954202607270671,마곡재가복지센터,"화곡본동] 오전, 재가 요양보호사 채용",재가 간병인,무관,관계없음,상용직(시간제),시급 / 10320원 ,서울 강서구,,(근무시간) (오전) 9시 00분 ~ (정오) 12시 00분,주5일근무,15,마감일 (2026-09-26),방문 기타  ,기타   ,02-2600-6519,노인복지 방문요양 서비스,"- 화곡본동, 5등급 할머니(51년생, 보행가능), 오전3시간, 주5일
- 인지프로그램 및 일상가사지원(식사준비, 반찬 조리 등), 병원동행, 말벗 등
- 근무예정지: 강서구 까치산로14가길21(화곡동)
- 필수: 치매교육이수
- 지원문의 010-6342-7686",퇴직금,고용보험 산재보험 건강보험 국민연금,2026-07-27,,6.5,6.2,18.0,7.4,20.0,7.0,65.1,C
H954202607271707,가가호호방문요양센터,의정부동 방문요양보호사 모집 ,요양 보호사 및 간병인,무관,관계없음,상용직(시간제),시급 / 10320원 ,경기 의정부시,,(근무시간) (오전) 9시 00분 ~ (정오) 12시 00분,주6일근무,18,마감일 (2026-09-26),방문   ,기타   ,031-828-0923,.,"의정부동 방문요양보호사 모집 

수급대상 : 4등급 여자 어르신 (식사, 청소, 병원동행 등) 
근무지역 : 의정부시 신흥로 168번길 32-15(의정부동)
근무시간 : 월 ~ 토 ( 오전 09:00 ~ 정오 12:00 )
시     급  : 13,000원",퇴직연금,고용보험 산재보험 건강보험 국민연금,2026-07-27,,5.0,5.0,18.0,7.4,20.0,7.0,62.4,C
H954202607270664,행복한노인복지센터,사랑과 배려를 담아 따뜻한 삶을 곁들여주세요: 재가 요양보호사/간병인/가사 도우미 채용,재가 간병인,무관,관계없음,상용직(시간제),시급 / 10320원 ,경기 여주시1층,,(근무시간) (오전) 10시 00분 ~ (오후) 1시 00분,주5일근무,15,마감일 (2026-09-26),방문 우편 팩스 고용24 입사지원,이력서 자기소개서 기타 ,031-740-6792,가족의 보호를 받을 수 없는 심신이 허약한 노인과 장애노인을 주간 및 방,"[주요업무]
- 대상자의 생활, 식사, 샤워, 이동 등 일상생활 지원
- 5등급 인지 프로그램 제공 및 즐거운 시간 함께하기
- 대상자의 건강 상태 및 욕구 파악 및 반응
- 가사 업무 지원 (청소, 설거지, 쇼핑 등)
- 지원자와 가족과의 소통 및 정보 공유
[임금정보]
- 13000원 (각종 수당 포함)",퇴직금,고용보험 산재보험 건강보험 국민연금,2026-07-27,,8.0,5.0,18.0,7.4,20.0,7.0,65.4,C
H954202607270958,주식회사 택이네,식자재 구매 및 관리 사원 모집합니다,,신입,관계없음,상용직,월급 / 300만원 ,경기 화성시.,,(근무시간) (오전) 9시 00분 ~ (오후) 6시 00분,주5일근무,40,마감일 (2026-09-26),고용24 입사지원   ,이력서 기타  ,031-290-0823,수산물 도소매(조개류),"식자재 구매 및 재고관리
근무시간 오전9시~오후6시
주5일근무 (토,일 ,공휴일 휴무)",퇴직금,고용보험 산재보험 건강보험 국민연금,2026-07-27,,6.5,5.0,20.0,7.4,20.0,7.0,65.9,C
H954202607270648,드림광주재가센터,재가 요양보호사 모집 (3등급할머니/주5일/9시~12시),재가 간병인,무관,관계없음,상용직(시간제),시급 / 10320원 ,경기 광주시현대 2차 재가,,(근무시간) (오전) 9시 00분 ~ (정오) 12시 00분,주5일근무,15,마감일 (2026-09-26),방문   ,이력서   ,031-760-5944,"재가장기요양(방문요양, 방문목욕)","- 3등급 할머니 방문 케어
- 신체 지원, 정서 지원, 가사 및 일상 활동 지원
- 근무시간 : 9:00~12:00/주5일
- 시급 13,100원 (10,320원 +주휴수당외 기타수당 포함)",퇴직금,고용보험 산재보험 건강보험 국민연금,2026-07-27,,6.5,5.0,18.0,7.4,20.0,7.0,63.9,C
H954202607270954,에이스시설관리(주),[급구/ 금천구 가산동 단시간 미화원 구인],"건물 청소원(공공건물,아파트,사무실,병원,상가,공장 등)",무관,관계없음,계약직,월급 / 68만원 ,서울 금천구,,(근무시간) (오전) 6시 30분 ~ (오전) 9시 00분,주5일근무,12,마감일 (2026-09-26),기타   ,이력서   ,02-2639-2175,위생관리 및 소독 시설물 유지관리,"[급구/ 금천구 가산동 단시간 미화원 구인]

- 미화원 업무/ 8.3출근 예정 

- 근무시간 : 평일 06:30~09:00(근로시간 2시간30분)/ 토,일요일 휴무/ 주 5일 근무

- 급여 : 월 681,120원 

- 근무지 : 서울특별시 금천구 가산디지털1로 128(가산동) STX-V타워/ 1901호~1905호",퇴직금,고용보험 산재보험 건강보험 국민연금,2026-07-27,,6.5,5.0,20.0,7.4,20.0,7.0,65.9,C
H954202607270647,동부케어복지센터,(분당동) 4등급 독거할머니 케어할 요양보호사 구인 ,재가 간병인,무관,관계없음,상용직(시간제),시급 / 10320원 ,경기 성남시,,(근무시간) (오전) 9시 00분 ~ (정오) 12시 00분,주5일근무,15,마감일 (2026-09-26),방문 기타  ,기타   ,031-729-4420,노인장기요양보험 제도에 의해 재가장기요양기관,"(분당동) 4등급 독거할머니 케어할 요양보호사 구인 

- 주 5일 / 09:00~12:00 혹은 08:30~11:30 
- 대진고 근처(분당동) 주택단지 
- 말벗, 주변정리, 점심식사 
- 시급 : 13,300원( 기타수당포함금액) ",퇴직금,고용보험 산재보험 건강보험 국민연금,2026-07-27,,5.0,5.0,18.0,7.4,20.0,7.0,62.4,C
H954202607270627,샬롬재가복지센터,오산 양산로 요양보호사 구인,재가 간병인,무관,관계없음,상용직(시간제),시급 / 10320원 ,경기 오산시,,(근무시간) (오후) 3시 00분 ~ (오후) 6시 00분,주5일근무,15,마감일 (2026-09-26),고용24 입사지원   ,기타   ,032-540-5764,"방문요양, 방문목욕","문의전화 : 032-433-6604

- 8월 3일부터 바로 근무 가능하신분 
- 4등급 90세 남자 독거 어르신 
- 평일 월~금 15:00~18:00 협의가능
- 요양보호사 일상업무(식사준비, 청소, 정서지원 등)
- 음식을 정갈하게 만드시는 분을 원합니다.
- 어르신은 점잖으시고 인자하심

시급:  포괄시급 13,000원",퇴직금,고용보험 산재보험 건강보험 국민연금,2026-07-27,,8.0,5.0,18.0,7.4,20.0,7.0,65.4,C
H954202607270562,스마일시니어다산굿모닝노인돌봄센터,"[전농동SK아파트] 3등급 88세남성어르신 오전10시~13시 주5일 재가요양보호사 구인 [식사준비, 부축도움 등, 목욕X] 기본시급10320원+수당3180원",재가 간병인,무관,관계없음,상용직(시간제),시급 / 10320원 ,서울 동대문구,,(근무시간) (오전) 10시 00분 ~ (오후) 1시 00분,주5일근무,15,마감일 (2026-09-26),방문   ,이력서 기타  ,02-2127-4921,방문요양 방문간호 방문목욕,"- 3등급 할아버님 일상생활 지원도움
[어르신상태] 지팡이나 보행기의 도움으로 보행, 치매 증상 전혀없음
[필요서비스] 식사준비, 말벗, 처소, 빨래, 산책보조, 부축도움",퇴직금,고용보험 산재보험 건강보험 국민연금,2026-07-27,,6.5,5.0,18.0,7.4,20.0,7.0,63.9,C
H954202607270536,선한케어지센터,방문요양보호사 모집(논현주공2단지),재가 간병인,무관,관계없음,상용직(시간제),시급 / 10320원 ,인천 남동구,,(근무시간) (정오) 12시 00분 ~ (오후) 3시 00분,주5일근무,15,마감일 (2026-09-26),방문   ,기타   ,032-460-4778,방문요양 서비스 제공,"- 3등급 여자어르신
-근무시간: 월~금(12~15시)  
-주요업무: 신체활동 및 가사일상
-포괄시급: 13,500원",퇴직금,고용보험 산재보험 건강보험 국민연금,2026-07-27,,6.5,6.2,18.0,7.4,20.0,7.0,65.1,C
H954202607270741,가족효방문목욕센터,따뜻한 마음으로 어르신들의 삶을 지지해주세요: 노인돌봄 서비스 담당자 모집,노인 생활지도원,무관,관계없음,상용직(시간제),시급 / 10320원 ,경기 안성시,,(근무시간) (오전) 11시 00분 ~ (오후) 2시 00분,주5일근무,15,마감일 (2026-09-26),방문 팩스 고용24 입사지원 ,기타   ,031-686-1716,방문목욕센터,"[모집직무]
재가 요양보호사

[직무소개]
우리 회사는 4등급 및 3등급 노인을 위한 맞춤형 돌봄 서비스를 제공하며, 그들의 삶의 질 향상을 위해 노력하고 있습니다.  본 직무는 4등급 및 3등급 어르신들에게 신체활동, 일상생활 지원, 가사 도움, 정서적 지지 등을 제공하는 역할입니다.

[주요업무]
- 신체활동 지원 (보행, 스트레칭, 이동 등)
- 일상생활 및 가사활동 지원 (식사 준비, 옷 입기, 청소 등)
- 정서적 지지 및 대화
- 개인 맞춤형 도움 제공
- 어르신의 안전 및 건강 상태 확인 관리

[임금]
- 13,500~14,000(수당포함시)",퇴직연금,고용보험 산재보험 건강보험 국민연금,2026-07-27,,16.0,5.0,18.0,7.4,20.0,7.0,73.4,B
H954202607270668,(주)부림약품,의약품 창고관리 직원 구인,,무관,고등학교,상용직,월급 / 230만원 ,경기 김포시719,,(근무시간) (오전) 9시 00분 ~ (오후) 6시 00분,주5일근무,40,마감일 (2026-09-26),방문 우편 팩스 고용24 입사지원,이력서 자기소개서  ,031-981-2091,의약품도매업,의약품 창고에서 입고 출고 및 재고 관리,퇴직금,고용보험 산재보험 건강보험 국민연금,2026-07-27,,6.5,5.0,20.0,7.4,20.0,7.0,65.9,C
H954202607270520,다시봄 노인복지센터,[신곡동-풍림한국아파트/4등급할아버지/12:30~15:30] 재가 요양보호사 모집,재가 간병인,무관,관계없음,상용직(시간제),시급 / 10320원 ,경기 의정부시,,(근무시간) (오후) 12시 30분 ~ (오후) 3시 30분,주5일근무,15,마감일 (2026-09-26),기타   ,이력서   ,02-2147-3682,방문요양,"- 대상자 : 신곡동 발곡초등학교 인근 풍림한국아파트 4등급 할아버지(80대 중반/부부 거주/알츠하이머 치매/변실금/식사를 거의 못하심)
- 직무 내용 : 주1회 목욕 도움, 수시로 산책 동행 희망
- 치매 어르신 케어 경험 있는 분
- 근무시간 12:30~15:30(시간 협의 가능), 주5일 
- 기본 시급 10,320원+기타 수당

* 지원 문의 : 전화(010-7583-6803) ",퇴직금,고용보험 산재보험 건강보험 국민연금,2026-07-27,,11.5,5.0,18.0,7.4,20.0,7.0,68.9,C
H954202607270493,우리들재가복지센터,[남구로역/구로3동]  재가요양보호사모집,재가 간병인,무관,관계없음,상용직(시간제),시급 / 10320원 ,서울 구로구,,(근무시간) (오전) 9시 00분 ~ (정오) 12시 00분,주5일근무,15,마감일 (2026-09-26),방문 기타  ,이력서   ,02-860-2159,수급자어르신 방문요양,"[남구로역/구로3동]  삼성래미안아파트 

- 대상자: 4등급 할머니/인지 양호 
- 근무내용: 신체지원, 가사 및 일상생활지원 등
- 근로시간: 09:00-12:00 / 주5일 (격주 토 가능)
- 시급: 10,320원[포괄 시급 13,000원]
*교포지원가능",퇴직금,고용보험 산재보험 건강보험 국민연금,2026-07-27,,6.5,5.0,18.0,7.4,20.0,7.0,63.9,C
H954202607270527,효명테크,범용선반(밀링) 경력자 모집 ,범용 선반 조작원,경력,관계없음,상용직,월급 / 330만원 ,경기 시흥시,,"(오전) 8시 00분~(오후) 6시 00분
수요일은 오후 5시 까지",주5일근무,44,마감일 (2026-09-26),방문 팩스 고용24 입사지원 기타,이력서 자기소개서  ,031-310-6286,"파워실린더,서보실린더,전동실린더,전자브레이크","저희는 모터로 움직이는 파워실린더 전문 제조사 입니다. 
홈페이지 : www.hmpower.co.kr

* 직무 :  범용선반(필수) 주업무이며, 범용밀링(우대) 입니다.
           기타 실린더 제조에 필요한 업무 동반 합니다.
* 월화목금 8시~18시 , 수 8시~17시. 월 330만원~350만원 (상여금 별도)
* 장기근속 하실분 지원바랍니다 
 - 2027년 3월~6월 사업장 이전 계획중(시화공단인근 또는 화성시로 이적 계획중), 함께 이동가능자 우대, 화성시 이전시 기숙사 제공예정

많은지원 바랍니다.",퇴직금,고용보험 산재보험 건강보험 국민연금,2026-07-27,,13.0,5.0,20.0,7.4,20.0,7.0,72.4,B
H954202607271236,경일정밀,범용(대형) 선반 기술자 모집합니다.(경력),범용 선반 조작원,경력,관계없음,상용직,월급 / 350만원 - 면접 후 협의가능 ,경기 화성시,,(근무시간) (오전) 7시 30분 ~ (오후) 5시 00분,주5일근무,40,마감일 (2026-09-26),방문   ,이력서   ,031-290-0822,pto 및 금속가공,대형 범용 선반 조작,퇴직금,고용보험 산재보험 건강보험 국민연금,2026-07-27,,5.0,5.0,20.0,7.4,20.0,7.0,64.4,C
H954202607270384,(주)니즈원,화장품 해외 마케팅 및 영업을 책임지는 전문가를 모집합니다.,,경력,관계없음,상용직,월급 / 400만원 - 면접 후 협의가능 ,경기 시흥시시화공단3라827호,,(근무시간) (오전) 8시 00분 ~ (오후) 5시 00분,주5일근무,40,마감일 (2026-09-26),고용24 입사지원   ,이력서 자기소개서  ,031-496-1913,금형부품,"[모집직무]
화장품 판매원, 해외 영업원(영어), 해외 영업원(기타 언어권)

[직무소개]
금형부품을 제조하고 수출하는  기업입니다. 본 사업부는 화장품 분야에 진출하여 해외 시장에서 성장을 이끌어나갈 새로운 멤버를 찾고 있습니다.  본 직무는 화장품 마케팅 전략을 수립하고, 해외 시장의 판매 채널을 확보하는 역할을 담당합니다.

[주요업무]
- 해외 화장품 시장 조사 및 분석
- 화장품 마케팅 전략 수립 및 실행
- 해외 배송 및 판매 채널 구축 및 관리
- 해외 고객과의 의사소통 및 협업
- 영업 성과 달성 목표 설정 및 관리",퇴직연금,고용보험 산재보험 건강보험 국민연금,2026-07-27,,20.5,5.0,20.0,7.4,20.0,7.0,79.9,B
H954202607270484,(A+)하나방문요양센터,[동아제약] 3등급 아버님 요양보호사 모집,재가 간병인,무관,관계없음,상용직(시간제),시급 / 10320원 ,서울 동대문구,,(근무시간) (오전) 9시 00분 ~ (오전) 10시 00분,주5일근무,5,마감일 (2026-09-26),방문 고용24 입사지원 기타 ,이력서 기타  ,02-2004-7321,방문요양,"남자어르신 3등급  기본가사도움
요일 : 월요일 ~ 금요일(주5일) / 시간 : 09:00~10:00 / 시급 : 10,320원, 주휴수당별도 지급",퇴직금,고용보험 산재보험 건강보험 국민연금,2026-07-27,,5.0,5.0,18.0,7.4,20.0,7.0,62.4,C
H954202607270480,시온재가센타,4등급 할머니 방문 요양보호사 급구(수암동),재가 간병인,무관,관계없음,상용직(시간제),시급 / 10320원 ,경기 안산시보금빌라,,(근무시간) (오전) 9시 00분 ~ (정오) 12시 00분,주5일근무,15,마감일 (2026-09-26),방문   ,기타   ,031-496-1917,"방문요양, 방문목욕","4등급 할머니 
일상생활지원, 가사 지원 및 정서지원, 병원동행 등
업무시간 : 09:00 ~ 12:00
주 5회 월~금요일

시급 13,000원(10,320원+주차수당+여러가지 수당)
4대보험 가능",퇴직금,고용보험 산재보험 건강보험 국민연금,2026-07-27,,8.0,5.0,18.0,7.4,20.0,7.0,65.4,C
H954202607271696,은빛노인복지센터,여성 노인 3등급 요양보호사를 모집합니다.,요양 보호사 및 간병인,무관,관계없음,상용직,시급 / 10320원 ,경기 부천시한도아파트,,(근무시간) (오전) 8시 00분 ~ (오전) 11시 00분,주6일근무,,마감일 (2026-09-26),고용24 입사지원   ,이력서   ,032-310-8894,방문 요양,"[모집직무]
요양보호사

[직무소개]
여성노인 3등급 요양보호사로, 
8:00~11:00 근무하는 분을 모집합니다.
주6일 월~토요일 근무

[주요업무]
- 여성 노인의 일상생활 지원
- 위생 관리 등 돌봄 활동",퇴직연금,고용보험 산재보험 건강보험 국민연금,2026-07-27,,9.5,5.0,18.0,7.4,16.0,7.0,62.9,C
H954202607270465,가나방문요양센터,재가요양보호사구인 ,재가 간병인,무관,관계없음,상용직(시간제),시급 / 10320원 ,경기 안양시1091-1,,"주5일,오전9시~정오12시",주5일근무,15,마감일 (2026-09-26),방문 기타  ,기타   ,031-8045-3852,재가요양서비스,"- 4등급 여 어르신 일상생활지원 
-주5일,오전9시~정오12시
-시급10320원+주수당합하여13000원 ",퇴직금,고용보험 산재보험 건강보험 국민연금,2026-07-27,,6.5,5.0,18.0,7.4,20.0,7.0,63.9,C
H954202607270455,어울림노인재가복지센터,재가요양보호사 구인,재가 간병인,무관,관계없음,상용직(시간제),시급 / 10320원 ,인천 미추홀구,,"- 월 ~ 금요일 : 08:00 ~ 11:00
- 토요일 : 월 1회 또는 2회",주5일근무,15,마감일 (2026-09-26),기타   ,기타   ,032-546-5057,"방문요양,방문목욕","- 4등급 여자 어르신
- 가사 및 일상생활 지원, 병원 동행 등
- 5~6일 근무
  (월 ~ 금 : 08:00 ~ 11:00 / 토요일 : 월 1회 or 2회)
- 13,100원
- 유선 후 면접
- 채용담당자 : 서미란 대표 010-3712-9620",퇴직금,고용보험 산재보험 건강보험 국민연금,2026-07-27,,8.0,5.0,18.0,7.4,20.0,7.0,65.4,C
H954202607270433,강서홈케어 재가노인복지센터,[까치산역/화곡1동 주민센터 인근] 재가요양보호사 모집,재가 간병인,무관,관계없음,상용직(시간제),시급 / 10320원 ,서울 강서구,,(근무시간) (정오) 12시 00분 ~ (오후) 3시 00분,주5일근무,15,마감일 (2026-09-26),방문 기타  ,이력서   ,02-860-2159,방문요양서비스,"[까치산역/화곡1동 주민센터 인근]

- 대상자: 4등급 할머니/거동가능,자녀와 거주
- 근무내용: 신체지원, 가사 및 일상생활지원 등
- 근무시간:  12:00~15:00 / 주5일 
- 시급: 10,320원 [포괄 시급 14,000원]
*교포 지원 비희망 ",퇴직금,고용보험 산재보험 건강보험 국민연금,2026-07-27,,6.5,5.0,18.0,7.4,20.0,7.0,63.9,C
H954202607270420,동구종합재가센터,2등급 여자 재가요양보호사 모집,재가 간병인,무관,관계없음,상용직(시간제),시급 / 10320원 ,인천 서해구.,,(근무시간) (오전) 9시 00분 ~ (오후) 1시 00분,주5일근무,20,마감일 (2026-09-26),방문 기타  ,이력서 기타  ,032-745-3121,"재가장기요양기관 방문요양, 방문목욕, 주야간보호","<구인내용>
* 2등급여자(거동 불편하나 기저귀 케어 없음) 어르신케어, 식사 및 가사 지원
* 근무시간: 9:00~13:00 / 4시간/주5일 
* 시급 : 13,200(각종 수당포함)
* 근무예정지 : 서구 청라동 롯데캐슬
* 지원문의 : 동구종합재가복지센터 사회복지사 010-4788-4274",퇴직금,고용보험 산재보험 건강보험 국민연금,2026-07-27,,6.5,5.0,18.0,7.4,20.0,7.0,63.9,C
H954202607270409,온동네방문간호센터,[화도읍 금남리]재가 요양보호사 구인 ,재가 간병인,무관,관계없음,상용직(시간제),시급 / 10320원 ,경기 남양주시.,,(근무시간) (오전) 9시 00분 ~ (정오) 12시 00분,주5일근무,15,마감일 (2026-09-26),방문 고용24 입사지원 기타 ,기타   ,031-560-1965,방문복지서비스,"**금남리 재가 요양보호사 구인**

-3등급 여자어르신
-업무내용 : 요양호사 업무일체
-근무시간 : 월~금, 격주토요일 오전 8시~11시 또는 9시~12시(시간 조율 가능)

-시급 : 13,000(10,320+기타수당) 
          ★자차 이용시 유류비  지원",퇴직금,고용보험 산재보험 건강보험 국민연금,2026-07-27,,8.0,5.0,18.0,7.4,20.0,7.0,65.4,C
H954202607270398,(주)굿모닝노인복지센터,[성남동] 금호어울림 3등급 할아버지 케어,재가 간병인,무관,관계없음,상용직(시간제),시급 / 10320원 ,경기 성남시.,,(근무시간) (오전) 8시 00분 ~ (오전) 11시 00분,주5일근무,15,마감일 (2026-09-26),방문 기타  ,기타   ,031-729-7419,재가노인복지,"- 주5일, 08:00~11:00
- 시급 13000원 (기타수당포함)
- 일상생활지원 등

* 실제 서비스 제공기간에 따라 임금을 계산하여 지급하는 형태로 채용 시 근로자마다 주 소정근로시간이나 임금, 근무(예정)지 등에 차이가 있을 수 있음",퇴직금,고용보험 산재보험 건강보험 국민연금,2026-07-27,,6.5,5.0,18.0,7.4,20.0,7.0,63.9,C
H954202607271919,&quot;A&quot;광은케어센터,[상봉동] 3등급 여자어르신 오후 주3회  재가요양보호사 구인공고,,무관,관계없음,상용직(시간제),시급 / 10320원 ,서울 중랑구망우역 인근,,(근무시간) (오후) 2시 00분 ~ (오후) 5시 00분,기타,9,마감일 (2026-09-26),방문 기타  ,기타   ,02-2094-2244,"방문요양,방문목욕","- [상봉동] 3등급 여자어르신 오후 주3회
- 식사, 청소, 주변정리, 세탁 등 일상생활지원등
- 거동가능, 배우자 거주
- 14:00~17:00, 주3일
- 포괄시급: 13,000원 
 ",해당없음,고용보험 산재보험 건강보험 국민연금,2026-07-27,,6.5,5.0,18.0,6.2,15.0,9.0,59.7,C
H954202607270363,한마음꿈터복지재단,동작구 사당동) 두산위브트레지움 3등급 할머니 오후 요양보호사 구인,재가 간병인,무관,관계없음,상용직(시간제),시급 / 10320원 ,서울 동작구두산위브트레지움아파트,,(근무시간) (오후) 2시 00분 ~ (오후) 5시 00분,주5일근무,15,마감일 (2026-09-26),방문   ,기타   ,02-829-3418,방문요양,"동작구 사당동) 두산위브트레지움아파트 3등급 할머니 오후재가요양보호사 

- 일상가사지원, 신체활동지원 등
- 근무시간 및 요일 : 월~금 14:00-17:00
- 시급 : 10,320원 (각종 수당 포함 13,000원)
- 근무내용: 방문요양 요양보호사 업무 전반(신체활동지원, 정서지원,가사활동지원 등)",퇴직금,고용보험 산재보험 건강보험 국민연금,2026-07-27,,8.0,5.0,18.0,7.4,20.0,7.0,65.4,C
H954202607270309,모자방문요양센터,3등급 할머니 재가요양보호사 채용(묵동),재가 간병인,무관,관계없음,상용직(시간제),시급 / 10320원 ,서울 중랑구,,(근무시간) (오전) 10시 00분 ~ (오후) 1시 00분,주5일근무,15,마감일 (2026-09-26),방문 고용24 입사지원  ,기타   ,02-2171-1847,"방문요양, 방문목욕","3등급 할머니 구인
- 근무 장소: 묵동 신안3차아파트
- 근무 시간: 주 5일(월-금), 10시-13시 근무
- 시급 10,320원 (수당 포함 시 13,100원)
- 점심 식사 차려드리기, 청소(안방,거실,화장실), 주 1회 샤워도움(보호자 도와주심.)

* 문의 02-955-5748",퇴직금,고용보험 산재보험 건강보험 국민연금,2026-07-27,,5.0,5.0,18.0,7.4,20.0,7.0,62.4,C
H954202607271486,(주)한송에이치티에스,리조트 룸메이드 (더스타휴) 모집,"호텔·콘도·숙박시설 청소원(룸메이드,하우스키퍼)",무관,중학교,상용직,월급 / 241만원 ,경기 양평군산143,,근무시간 : 주6일 9시~18시(격주2일 휴무),주6일근무,40,마감일 (2026-09-26),팩스   ,이력서   ,031-770-1022,"청소용역,시설경비업,건물(시설)관리용역","리조트 룸메이드 (더스타휴) 모집
- 직무내용 : 리조트, 빌리지 객실관리
- 근무시간 : 주6일 9시~18시(격주2일 휴무)
- 급여 : 월 2,410,000원(세전)
- 우대사항 : 출퇴근 가능자
-지원방법 : 팩스 02-812-1353/이메일 phc6814@naver.com
채용담당자 010-5536-8791",퇴직연금,고용보험 산재보험 건강보험 국민연금,2026-07-27,,9.5,5.0,20.0,7.4,20.0,7.0,68.9,C
H954202607270687,에이엘에스,플라스틱생활용품 제조업 제품창고관리 및 입출고,,무관,관계없음,상용직,월급 / 220만원 - 면접 후 협의가능 ,경기 김포시에이엘에스,,(근무시간) (오전) 9시 00분 ~ (오후) 6시 00분,주5일근무,40,마감일 (2026-09-26),고용24 입사지원   ,이력서   ,031-999-0922,제조 도매-플라스틱 생활용품,"완제품 창고관리,정리 및 제품 입출고 담당",퇴직연금,고용보험 산재보험 건강보험 국민연금,2026-07-27,,8.0,6.2,20.0,7.4,20.0,7.0,68.6,C
H954202607270927,신림2차건영아파트,[난곡동 신림건영2차아파트] 미화 직원 채용,"건물 청소원(공공건물,아파트,사무실,병원,상가,공장 등)",무관,관계없음,계약직,월급 / 150만원 ,서울 관악구.,,주5일 09:00~15:30(휴게시간 12:00~13:30),주5일근무,27,마감일 (2026-09-26),팩스 기타  ,이력서   ,02-879-5775,아파트관리,"[신림 건영2차 아파트] 미화 직원 채용
주민들에게 친절하고 책임감 있는 사람
- 주5일 09:00~15:30(휴게시간 12:00~13:30)
- 신주 있음
- 월급:1,502,000원
- 지원방법 : 방문, 팩스(02-6334-4586), 전자우편(slky2@daum.net)",퇴직금,고용보험 산재보험 건강보험 국민연금,2026-07-27,,8.0,5.0,20.0,7.4,20.0,7.0,67.4,C
H954202607271427,쌍용더플래티넘 행복한 어린이집,국공립 쌍용더플래티넘 행복한 어린이집 만2세 담임교사 모집,보육 교사,무관,관계없음,상용직,월급 / 217만원 ,경기 광주시쌍용더플래티넘행복한어린이집,,(근무시간) (오전) 9시 00분 ~ (오후) 6시 00분,주5일근무,40,마감일 (2026-09-26),방문 우편 고용24 입사지원 기타,이력서 경력증명서 기타 ,031-799-2703,보육,"1.채용분야 및 자격사항 
- 채용분야: 만2세 담임교사
- 자격사항: 보육교사 자격증
- 접수기간: 2026년 7월 27일 ~채용시까지
- 면접: 2026년 8월 10일~8월 12일까지
- 서류심사합격: 개별 통보 예정

2.제출서류
- 이력서
- 자기소개서
- 경력증명서(경력자에 한함)
- 장기미종사자 교육 수료증(해당자에 한함)
- 개인정보제공 및 고유식별정보 처리동의서

3. 제출방법(E-mail 접수 가능)
 hanbiya482@hanmail.net 이메일 접수

4.급여 및 근무조건
- 근로시간 : 근로기준법에 준함
- 급여기준 : 2026년 보육교직원 인건비 지급 기준

5.유의사항
- 메일접수시 하나의 한글파일로 이름으로 파일명을 저장 후 지원해주세요.
- 제출한 서류는 반환하지 않으며,이력서 등에 허위 기재 시 채용이 취소됩니다.
- 채용 신체검사 결과 및 성범죄 경력결과 부적격 판정자는 합격이 취소 됩니다.
- 구비서류 미제출,연락두절 등으로 인한 불이익은 지원자 본인의 책임으로 합니다.
- 채용전형이 진행될 때 적격자가 없을 경우 선발하지 않을 수 있습니다.

6.문의처
- 전화: 031-761-0900
- 주소: 경기도 광주시 초월읍 경충대로 1284번길 40 쌍용더플래티넘 행복한 어린이집",퇴직연금,고용보험 산재보험 건강보험 국민연금,2026-07-27,,14.5,5.0,20.0,7.4,20.0,7.0,73.9,B
H954202607271588,대방숲속어린이집,0세빈 담임교사구합니다.&lt;1대2&gt;,보육 교사,무관,관계없음,상용직,월급 / 216만원 ,경기 화성시304동104호,,(근무시간) (오전) 9시 00분 ~ (오후) 6시 00분,주5일근무,40,마감일 (2026-09-26),고용24 입사지원   ,이력서 경력증명서  ,031-290-0822,어린이집,"[모집직무]
0세반 담임교사, 육아단축도 가능, 근무시간 급여 조정가능

[직무소개]
우리 어린이집에서는 따뜻하고 사랑스러운 분위기 속에서 아이들의 성장을 지지하는 어린이집입니다. 본 직무는 1대2 3담임체제로 편리하게 아이들을 돌보고 육아를 지원하는 0세반 담임 교사를 찾고 있습니다.

[주요업무]
- 0세반 아이들의 놀이 및 교육 계획 수립 및 진행
- 아이들의 건강 상태 및 행동 변화 주기적인 관찰 및 기록
- 1대2 3담임 체제를 활용하여 아이 돌봄 및 학습 환경 관리
- 부모님과의 소통 및 아이의 성장 과정 공유",퇴직연금,고용보험 산재보험 건강보험 국민연금,2026-07-27,,16.0,5.0,20.0,7.4,20.0,7.0,75.4,B
H954202607270221,효성재가복지센터(서현점),정자역 오전 또는 오후 방문요양 선생님 구인합니다.,재가 간병인,무관,관계없음,상용직(시간제),시급 / 10320원 ,경기 성남시정자아이파크,,(근무시간) (오전) 9시 00분 ~ (정오) 12시 00분,주5일근무,15,마감일 (2026-09-26),방문 고용24 입사지원 기타 ,기타   ,031-739-3112,재가복지센터,"정자역 근처
월~금 9~12시
3등급 가족과 살며 남자 어르신 입니다.
근무 내용은 
어르신 집안 청소 도움과 식사가 필요합니다.",퇴직금,고용보험 산재보험 건강보험 국민연금,2026-07-27,,5.0,5.0,18.0,7.4,20.0,7.0,62.4,C
H954202607270350,백세사랑노인복지센터,재가 요양보호사 모집,,무관,관계없음,상용직(시간제),시급 / 13000원 ,경기 성남시.,,(근무시간) (오후) 1시 00분 ~ (오후) 5시 00분,주6일근무,24,마감일 (2026-09-26),방문 기타  ,기타   ,031-8045-4198,요양보호사파견,"* 2등급 할머니케어, 오후1시~오후5시 , 주6일근무 
- 일상생활케어 
- 시급(10,320원 + 각수당포함) = 13,000원",퇴직연금,고용보험 산재보험 건강보험 국민연금,2026-07-27,,5.0,5.0,18.0,7.4,20.0,7.0,62.4,C
H954202607270852,주식회사브이라이트,신속하고 효율적인 물류를 담당할 창고 관리원을 협력적으로 모집합니다.,,신입,관계없음,계약직,월급 / 230만원 ,경기 남양주시,,(오전) 10시 00분~(오후) 7시 00분,주5일근무,40,마감일 (2026-09-26),고용24 입사지원   ,이력서   ,031-560-1965,공연기획. 행사대행.,창고 관리 외,퇴직연금,고용보험 산재보험 건강보험 국민연금,2026-07-27,,5.0,5.0,20.0,7.4,20.0,7.0,64.4,C
H954202607271388,주식회사 도림,"절곡사, 용접사 구인합니다.",금속절곡기 조작원(밴딩기 조작원),경력,관계없음,상용직,시급 / 13000원 ,경기 안산시B동,,(근무시간) (오전) 8시 00분 ~ (오후) 5시 00분,주5일근무,,마감일 (2026-09-26),방문 고용24 입사지원  ,이력서   ,031-412-6918,통신장비,"저희 회사는 판금 업체입니다.

AMADA RG 80, 35를 사용합니다.

0.3T부터 다양한 재료 T를 가공하며, 철, 알루미늄, 스텐레스, 동판 다양하게 작업합니다.

제품 사이즈가 크면 2인에서 3인으로 작업 할 수 있습니다.",퇴직금,고용보험 산재보험 건강보험 국민연금,2026-07-27,,5.0,5.0,18.0,7.4,16.0,7.0,58.4,C
H954202607270217,예송재가노인복지센터,재가 요양보호사님 구합니다. (4등급 여자어르신),재가 간병인,무관,관계없음,상용직(시간제),시급 / 10320원 ,경기 고양시2114동 ,,(근무시간) (오전) 10시 00분 ~ (오후) 1시 00분,주5일근무,15,마감일 (2026-09-26),고용24 입사지원   ,기타   ,031-739-3112,방문요양,"4등급 여자 어르신 케어해주실 요양보호사님 모십니다.

근무지 : 경기도 고양시 덕양구 화산로 170 햇빛마을 21단지 아파트

근무시간 : 오전 10시 ~ 오후 1시 (주5회, 월~금)

시급 : 13,500원",퇴직금,고용보험 산재보험 건강보험 국민연금,2026-07-27,,5.0,5.0,18.0,7.4,20.0,7.0,62.4,C
H954202607271531,씨앤에스포리마(주),전기 안전관리자,전기안전 기술자,경력,대학_대학교,상용직,최소연봉 / 3000만원 - 면접 후 협의가능 ,경기 화성시씨앤에스포리마(주),,(근무시간) (오전) 9시 00분 ~ (오후) 6시 00분,주5일근무,40,마감일 (2026-09-26),방문 고용24 입사지원  ,이력서   ,031-290-0821,프라스틱 원재료생산,"전기안전관리자  채용합니다.
선임기준 실무경력 2년,  연령 제한없음
종전 전기안전관리자 담당자 계약만료로 장기근속할 분 찾고 있습니다.
 
연령이 있어도 가능하오며 성실하신분 연락주십시오",퇴직금,고용보험 산재보험 건강보험 국민연금,2026-07-27,,8.0,5.0,20.0,7.4,20.0,7.0,67.4,C
H954202607271085,(주)에스씨건설,건설현장 토목직(택지 상수관로) 경력 직원(과장~차장급) 채용합니다.,"토목시공 기술자(토목견적, 공무포함)",경력,관계없음,상용직,최소연봉 / 5000만원 ,경기 시흥시,,(근무시간) (오전) 7시 00분 ~ (오후) 5시 00분,주6일근무,40,마감일 (2026-09-26),고용24 입사지원   ,이력서 자기소개서 경력증명서 ,031-496-1917,건설업/토공사/포장공사,"상하수도공사 등 관로 건설현장 현장관리 및 공사, 공무
과장 ~ 차장 경력직(LH 현장 근무 경력 우대)
[경력증명서 상 토목(중급) 이상 또는 토목 초급(상하수도 경력 3년이상)]
면접 후 근무지 배치 협의(경기도 시흥시 일대)",퇴직금,고용보험 산재보험 건강보험 국민연금,2026-07-27,,6.5,5.0,20.0,7.4,20.0,7.0,65.9,C
H954202607271363,(주)세명안전시스템,건설 현장  직영 인부 모집[고양시 장항동/반도건설 현장],기타 건설 구조 기능원,경력,관계없음,계약직,월급 / 355만원 ,경기 고양시장항동 517-11 반도건설 현장,,(근무시간) (오전) 7시 00분 ~ (오후) 6시 00분,주6일근무,40,마감일 (2026-09-26),팩스 기타  ,이력서   ,02-2155-8767,"경비 및 시설관리/청소대행, 방역대행/주차장관리","- 건설 현장 직영 인부 모집
- 근무시간 : 07:00~18:00/(휴게 3시간)
- 급여: 월 3,550,000원
- 6개월 단위 근로 계약 연장",퇴직금,고용보험 산재보험 건강보험 국민연금,2026-07-27,,5.0,5.0,20.0,7.4,20.0,7.0,64.4,C
H954202607270130,아이레네주야간보호센터,[남구로역 2번출구 인근/가리봉동] 재가요양보호사 모집,재가 간병인,무관,관계없음,상용직(시간제),시급 / 10320원 ,서울 구로구,,(근무시간) (오전) 8시 30분 ~ (오전) 11시 30분,주5일근무,15,마감일 (2026-09-26),방문   ,이력서   ,02-860-2159,"장기요양 주야간보호, 방문요양","[남구로역 2번출구 인근/가리봉동] 

- 대상자: 3등급 할머니/ 거동가능, 가족(아들,손녀)와 거주, 서비스시간에는 혼자계심
- 직무내용: 신체지원, 정서지원, 가사 및 일상생활지원
- 근로시간: 08:30~11:30 / 주5일
- 급여:  시급 10,320원[포괄 시급 13,000원]
* 교포 비희망",퇴직금,고용보험 산재보험 건강보험 국민연금,2026-07-27,,6.5,5.0,18.0,7.4,20.0,7.0,63.9,C
H954202607270704,유한책임회사 굿모닝대양,[ 별내동 ] 별내리슈빌아파트 미화원 구인,배관 세정원 및 방역원,신입,관계없음,계약직(시간제),월급 / 148만원 ,경기 남양주시1331,,(근무시간) (오전) 9시 00분 ~ (오후) 4시 00분,주5일근무,27,마감일 (2026-09-26),방문 기타  ,이력서   ,031-590-2346,서비스,"- 별내동 별내리슈빌아파트 단지내 청소업무
- 주5일 , 09:00-16:00(휴게시간 11:30~13:00)
- 월급 1,480,490원 (월 143.46시간 근로)
- 문의 010-2612-4992",퇴직금,고용보험 산재보험 건강보험 국민연금,2026-07-27,,6.5,5.0,20.0,7.4,20.0,7.0,65.9,C
H954202607271038,경일정밀,밀링 경력자 모집,CNC 밀링기 조작원(NC 밀링기 조작원),경력,관계없음,상용직,월급 / 350만원 - 면접 후 협의가능 ,경기 화성시,,(근무시간) (오전) 7시 30분 ~ (오후) 5시 00분,주5일근무,40,마감일 (2026-09-26),방문   ,이력서   ,031-290-0822,pto 및 금속가공,밀링 가공 업무,퇴직금,고용보험 산재보험 건강보험 국민연금,2026-07-27,,5.0,5.0,20.0,7.4,20.0,7.0,64.4,C
H954202607271620,씨앗사랑,씨앗사랑어린이집 보조교사 모집,보육 교사,신입,관계없음,상용직(시간제),월급 / 114만원 ,경기 이천시,,(근무시간) (오전) 9시 30분 ~ (오후) 2시 00분,주5일근무,20,마감일 (2026-09-26),고용24 입사지원   ,이력서 자기소개서  ,031-644-3805,어린이집,"씨앗사랑 어린이집에서 아이들과 함께 할 영아보조선생님을 모집합니다. 

1. 모집직종: 영아보조교사
2. 채용인원:1명
3. 근무시간: 평일 오전 9:30~14:00( *시간 조율 가능* )
4. 급여: 월 1,139,000원

아동 대 교사 비율 적고, 근무환경 안정적이니 부담없이 연락주세요.
이력서 제출 후 문자 또는 전화 주세요.",퇴직연금,고용보험 산재보험 건강보험 국민연금,2026-07-27,,5.0,5.0,20.0,7.4,20.0,7.0,64.4,C
H954202607270922,(주)듀델코리아,[삼양사거리역도보8분]현대성우아파트 미화원 채용,"건물 청소원(공공건물,아파트,사무실,병원,상가,공장 등)",무관,관계없음,계약직,월급 / 135만원 ,서울 강북구205,,"근무시간: 평)09:30-15:30(휴게1시간), 주5일, 공휴일휴무",주5일근무,25,마감일 (2026-09-26),방문 기타  ,이력서   ,02-2116-3774,"경비업, 건물청소업","현대성우아파트 실내 미화
강북구 삼양로 24길19
근무시간: 평)09:30-15:30(휴게1시간), 주5일, 공휴일휴무
급여: 월 1,351,920원
지원문의 : 전화상담후 면접안내 미화반장(02-983-7960)",퇴직금,고용보험 산재보험 건강보험 국민연금,2026-07-27,,6.5,5.0,20.0,7.4,20.0,7.0,65.9,C
H954202607271433,검단에너지주식회사,도시가스 민원기사 채용 - 정규직,,무관,고등학교,상용직,월급 / 259만원 ,인천 검단구마전빌딩 4층 401호,,(근무시간) (오전) 8시 30분 ~ (오후) 5시 30분,주5일근무,40,마감일 (2026-09-26),고용24 입사지원   ,이력서 자기소개서  ,032-540-2034,인천도시가스 관련 서비스,"-인천광역시 검단구, 김포 일부, 강화군 도시가스 사용처 현장방문 연결 철거 및 안전관리(계량기 교체 등)민원업무
-기타 회사가 지정하는 업무
(수습기간 3개월)",퇴직연금,고용보험 산재보험 건강보험 국민연금,2026-07-27,,8.0,6.2,20.0,7.4,20.0,7.0,68.6,C
H954202607271155,양주시장애인자립생활센터,장애인 근로자의 근로지원인 구인(우진아이디-3D프린트),,무관,관계없음,계약직,시급 / 10320원 ,경기 양주시(주)우진아이디,,(근무시간) (오전) 9시 00분 ~ (오후) 6시 00분,주5일근무,,마감일 (2026-09-26),   ,이력서   ,031-849-2332,장애인 활동보조서비스,"근로지원인은 장애인 당사자가 사업장에서 근무하는데 있어 업무에 필요한 핵심업무 수행능력은 보유하고 있으나 장애로 인해 부수적인 업무를 수행하는데 어려움이 있는 장애인의 근로를 지원하는 업무입니다.
(이력서는 yj-happy@hanmail.net 발송)


-컴퓨터 활용 가능자
-컴퓨터 작업 보조 
-3D프린트 간단 조립

일 8시간 근무 (9:00~18:00 휴계시간포함)
시급 2026년도 최저시급 적용
근무시작일: 면접 후 바로 근무 가능자 
주휴수당 지급
4대보험 가입
퇴직연금 가입
국가공휴일 휴무",퇴직연금,고용보험 산재보험 건강보험 국민연금,2026-07-27,,13.0,6.2,18.0,7.4,16.0,4.0,64.6,C
H954202607271716,JIN암레스도어,설치기사 모집,,무관,관계없음,상용직,월급 / 280만원 ,경기 광명시,,"중식 별도 지급
8:30 ~ 18:00 (휴게시간 1시간 30분 부여)",주5일근무,40,마감일 (2026-09-26),기타   ,이력서   ,02-2680-1553,"방화문설치,도어체크설치","- 방화문 설치 업체
- 현관문 도어클로저 설치, 방화문 설치 (초보가능, 기술지도 해드립니다.)
- 근무지: 본사 소속 (방화문 설치 권역: 경기도)
- 급여: 월 280만원
- 중식비 지급

** 성실하게 오래 다니실 분 지원해 주세요.",퇴직금,고용보험 산재보험 건강보험 국민연금,2026-07-27,,6.5,5.0,20.0,7.4,20.0,7.0,65.9,C
H954202607271173,제이디시스템폴딩도어,폴딩도어 시스템도어 제작 및 현장시공 사원모집,,무관,관계없음,계약직,월급 / 270만원 ,경기 안산시,,"월~금   시공팀 (오전) 07시 00분 ~(오후)6시 00분   

           제작팀 (오전) 08",주5일근무,48,마감일 (2026-09-26),방문   ,이력서   ,031-412-6914,"알루미늄 폴딩도어 제작,시공","* 직무소개 
 우리 회사는  폴딩도어 , 글라스 폴딩도어 시스템도어를 제작 및 시공하는 전문업체 입니다.  
본 채용은 폴딩도어 조립 , 제작사원 1명(270~부터)  , 외부 현장 시공사원 2명 모집중입니다.
(290~부터) 급여는 경력에 따라 면접후 결정.",퇴직금,고용보험 산재보험 건강보험 국민연금,2026-07-27,,6.5,5.0,20.0,7.4,20.0,7.0,65.9,C
H954202607271333,알콩달콩어린이집,알콩달콩어린이집  0세아 담임교사 모집,보육 교사,경력,관계없음,상용직,월급 / 216만원 ,경기 양주시213동102호,,(근무시간) (오전) 9시 00분 ~ (오후) 6시 00분,주5일근무,40,마감일 (2026-09-26),고용24 입사지원   ,이력서 자기소개서 경력증명서 ,031-849-2323,영세아지정어린이집으로 영아들의 보육 담당,"알콩달콩어린이집 입니다.
0세반 담임 교사를 모집합니다.
 근무시간 : 8시간 근무  휴게시간 1시간 (총 9시간)
 함께 근무할 보육 교직원을 모집하오니 많은 지원 부탁드립니다.
* 관련 보육교직원 이외의 직종은 이력서를 넣지 않습니다.",퇴직연금,고용보험 산재보험 건강보험 국민연금,2026-07-27,,6.5,5.0,20.0,7.4,20.0,7.0,65.9,C
H954202607270772,엘가올리브어린이집,연장반 교사를 모십니다.,보육 교사,무관,관계없음,계약직,월급 / 114만원 ,경기 김포시,,(근무시간) (오후) 3시 00분 ~ (오후) 7시 30분,주5일근무,20,마감일 (2026-09-26),고용24 입사지원   ,이력서 자기소개서  ,031-999-0957,어린이집,"* 구래동에 위치한 공공형 가정어린이집  모아엘가올리브어린이집입니다. 

우리 아이들과 함께 따뜻한 오후 시간을 보내주실

 연장반 선생님을 한 분 모시고자 합니다.

 함께 웃고, 함께 성장하며

아이들의 하루를 사랑으로 채워주실 분의 소중한 지원을 기다립니다.

관심있으신 분들의 많은 지원 부탁드립니다.

1. 채용인원 : 오후 연장교사1명 , 근무 시작일 : 9월 1일

2. 자격정도 : 보육교사 3급 이상 자격증 소지자

3. 근무시간 : 오후연장교사 오후3:00 ~ 7:30(휴게시간 30분 포함)
         
4. 제출서류

1) 이력서 , 자기소개서

 ※ 제출된 서류는 반환되지 않으며, 채용 목적 외에는 사용하지 않습니다.
 
5. 제출방법 : 고용24입사지원, 이메일 접수 (hairye@naver.com)

6. 채용절차 : 서류전형 후 면접 대상자에게는 개별 통보",해당없음,고용보험 산재보험 건강보험 국민연금,2026-07-27,,11.5,5.0,20.0,6.2,20.0,7.0,69.7,C
H954202607270451,(주)진명FMC,선반 밀링 조립,CNC 밀링기 조작원(NC 밀링기 조작원),경력,관계없음,상용직,월급 / 350만원 - 면접 후 협의가능 ,경기 광주시2층,,(근무시간) (오전) 8시 30분 ~ (오후) 6시 00분,주5일근무,40,마감일 (2026-09-26),고용24 입사지원   ,이력서   ,031-799-2703,식품기계 제조 업체,"선반 밀링 가공 , 식품기계 조립 가능하신 분",퇴직연금,고용보험 산재보험 건강보험 국민연금,2026-07-27,,5.0,6.2,20.0,7.4,20.0,7.0,65.6,C
H954202607271131,백세사랑노인복지센터,재가 요양보호사 모집,,무관,관계없음,상용직(시간제),시급 / 13000원 ,경기 광명시.,,(근무시간) (오후) 4시 00분 ~ (오후) 7시 00분,주5일근무,15,마감일 (2026-09-26),방문 기타  ,기타   ,031-8045-4198,요양보호사파견,"* 3등급 할머니케어, 16시~19시(시간협의없음) , 주5일근무
- 일상생활케어 
- 시급(10,320원 + 각수당포함) = 13,000원",퇴직연금,고용보험 산재보험 건강보험 국민연금,2026-07-27,,5.0,5.0,18.0,7.4,20.0,7.0,62.4,C
H954202607271850,주식회사 삼광랩트리,[삼광랩트리] 2026년 영업 채용연계형 계약직 채용 (인천3),기술 영업원,무관,관계없음,계약직,최소연봉 / 3050만원 ,인천 검단구201호 ,,"평일: 10:00~19:00
토요일: 10:00~15:00(반일근무)(토요근무의 경우 통상시급의 1.5",주5일근무,40,마감일 (2026-09-26),고용24 입사지원   ,이력서   ,02-580-4917,의료 및 정밀 및 과학기기 도매업,"- 모집직종 : 영업직군 계약직 모집 (채용연계형) 

- 직무내용 : 검체 취급 및 검사결과 안내, 검체관리(전달)
- 근무시간 : (월~금)10:00 ~ 19:00 / (토)10:00~15:00/주5일 토요일 반일근무
- 급여조건 : [고등학교 졸업이상] 연 30,500,000~39,300,000원 이상 
                  [전문학사 졸업이상 ] 연 31,500,000~40,480,000원 이상 
(법정 제수당 및 각 수당 포함 금액)
- 필수조건 : 자동차 운전면허 취득후 1년 경과자
- 우대사항 : 임상병리사 자격증 보유자 우대 

[근무지역 (거주지 위주로 배정)] 
- 인천3지점 : 인천 서구 완정로 25, 라임캐슬 201호 (마전동)",퇴직연금,고용보험 산재보험 건강보험 국민연금,2026-07-27,,11.5,5.0,20.0,7.4,20.0,7.0,70.9,B
H954202607271370,(주)정인비티엠,[서울시 강북구] 환자이송(앰블런스 운전) 모집,승합차 운전원,무관,관계없음,상용직,월급 / 304만원 ,서울 강북구,,2교대 격일근무,기타,32,마감일 (2026-09-26),방문 고용24 입사지원  ,이력서   ,02-2639-2171,"미화,경비,주차 용역","[서울시 강북구] 환자이송(앰블런스 운전) 모집

▶업무내용 : 환자이송 앰블런스 운전

▶근무시간 : 2교대 격일(07:00~익일 07:00)

▶급여 : 월3,040,000원

▶필수 자격: 보통 1종 운전면허",퇴직금,고용보험 산재보험 건강보험 국민연금,2026-07-27,,6.5,5.0,20.0,7.4,15.0,7.0,60.9,C
H954202607270649,신촌사랑어린이집,어린이집 연장전담 교사 채용,보육 교사,무관,관계없음,계약직,월급 / 114만원 ,서울 마포구,,(근무시간) (오후) 3시 00분 ~ (오후) 7시 30분,주5일근무,20,마감일 (2026-09-26),   ,이력서 자기소개서 경력증명서 ,02-3153-9957,어린이집,"◆신촌사랑어린이집 연장전담 교사◆
- 근무시간 : 오후 3시00분~오후 7시30분 (휴게시간 30분 포함 / 주5일)
- 급     여 : 1,139,000원+전담교사 수당
- 지원방법 : 이메일 manmin94@hanmail.net (이력서,자기소개서 첨부)
  *보육교사 자격증 필수",해당없음,고용보험 산재보험 건강보험 국민연금,2026-07-27,,6.5,5.0,20.0,6.2,20.0,4.0,61.7,C
H954202607270302,대영관리주식회사,[구래동] 김포태림더끌리움1차 시설기사 채용 3교대,,경력,관계없음,계약직,월급 / 280만원 ,경기 김포시,,"3교대 주당비 시설주임(3교대 / 주당비)  주간: 09:00~18:00, 당직 : 09:00 ~ 익일 09",주5일근무,40,마감일 (2026-09-26),팩스 고용24 입사지원  ,이력서   ,031-981-2091,건물(시설)관리,"■ 담당업무
- 건물 유지보수
- 소방관제 업무

■ 우대사항
 - 열병합발전시설에 의한 중앙흡수식 냉동기 운전
■ 근무시간
- 시설주임(3교대 / 주당비)  주간: 09:00~18:00, 당직 : 09:00 ~ 익일 09:00

■ 휴게시간
- 주간(1H), 당직(10.5H)

■ 급여
- 시설기사 : 월 2,800,000원(연차포함, 퇴직금별도)

■ 근무지
- 경기 김포시 김포한강9로75번길 142 태림더끌리움1차


@ 전화문의가 너무 많습니다. 지원의사가 있을경우에만 연락 바랍니다.
@ 이메일, 팩스 지원시 제목에 '김포태림더끌리움1차 시설기사' 기입 바랍니다.",퇴직금,고용보험 산재보험 건강보험 국민연금,2026-07-27,,14.5,5.0,20.0,7.4,20.0,7.0,73.9,B
H954202607271871,(주)호반건설,(주)호반건설 현장 소방안전관리자 직원 채용 (시흥시 거모동),,무관,관계없음,계약직,최소연봉 / 3500만원 ,경기 시흥시거모동 1171 호반건설 현장사무실,,"근무형태  : 4주 6휴제 / 평일(정상근무), 주말(4주6휴)
근무시간 : 07: 00 ~ 17:30",주5일근무,40,마감일 (2026-09-26),   ,이력서 자기소개서 경력증명서 ,02-580-4919,"토목 및 건축 공사, 주택건설사업","★ 주요업무

- 현장 소방안전관리 계획 수립
- 화재 예방 순찰 및 위험요인 개선
- 소방 관련 법정 서류 작성 관리
- 비상대응 훈련 운영 및 교육

★ 자격요건

- 경력 무관 (신입 지원 가능)
- 소방안전관리자 선임 요건 갖추신 분
  소방안전관리자 2급이상 자격증 보유자 / 소방안전관리자 건설현장 강습교육(수료증 확인 필수)
- 현장 안전관리 업무 수행 가능하신 분
- 점검 결과 보고서 작성 가능하신 분
- 유관 부서와 협업 소통 가능하신 분

★ 우대사항

- 건설현장 소방관리 경험 있으신 분
- 안전보건 관리체계 이해 있으신 분
- 관계기관 대응 경험 보유하신 분
- 문서화 및 데이터 관리 능숙하신 분",퇴직연금,고용보험 산재보험 건강보험 국민연금,2026-07-27,,19.0,6.2,20.0,7.4,20.0,4.0,76.6,B
H954202607271106,효 방문요양센터,재가요양보호사 모집,,무관,관계없음,상용직,시급 / 10320원 ,경기 의정부시,,(근무시간) (오전) 7시 00분 ~ (오전) 10시 00분,주5일근무,0,마감일 (2026-09-26),방문   ,이력서 기타  ,031-850-5938,방문요양,"재가요양보호사(긴시간) 구인입니다.
▣ 대상자: 3등급  여어르신 (86새)
-오전 7시~10시 (추가 ~18시까지 근무가능하신 분)
-화장실 부축도움
▣ 근무형태: 주 5일
▣ 시급: 10,320원(제수당 포함 13,000원)
☎ 연락처:010-4707-2241 연락 후 면접 진행하시기 바랍니다",퇴직금,고용보험 산재보험 건강보험 국민연금,2026-07-27,,5.0,5.0,18.0,7.4,20.0,7.0,62.4,C
H954202607271468,길재가복지센터,(상계역 벽산아파트 /5등급 할머니/ 9:00-12:00 / 치매교육이수)요양보호사 모집 ,,무관,관계없음,상용직(시간제),시급 / 13000원 ,서울 노원구,,(근무시간) (오전) 9시 00분 ~ (정오) 12시 00분,주5일근무,15,마감일 (2026-09-26),방문   ,이력서   ,02-2116-3774,"간병,요양","-근무지: 한글비석로 396 상계역 벽산아파트
-대상자: 5등급 할머니(독거)
-09:00-12:00,주5일
-시   급: 13,000원
-업   무: 가사 및 일상생활지원, 치매교육 이수자
-연락처: 010-9477-0989 지원",퇴직금,고용보험 산재보험 건강보험 국민연금,2026-07-27,,6.5,5.0,18.0,7.4,20.0,7.0,63.9,C
H954202607270477,(주)진명FMC,식품 기계설계 설계,기계·금속 제도사(캐드원),경력,전문대학,상용직,월급 / 400만원 ,경기 광주시2층,,"(근무시간) (오전) 8시 30분 ~ (오후) 6시 00분
휴게시간 1시간 40분",주5일근무,40,마감일 (2026-09-26),팩스 고용24 입사지원  ,이력서 자기소개서  ,031-799-2703,식품기계 제조 업체,식품기계 설계,퇴직연금,고용보험 산재보험 건강보험 국민연금,2026-07-27,,5.0,6.2,20.0,7.4,20.0,7.0,65.6,C
H954202607271851,주식회사 삼광랩트리,[삼광랩트리] 2026년 영업 채용연계형 계약직 채용 (인천1),기술 영업원,무관,관계없음,계약직,최소연봉 / 3050만원 ,인천 남동구라온빌딩 4층 ,,"평일: 10:00~19:00
토요일: 10:00~15:00(반일근무)(토요근무의 경우 통상시급의 1.5",주5일근무,40,마감일 (2026-09-26),고용24 입사지원   ,이력서   ,02-580-4917,의료 및 정밀 및 과학기기 도매업,"- 모집직종 : 영업직군 계약직 모집 (채용연계형) 

- 직무내용 : 검체 취급 및 검사결과 안내, 검체관리(전달)
- 근무시간 : (월~금)10:00 ~ 19:00 / (토)10:00~15:00/주5일 토요일 반일근무
- 급여조건 : [고등학교 졸업이상] 연 30,500,000~39,300,000원 이상 
                  [전문학사 졸업이상 ] 연 31,500,000~40,480,000원 이상 
(법정 제수당 및 각 수당 포함 금액)
- 필수조건 : 자동차 운전면허 취득후 1년 경과자
- 우대사항 : 임상병리사 자격증 보유자 우대 

[근무지역 (거주지 위주로 배정)] 
- 인천1지점 : 인천 남동구 성리로 14 라온빌딩 4층",퇴직연금,고용보험 산재보험 건강보험 국민연금,2026-07-27,,11.5,5.0,20.0,7.4,20.0,7.0,70.9,B
H954202607270784,논현e편한세상아파트,논현e편한세상 미화원 모집,"건물 청소원(공공건물,아파트,사무실,병원,상가,공장 등)",무관,관계없음,계약직,월급 / 136만원 ,서울 강남구논현e편한세상,,09:00 - 15:00,주5일근무,25,마감일 (2026-09-26),방문 팩스 기타 ,이력서   ,02-3423-5586,아파트 관리,"[아파트 미화원 구인(신주 없음)]
1.직무 : 아파트 공용부분 청소
2.근무시간 : 평일 09:00~15:00(주5일. 주25시간 근무)
3.휴게시간(점심시간) : 12:00~13:00(1시간)
4.급여 : 월 136만원
5.근무지: 강남구 봉은사로11길 12 논현이편한세상아파트",퇴직금,고용보험 산재보험 건강보험 국민연금,2026-07-27,,5.0,5.0,20.0,7.4,20.0,7.0,64.4,C
H954202607271007,(주)에코그린티엠,[3호선 잠원역] 미주파스텔 아파트 미화원 모집,"건물 청소원(공공건물,아파트,사무실,병원,상가,공장 등)",무관,관계없음,상용직(시간제),월급 / 140만원 ,서울 서초구,,"월~금 09:30~14:30 / 휴게시간 12:00~13:00
토 09:00~12:00",주6일근무,25,마감일 (2026-09-26),방문 고용24 입사지원  ,이력서   ,02-2155-6683,"위탁관리업, 주택관리업","<미주파스텔 아파트 내부 미화원> 
- 직무내용 : 아파트 내부 미화
- 근무시간 : 월-금 09:00~14:30(휴게시간: 12:00~13:00), 토 09:00~12:00 / 주 25.5시간
- 급여 : 월 1,403,790원",퇴직금,고용보험 산재보험 건강보험 국민연금,2026-07-27,,5.0,5.0,20.0,7.4,20.0,7.0,64.4,C
H954202607270607,(주)미래엠앤에스,삼성동 한일아파트 미화원 구인,"건물 청소원(공공건물,아파트,사무실,병원,상가,공장 등)",무관,관계없음,계약직,월급 / 135만원 ,서울 강남구한일아파트,,(근무시간) (오전) 9시 00분 ~ (오후) 3시 00분,주5일근무,25,마감일 (2026-09-26),방문 기타  ,이력서   ,02-3396-5696,시설관리,"* 아파트내 공용부 청소 업무
- 근무시간: 09:00 ~15:00 (휴게시간 12:00~13:00 / 주5일 근무)
- 월급: 1,351,920원
- 전화 통화 후 방문 협의",퇴직금,고용보험 산재보험 건강보험 국민연금,2026-07-27,,6.5,5.0,20.0,7.4,20.0,7.0,65.9,C
H954202607270561,주식회사 에이치엠씨,[ 진접읍 ] 반도유보라메이플타운 실내미화원 구인,"건물 청소원(공공건물,아파트,사무실,병원,상가,공장 등)",무관,관계없음,계약직,월급 / 148만원 ,경기 남양주시,,(근무시간) (오전) 9시 00분 ~ (오후) 3시 30분,주5일근무,27,마감일 (2026-09-26),고용24 입사지원 기타  ,이력서   ,031-590-2346,"스포츠시설운영 및 위탁관리, 경비업, 위생관리업, 소독업 등","- 진접읍 반도유보라메이플타운아파트 내부 미화업무
- 주5일 ,09:00~15:30(휴게시간 1시간)
- 복지카드 소지자 우대
- 문의 010-4510-5032",퇴직금,고용보험 산재보험 건강보험 국민연금,2026-07-27,,6.5,5.0,20.0,7.4,20.0,7.0,65.9,C
H954202607270559,베스트종합관리(주),빌딩 미화원 구인,"건물 청소원(공공건물,아파트,사무실,병원,상가,공장 등)",무관,관계없음,계약직,월급 / 93만원 ,경기 안양시대창그랜드빌딩,,"- 빌딩청소  평일06:00~08:30  

            ",주5일근무,12,마감일 (2026-09-26),방문   ,이력서   ,031-231-7801,"당 회사는 아파트경비,건물관리,주차관리,건물소독,방역등 에 관해 지역에 구분없이  열심히 일하는 회사입니다.",- 빌딩청소  평일 06:00~08:30  주5일근무,퇴직금,고용보험 산재보험 건강보험 국민연금,2026-07-27,,5.0,6.2,20.0,7.4,20.0,7.0,65.6,C
H954202607270235,예주산업(주),[숭실대입구역 부근] 힐스테이트상도센트럴파크 아파트 미화원 모집,"건물 청소원(공공건물,아파트,사무실,병원,상가,공장 등)",무관,관계없음,계약직,월급 / 155만원 ,서울 동작구,,08:00~15:00(12:00~13:15 휴게),주5일근무,28,마감일 (2026-09-26),방문 기타  ,이력서   ,02-829-3416,"청소, 시설경비, 위생관리, 시설관리, 노무관리, 주차관리외","[숭실대입구역 부근] 힐스테이트상도센트럴파크 아파트 미화원 모집
-근무시간: 08:00~15:00(12:00~13:15 휴게) / 주5일
-급여 : 월 1,547,180원
-복지카드 소지자 우대
-전화문의",퇴직금,고용보험 산재보험 건강보험 국민연금,2026-07-27,,5.0,5.0,20.0,7.4,20.0,7.0,64.4,C
H954202607271222,장원산업,[덕풍동 한솔리치빌 5단지] 아파트 실내미화원 모집,"건물 청소원(공공건물,아파트,사무실,병원,상가,공장 등)",무관,관계없음,상용직(시간제),월급 / 145만원 ,경기 하남시,,"(월~금) 09:00 ~ 15:00 (휴게시간 11:30~13:00) 
(토요일) 09:00 ~ 12:00",주6일근무,26,마감일 (2026-09-26),방문 기타  ,이력서   ,031-790-6897,청소용역서비스," [덕풍동 한솔리치빌 5단지] 아파트 내부청소
 ㅇ근무시간 : 주 6일(월~금) 09:00 ~ 15:00 (휴게시간 11:30~13:00), (토요일) 09:00 ~ 12:00
 ㅇ급여 : 월 1,453,360원

◆전화( 010-3350-3580 )상담 후 면접◆",퇴직금,고용보험 산재보험 건강보험 국민연금,2026-07-27,,5.0,5.0,20.0,7.4,20.0,7.0,64.4,C
H954202607270160,현대하우징(주),[동탄역 인근] 오피스텔 미화원 구인 ,"건물 청소원(공공건물,아파트,사무실,병원,상가,공장 등)",무관,관계없음,계약직,월급 / 182만원 ,경기 화성시.,,(근무시간) (오전) 8시 00분 ~ (오후) 3시 00분,주5일근무,30,마감일 (2026-09-26),방문 팩스  ,이력서   ,031-5191-8680,주택관리 및 오수정화시설 설계시공업,"* 오피스텔 상가 청소
* 근무시간 : 주 5일 / (월~금요일) 08:00~15:00
* 월 급여  : 182만원 
* 근무지 : 동탄역 헤리엇 오피스텔, 상가",퇴직금,고용보험 산재보험 건강보험 국민연금,2026-07-27,,5.0,5.0,20.0,7.4,20.0,7.0,64.4,C
H954202607270352,(주)비엠에스종합개발,아파트 외부 미화원 채용(송도자이하버뷰),배관 세정원 및 방역원,무관,관계없음,계약직,월급 / 180만원 ,인천 연수구110,,"주중 09:00~16:00
토요일 09:00~12:00",주6일근무,33,마감일 (2026-09-26),방문   ,이력서   ,032-453-5988,건물관리 및 유지업,"송도자이하버뷰1단지 아파트 청소업무
- 외부(외곽) 청소 및 집하장 업무
- 주6일 근무/즉시출근 가능자",퇴직금,고용보험 산재보험 건강보험 국민연금,2026-07-27,,6.5,5.0,20.0,7.4,20.0,7.0,65.9,C
H954202607271475,(주)필위드에프에이(FA),"cad, plc",기계·금속 제도사(캐드원),경력,고등학교,상용직,최소연봉 / 3000만원 - 면접 후 협의가능 ,경기 이천시필위드에프에이,,(근무시간) (오전) 8시 30분 ~ (오후) 5시 30분,주5일근무,40,마감일 (2026-09-26),고용24 입사지원   ,이력서 자기소개서  ,031-644-3805,"반도체 제조용 기계 제조업, 산업용건조기계제조업","1, 2d,3d 가능자
2, plc, 기본 배선 가능자

*인센티브 별도 지급 ",퇴직연금,고용보험 산재보험 건강보험 국민연금,2026-07-27,,5.0,6.2,20.0,7.4,20.0,7.0,65.6,C
H954202607270792,주식회사 티베이크모어,빵과 과자 제조공장을 위한 생산 인력을 찾습니다.,제과·제빵원,무관,관계없음,계약직,월급 / 216만원 - 면접 후 협의가능 ,경기 안성시티베이크모어,,(근무시간) (오전) 9시 00분 ~ (오후) 6시 00분,주5일근무,40,마감일 (2026-09-26),고용24 입사지원   ,이력서   ,031-686-1765,"과자, 빵, 초코릿 가공품","[모집직무]
생산 라인 작업, 식품 가공, 포장, 재고 관리, 품질 관리

[직무소개]
우리 회사는 다양한 맛과 품질의 빵류와 과자류를 생산하는 식품 제조업 공장입니다. 생산 라인에서 다양한 과정에 참여하여 고품질 제품 생산에 기여할 생산 인력을 모집합니다.

[주요업무]
- 생산 라인에서 빵류 및 과자류 제조
- 기계 운영 및 관리
- 원료 준비 및 사용
- 제품 포장 및 관리
- 생산 공정의 품질 관리 및 검사",퇴직금,고용보험 산재보험 건강보험 국민연금,2026-07-27,,14.5,5.0,20.0,7.4,20.0,7.0,73.9,B
H954202607271740,삼우서비스 주식회사,이편한세상신촌 북아현동 아파트(피트니스센터) 미화원 구인,"건물 청소원(공공건물,아파트,사무실,병원,상가,공장 등)",무관,관계없음,상용직(시간제),월급 / 180만원 ,서울 서대문구,,"08:00-15:21(평일), 08:00-12:00(격주토)",주6일근무,33,마감일 (2026-09-26),방문   ,이력서   ,02-330-1460,"건물청소,소독,시설경비","북아현동 아파트(피트니스센터) 청소
 - 근무시간 : 08:00~15:21(평일)/ 휴게시간 1시간/ 08:00~12:00(격주토)
 - 급여 : 1,798,160원(세전)

 ",퇴직금,고용보험 산재보험 건강보험 국민연금,2026-07-27,,5.0,5.0,20.0,7.4,20.0,7.0,64.4,C
H954202607270021,비젼개발,공무관리직 구합니다,"토목시공 기술자(토목견적, 공무포함)",경력,관계없음,상용직,최소연봉 / 3600만원 - 면접 후 협의가능 ,경기 하남시,,(근무시간) (오전) 9시 00분 ~ (오후) 6시 00분,주5일근무,40,마감일 (2026-09-26),방문   ,이력서   ,031-790-6897,"기술 표준화를 위한 조사, 연구, 보급 및 운용 자격증 제도의 표준 제정 및 ","- 공무 관리직 모집
- 관공서 제출 서류 작성/보고서 작성 
- 토목관련 자격증 소지자(거푸집 등) 우대 /경력 2년이상 우대
- 근무시간 : 주5일 09:00~18:00
- 연봉 : 3,600만원
- 문의 : 031-791-5016 팩스 031-791-3695
- 지원방법: 전화 후 방문/ 메일지원 : dhrwk28@naver.com",퇴직연금,고용보험 산재보험 건강보험 국민연금,2026-07-27,,9.5,5.0,20.0,7.4,20.0,7.0,68.9,C
H954202607270865,토경실업,*배곧중흥S클래스 미화원구인,배관 세정원 및 방역원,무관,관계없음,계약직(시간제),시급 / 10320원 ,경기 시흥시,,"평일 08:30 ~ 15:30, (휴게시간: 11:50~13:00) / 토 08:30 ~ 10:30 (토요일 2시간 근무)",주6일근무,32,마감일 (2026-09-26),방문 기타  ,이력서   ,031-310-6282,위생관리용역,"- 아파트 내부 청소원 모집
-월급: 1,704,040원
-평일 08:30 ~ 15:30, (휴게시간: 11:50~13:00) / 토 08:30 ~ 10:30 (토요일 2시간 근무)",퇴직금,고용보험 산재보험 건강보험 국민연금,2026-07-27,,5.0,5.0,18.0,7.4,20.0,7.0,62.4,C
H954202607271675,(주)창명,"원재료입출고, 원재료분쇄착색 담당",지게차 운전원,신입,관계없음,상용직,최소연봉 / 3000만원 ,경기 화성시창명,,(근무시간) (오전) 8시 00분 ~ (오후) 5시 00분,주5일근무,40,마감일 (2026-09-26),고용24 입사지원   ,이력서   ,031-290-0823,"플라스틱사출, 도장, 인쇄,조립","1. 3톤미만 지게차 운행하여 원재료 상하차, 원재료 입출고, 원재료창고 관리

2. 플라스틱제품 분쇄, 착색 등 정리",퇴직금,고용보험 산재보험 건강보험 국민연금,2026-07-27,,6.5,5.0,20.0,7.4,20.0,7.0,65.9,C
H954202607271762,(주)두원에이앤씨,[미사역 호반써밋] 외곽 미화원 모집,"건물 청소원(공공건물,아파트,사무실,병원,상가,공장 등)",무관,관계없음,상용직(시간제),월급 / 199만원 ,경기 하남시,,"주6일 월,화,목,금 08:30~15:30(휴게시간1시간)/ 수,일 14시~21시/토요일 휴무",주6일근무,36,마감일 (2026-09-26),방문 기타  ,이력서   ,031-790-6891,"위생관리, 시설유지관리, 시설경비 등 인력파견업","[미사역 호반써밋] 외곽 미화원 모집
- 업무 : 아파트 실외 외곽미화 업무
- 근무시간 : 주6일 월,화,목,금 08:30~15:30(휴게시간1시간)/ 수,일 14시~21시/토요일 휴무
- 급여 : 월 199만원

*지원: 미화팀장 010-9024-2737",퇴직금,고용보험 산재보험 건강보험 국민연금,2026-07-27,,8.0,5.0,20.0,7.4,20.0,7.0,67.4,C
H954202607270782,(주)성우서비스,용강래미안아파트]미화원 구인,배관 세정원 및 방역원,신입,관계없음,계약직,월급 / 153만원 ,서울 마포구,,"09:00~15:00(평)
09:00~11:30(토)",주6일근무,28,마감일 (2026-09-26),방문   ,이력서   ,02-3153-9951,"사업시설유지관리서비스, 전기자재, 시설공사, 빌딩관리, 공동주택관리업, 부동산관리","아파트 내부 청소 
평일09~15/휴게1시간
토요일09~11:30(격주)
월1,529,890
신주있음/1년에 1회 닦음
*한복희 반장님 010-5393-8426 통화후 면접진행하시기 바랍니다.",퇴직금,고용보험 산재보험 건강보험 국민연금,2026-07-27,,5.0,7.4,20.0,7.4,20.0,7.0,66.8,C
H954202607270911,금상푸드,식품 생산직(찹쌀떡류) 사원 모집,떡 제조원(한과 포함),무관,관계없음,상용직,월급 / 240만원 ,경기 화성시금상푸드,,(근무시간) (오전) 8시 30분 ~ (오후) 5시 30분,주5일근무,40,마감일 (2026-09-26),방문 고용24 입사지원 기타 ,이력서   ,031-290-0823,떡제조,식품(떡류) 생산직 사원 모집,퇴직금,고용보험 산재보험 건강보험 국민연금,2026-07-27,,5.0,5.0,20.0,7.4,20.0,7.0,64.4,C
H954202607271541,(주)라온피플즈,[인천 구월동]브래덤재활병원 미화 인원 모집,배관 세정원 및 방역원,무관,관계없음,상용직,월급 / 238만원 ,인천 남동구,,월~금 (오전) 6시 30분~(오후) 3시 30분 (휴게시간 1시간 30분) 총 7.5시간 근무,주6일근무,40,마감일 (2026-09-26),팩스 고용24 입사지원  ,이력서   ,032-460-4940,.,"1. 자격요건  
   - 신체건강하시고 근무에 지장이 없으신 분 

2. 우대사항 
   - 병원 내 미화업무 경력자 우대 

3. 근무조건 
 - 월 급여 2,383,920원 (연장수당 포함, 연차미사용수당 포함)
     월~금 06:30 ~ 15:30 (휴게시간 1시간 30분) 7.5시간 근무 
     토,일 중 하루 격주로 출근 06:30 ~ 14:00 (휴게시간 3시간) 4.5시간 근무
   - 근무표에 의거하여 근무 
   - 근무시간 중 1식 제공 
   - 주말은 토/일 교대로 근무

4. 근무지 : 인천 남동구 예술로192번길 36 브래덤빌딩  

5. 기타 궁금하신 사항은 아래에 적힌 담당자 연락처로 문의부탁드립니다.",퇴직연금,고용보험 산재보험 건강보험 국민연금,2026-07-27,,13.0,5.0,20.0,7.4,20.0,7.0,72.4,B
H954202607270835,제일씨앤에스(주),아파트 내부 미화원 구인,"건물 청소원(공공건물,아파트,사무실,병원,상가,공장 등)",무관,관계없음,상용직,시급 / 10390원 ,경기 시흥시,,(근무시간) (오전) 8시 30분 ~ (오후) 3시 30분,주6일근무,0,마감일 (2026-09-26),방문   ,이력서   ,031-310-6283,"위생관리 용역, 근로자 파견","- 장현 예다음아파트 내부 미화
- 월 1,699,785원
- 월~금(08:30~15:30)
- 토(08:30~11:30) 
- 바로 근무 가능한 분 ",퇴직금,고용보험 산재보험 건강보험 국민연금,2026-07-27,,5.0,5.0,18.0,7.4,20.0,7.0,62.4,C
H954202607271527,(주)듀델코리아,아파트미화원구인 - 풍림아이원아파트,"건물 청소원(공공건물,아파트,사무실,병원,상가,공장 등)",무관,관계없음,상용직,월급 / 154만원 ,인천 검단구.,,"주5일 09:00~15:30(휴게1시간), ",주5일근무,25,마감일 (2026-09-26),기타   ,이력서   ,031-5186-3636,"경비업, 건물청소업","아파트 공용부분 미화업무
복지카드소지자 우대
주5일 09:00~15:30(휴게1시간), ",퇴직금,고용보험 산재보험 건강보험 국민연금,2026-07-27,,6.5,5.0,20.0,7.4,20.0,7.0,65.9,C
H954202607271144,두영환경,3.5톤 음식물 수거기사,구두 미화원,무관,관계없음,상용직(시간제),월급 / 400만원 ,경기 양주시,,(근무시간) (오전) 4시 00분 ~ (오전) 10시 30분,주6일근무,36,마감일 (2026-09-26),방문 고용24 입사지원  ,이력서   ,031-849-2332,음식물 재활용 사료(닭),3.5톤 리프트카고 음식물 폐기물 수거. 일 6시간 이내 근무,퇴직연금,고용보험 산재보험 건강보험 국민연금,2026-07-27,,5.0,5.0,20.0,7.4,20.0,7.0,64.4,C
H954202607271476,고정현헤어 메가스타영종점,미화,청소원,무관,관계없음,계약직(시간제),시급 / 10320원 ,인천 영종구2층 고정현헤어,,(근무시간) (오전) 9시 00분 ~ (정오) 12시 00분,기타,12,마감일 (2026-09-26),방문 고용24 입사지원  ,기타   ,032-460-4831,기타 미용업,"주4일
일 3시간 
매장 청소",해당없음,고용보험 산재보험  ,2026-07-27,,5.0,5.0,18.0,6.2,15.0,7.0,56.2,C
H954202607271629,에스에이치티,(신규) 반도체 장비용 오링 제조 및 검사,고무 프레스기 조작원,신입,관계없음,상용직,최소연봉 / 2900만원 ,경기 평택시,,(근무시간) (오전) 9시 00분 ~ (오후) 6시 00분,주5일근무,40,마감일 (2026-09-26),고용24 입사지원   ,이력서   ,031-646-1207,반도체 장비용 고무 제조,"업무내용  :반도체 장비용 오링 제조 

근무시간 : 09:00~18:00

급여조건 : 연봉2900만부터 경력자 우대 / 잔업수당,특근수당, 별도지급.

급여일 : 매월 15일

오산인근위치 통근차량 운행

4대보험 가입",퇴직연금,고용보험 산재보험 건강보험 국민연금,2026-07-27,,6.5,6.2,20.0,7.4,20.0,7.0,67.1,C
H954202607270554,진수푸드,닭고기 전문업체 생산직 모집,정육원,신입,관계없음,상용직,월급 / 216만원 ,경기 남양주시진수푸드,,"(오전) 8시 30분~(오후) 4시 30분
토요일(오전) 8시 30분~(오후) 2시 30분
점심시",주6일근무,40,마감일 (2026-09-26),고용24 입사지원   ,이력서   ,031-560-1965,"닭고기 생산, 가공포장",닭고기 절단 포장업무입니다.,퇴직연금,고용보험 산재보험 건강보험 국민연금,2026-07-27,,6.5,5.0,20.0,7.4,20.0,7.0,65.9,C
H954202607270897,에이스시설관리(주),[급구] 국립농사물품질관리원 안성지사 미화원 모집],청소원,무관,관계없음,계약직,월급 / 48만원 ,경기 안성시안성지사,,(근무시간) (오전) 9시 00분 ~ (오후) 1시 00분,기타,8,마감일 (2026-09-26),기타   ,이력서   ,02-2639-2171,위생관리 및 소독 시설물 유지관리,"[급구] 국립농사물품질관리원 안성지사 미화원 모집]

▶업무 :농사물품질관리원 안성지사 청소

▶ 근무요일 : 평일 주2회

▶ 근무시간 : 09:00~13:00(근로시간 4시간)

▶급여 :  월482,833원

▶근무지 : 경기도 안성시 석정1길",해당없음,고용보험 산재보험  ,2026-07-27,,8.0,5.0,20.0,6.2,15.0,7.0,61.2,C
H954202607271116,(주)두솔피엔피,[1종 면허 필수] 1톤 화물 운전 및 물류 입출고 담당자 채용,지게차 운전원,경력,관계없음,상용직,월급 / 250만원 - 면접 후 협의가능 ,경기 용인시(주)두솔피엔피,,(근무시간) (오전) 9시 00분 ~ (오후) 6시 00분,주5일근무,40,마감일 (2026-09-26),고용24 입사지원   ,이력서   ,031-289-2215,인쇄 및포장,"[모집직무]
1톤 화물 운전 및 물류 입출고 담당자 채용

[직무소개]
(주)두솔피엔피는 이커머스 사업자를 위한 3PL 회사로 20년의 경력을 바탕으로 물류 서비스 전반을 제공합니다. 
본 채용은 1톤 화물 운전 및 물류 입출고 담당자 채용입니다.

[주요업무]
- 1톤 화물 운전 및 상하차(수작업) : 마장동 골목 공박스 납품 업무입니다.(2인 1조 예정)
- 박스 피킹 및 패킹 작업 수행(지게차 운전 필수)
- 입출고 관리
- 재고 관리",퇴직금,고용보험 산재보험 건강보험 국민연금,2026-07-27,,14.5,5.0,20.0,7.4,20.0,7.0,73.9,B
H954202607271456,(주)정인비티엠,[강북구 미아동/ 햇빛병원 세탁관리원 채용],,무관,관계없음,계약직,월급 / 175만원 ,서울 강북구,,주5일 근무/ 근무시간: 06:30~12:00(휴게시간 30분)/ 실근로 5시간,주5일근무,25,마감일 (2026-09-26),방문 고용24 입사지원  ,이력서   ,02-2639-2175,"미화,경비,주차 용역","[강북구 미아동/ 햇빛병원 세탁관리원 채용]
- 업무 : 세탁물(린넨) 관리, 다림질 포함
- 근무시간 : 06:30~12:00(휴게시간30분)/ 주5일 근무
- 급여 : 월1,750,000원
- 근무지 : 서울시 강북구 도봉로 74 (햇빛병원)",해당없음,고용보험 산재보험 건강보험 국민연금,2026-07-27,,8.0,5.0,20.0,6.2,20.0,7.0,66.2,C
H954202607270984,찬찬찬 광진점,도시락 반찬 포장(주방 보조) 직원 구인,식품·담배 등급원,무관,관계없음,상용직(시간제),월급 / 95만원 ,서울 광진구,,(근무시간) (오전) 5시 30분 ~ (오전) 8시 30분,주6일근무,18,마감일 (2026-09-26),방문 기타  ,이력서   ,02-450-7243,도시락 배달,"* 도시락 반찬 포장(주방 보조) 업무
* 수습기간 3개월 적용(급여 동일)
* 근무시간- 05:30~08:30 / 주6일 근무(월~토/공휴일 근무함)
* 내국인 및 외국인 지원 가능(의사소통 가능하신 분)",퇴직금,고용보험 산재보험 건강보험 국민연금,2026-07-27,,8.0,5.0,20.0,7.4,20.0,7.0,67.4,C
H954202607271479,(주)에코그린티엠,[청계동] 동탄역더힐 아파트 내부 미화인 구인,"건물 청소원(공공건물,아파트,사무실,병원,상가,공장 등)",무관,관계없음,상용직,월급 / 180만원 ,경기 화성시638-4,," (주6일) 
평일 8시 30분~15시 30분
격주 토요일 9시~12시",주6일근무,33,마감일 (2026-09-26),방문 고용24 입사지원  ,이력서   ,031-892-0244,"위탁관리업, 주택관리업","[동탄역더힐 아파트 내부 미화인 구인]
▣ 근무내용 : 아파트 내부청소
▣ 근무 시간 : (주6일) 평일 8시 30분~15시 30분/격주 토요일 9시~12시
▣ 임금 : 월 1,802,160원 + 복시카드 소지자 5만원 추가
▣ 근무지 : 동탄역더힐 아파트(화성시 동탄순환대로 22길 46)

*면접시, 이력서 지참 필수",퇴직금,고용보험 산재보험 건강보험 국민연금,2026-07-27,,5.0,5.0,20.0,7.4,20.0,7.0,64.4,C
H954202607271390,(주)파트너스종합관리,미화원 채용_2개월 단기근로 (고양 한일미디어타워  / 오피스텔),청소원,경력,관계없음,계약직,월급 / 170만원 ,경기 고양시,,"근무시간 : 평일 9시 00분~15시 00분 / 휴게 12시-1시\
근무기간 : 8월 1일 ~ 9월 3",주6일근무,28,마감일 (2026-09-26),방문 고용24 입사지원  ,이력서   ,032-460-4940,상업용 및 주거용 건물의 임대 및 시설관리,"*세대수 : 오피스텔 498 근린생활시설 38
*근무지 : 한일미디어타워
*근무지주소 : 경기도 고양시 덕양구 꽃마을로66
*위탁사 : (주)파트너스종합관리

*2개월 단기계약직 (8/1~9/30)

고용24로 이력서 넣어주시면 수시로 확인하여 서류합격 시 연락드립니다.",해당없음,고용보험 산재보험 건강보험 국민연금,2026-07-27,,6.5,5.0,20.0,6.2,20.0,7.0,64.7,C
H954202607271386,(주)동양아이스,"식품 제조업 품질 관리, Haccp관리",식품공학 기술자 및 연구원,경력,전문대학,상용직,최소연봉 / 3900만원 ,경기 용인시,,(근무시간) (오전) 8시 00분 ~ (오후) 6시 00분,주5일근무,40,마감일 (2026-09-26),고용24 입사지원   ,이력서 자기소개서  ,031-289-2215,"아이스크림, 빙과류","빙과, 아이스크림 제조업의 품질 관리자, Haccp관리 운영, 식품  공정관리
식품 관련 인증 심사 대응
haccp서류 작성. 스마트 haccp관리
제조 현장내 품질 관리 등..",퇴직연금,고용보험 산재보험 건강보험 국민연금,2026-07-27,,8.0,5.0,20.0,7.4,20.0,7.0,67.4,C
H954202607271825,사회적협동조합사람사는세상,학교 시설관리 및 유지관리 보수 직원모집,건물 보수원 및 영선원(아파트 기계·전기 시설관리 제외),경력,관계없음,계약직,월급 / 135만원 ,경기 이천시,,"08:40~13:10 
휴게시간 (12:40~13:10)",주5일근무,20,마감일 (2026-09-26),팩스 기타  ,이력서   ,031-644-4188,학교시설관리용역 파견,"- 근무 장소 : 나래초등학교
- 직무 내용 : 시설관리 및 유지보수 업무
- 근무 시간 : 월~금(주 5일), 08:40-13:10 
- 급여 : 월 1,350,300 원 ",퇴직연금,고용보험 산재보험 건강보험 국민연금,2026-07-27,,8.0,5.0,20.0,7.4,20.0,7.0,67.4,C
H954202607270136,(주)에스지세콤,[대치동/삼성역인근] 빌딩 경비원 모집,"건물 경비원(청사,학교,병원,상가,빌딩,공장 등)",경력,관계없음,계약직,월급 / 216만원 ,서울 강남구비엘타워,,"06:00~06:00/격일제(휴게: 주간4.5, 야간7시간)",기타,40,마감일 (2026-09-26),방문 기타  ,이력서   ,02-2094-2247,"빌딩주택관리, 주택임대관리","삼성역 인근 빌딩 경비 업무
경비신임교육 무관
기계식주차관리교육 이수자 우대
06:00~06:00/격일제(휴게: 주간4.5, 야간7시간)
월2,156,000원                                                                

* 담당자 유선 통화 후 면접(010-6341-2517)",퇴직금,고용보험 산재보험 건강보험 국민연금,2026-07-27,,9.5,5.0,20.0,7.4,15.0,7.0,63.9,C
H954202607270612,(주)에스씨월드,새절역두산위브트레지움 실내 미화원 구인 ,청소원,무관,관계없음,계약직(시간제),월급 / 177만원 ,서울 은평구아파트 미화,,근무시간: 평일 09~16 휴계 1시간 / 토요일 09~12,주6일근무,33,마감일 (2026-09-26),방문 기타  ,이력서   ,031-231-7801,건물관리.시설관리 용역,"- 새절역두산위브 아파트 실내 미화원

근무시간: 평일 09~16 휴계 1시간 / 토요일 09~12
급여 : 1,774,400원",해당없음,고용보험 산재보험 건강보험 국민연금,2026-07-27,,5.0,5.0,20.0,6.2,20.0,7.0,63.2,C
H954202607271455,태가비엠(주),칠보빌딩 미화원 채용,청소원,무관,관계없음,계약직,월급 / 210만원 ,서울 중구,,(근무시간) (오전) 6시 00분 ~ (오후) 3시 30분,주6일근무,39,마감일 (2026-09-26),고용24 입사지원   ,이력서   ,02-2639-2446,"건물 시설관리, 시설 경비, 미화업무","담당업무

ㆍ건물내 청소, 

근무요건

ㆍ근무 : 주6일
   - 평일 : 06:00 ~ 15:30 (7시간) ( 휴게 2.5시간)
   - 주말 : 06:00 ~ 10:00 (4시간)

  ㆍ급여 : 2,100,000원 (연차수당별도)


우대사항

ㆍ인근거주자
ㆍ즉시출근 가능자
ㆍ장기근무 가능자",해당없음,고용보험 산재보험 건강보험 국민연금,2026-07-27,,8.0,5.0,20.0,6.2,14.0,7.0,60.2,C
H954202607271796,(주)야미푸드,식품기업의 물류자재 지게차 관리사원을 모집합니다.,지게차 운전원,무관,관계없음,상용직,최소연봉 / 3400만원 - 면접 후 협의가능 ,경기 이천시,,(근무시간) (오전) 8시 30분 ~ (오후) 5시 30분,주5일근무,40,마감일 (2026-09-26),방문 우편 고용24 입사지원 ,이력서 자기소개서  ,031-644-3806,돈까스 떡갈비 제조 및 도소매,"원부자재가 입고 되면 빠렛트 단위로 랙이 있는 냉동창고나 해당 장소에 입고합니다.
구매물류팀장과 함께 근무하며,입고 및 출고내용을 전산입력하는 업무를 포함합니다.
냉동창고에 보관된 제품과 상품을 출하 데크에 꺼내어 학교별로 분류하는 작업을 동료5명과 함께 합니다.

지게차 운전으로 입출고를 합니다",퇴직연금,고용보험 산재보험 건강보험 국민연금,2026-07-27,,6.5,6.2,20.0,7.4,20.0,7.0,67.1,C
H954202607271393,오션키즈 동대문센터,오션키즈 어린이수영장 차량기사님 모집합니다.,관광 및 통근·통학·학원 및 기타 버스 운전원,무관,관계없음,상용직,월급 / 230만원 ,서울 동대문구지하1층,,"월~금 (오후) 1시 00분~(오후) 10시 00분
* 휴게시간 1시간",주5일근무,40,마감일 (2026-09-26),고용24 입사지원   ,이력서 자기소개서  ,02-2004-7061,수영교육,"어린이수영장 학원차량 관리 운행
어린이 케어 안전관리, 승,하차 지도

* 4대보험 가입",퇴직금,고용보험 산재보험 건강보험 국민연금,2026-07-27,,6.5,5.0,20.0,7.4,20.0,7.0,65.9,C
H954202607270242,주식회사 크라운티엠에스,[ 다산동 ] 다산역 데시앙 오피스텔 미화원 구인,청소원,무관,관계없음,계약직(시간제),월급 / 157만원 ,경기 남양주시,,- 주6일 / 08:30-15:00(휴게 12:00-13:00) / 격주 토요일 09:00-12:00,주6일근무,29,마감일 (2026-09-26),방문 팩스  ,이력서   ,031-590-2346,건물관리,"- 다산동 다산역 데시앙 건물 내부 미화원
- 오피스텔,상가 공용부 청소/ 즉시 근무 가능자
- 주6일 / 08:30-15:00(휴게 12:00-13:00) / 격주 토요일 09:00-12:00
- 월 1,570,000원
- 3개월마다 근로 재계약
- 이력서 팩스(031-569-9671) 또는 방문 접수
- 복지카드소지자우대",퇴직연금,고용보험 산재보험 건강보험 국민연금,2026-07-27,,5.0,5.0,20.0,7.4,20.0,7.0,64.4,C
H954202607271230,주식회사 다올토탈서비스,[현대기아자동차 본사]  빌딩 야간및 당직 미화원 모집,청소원,무관,관계없음,계약직,월급 / 141만원 ,서울 서초구,,(근무시간) (오후) 6시 30분 ~ (오후) 11시 00분,주6일근무,24,마감일 (2026-09-26),방문 팩스 기타 ,이력서   ,02-2155-6683,시설물유지관리,"[ 현대기아자동차 본사 ] 빌딩 야간및 당직 미화원(야간미화 5명// 당직 1명)
- 현대기아자동차 본사 빌딩 실내 야간및 당직청소/ 주6일
- 근무시간 : 야간18:30~23:00 (휴게시간 30분) //당직 : 당일 2100~익일 6시 (휴게시간 3.5시간)
- 미화급여 : 야간 월 1,408,108원//당직 월 2,492,280원
- 6개월이상 재직시 경조금, 휴가 명절비, 구성여비 있음
- 접수 : 팩스 02-3464-4913 , 이메일 dusrk87@naver.com 이력서 지원",퇴직연금,고용보험 산재보험 건강보험 국민연금,2026-07-27,,11.5,5.0,20.0,7.4,20.0,7.0,70.9,B
H954202607271084,유경데파트 상가번영회,상가건물 미화원 모집,청소원,무관,관계없음,계약직,월급 / 200만원 ,서울 노원구,,"1. 근무시간 (토요일 격주로 근무)

  1) 월~금 근무시간 : 오전 7시 ~ 오후 3",주6일근무,35,마감일 (2026-09-26),고용24 입사지원   ,이력서   ,02-2171-1706,"상가관리, 주차장운영, 부동산 매매",상가 건물 미화 업무,퇴직연금,고용보험 산재보험 건강보험 국민연금,2026-07-27,,6.5,5.0,20.0,7.4,20.0,7.0,65.9,C
H954202607270131,샘표식품주식회사,샘표식품 이천공장 물류팀 현장직 채용,지게차 운전원,경력,관계없음,계약직,월급 / 250만원 ,경기 이천시샘표식품 이천공장,,(근무시간) (오전) 8시 30분 ~ (오후) 5시 30분,주5일근무,40,마감일 (2026-09-26),고용24 입사지원   ,이력서 자기소개서  ,02-2004-7061,장류 및 기타 식품 제조,"[담당업무]
■ 창고내 피킹 및 상/하차 작업  : 지게차운전, 상/하차 작업, 재고관리/검수, 피킹, PDA작업 

[자격요건]
■ 학력 및 경력 무관 
■ 지게차 운전자격을 보유한 분 (3톤미만 지게차)

[우대사항]
■ 물류 피킹 업무 경력이 있으신 분 

[복리후생]
■ 주5일 평일근무
■ 셔틀버스운행 (이천시내, 이천역)
■ 구내식당 3식 자율배식
■ 업무 평가에 따른 정규직 전환 검토

* 서울고용센터에서 채용대행 중입니다. 고용24로 많은 입사지원 바랍니다. 
 면접자는 사업장에서 개별통보합니다.",퇴직연금,고용보험 산재보험 건강보험 국민연금,2026-07-27,,16.0,6.2,20.0,7.4,20.0,7.0,76.6,B
H954202607270418,EWR빌딩,EWR빌딩 경비 및 주차관리원 모집,"건물 경비원(청사,학교,병원,상가,빌딩,공장 등)",무관,관계없음,상용직,월급 / 250만원 ,서울 서초구,,"격일 근무제

근무시간 오전 6시 출근 및 익일 오전 6시 교대

휴게시간 10",기타,40,마감일 (2026-09-26),팩스 고용24 입사지원  ,이력서   ,02-580-4921,부동산임대,"[주요업무]
- 건물 내외부 순찰 및 보안 관리, 전기 수도 검침
- 입주사 및 방문객 차량 및 주차 관리
- 화재, 누수 등 비상 상황 발생 시 대처

[급여]
- 250만원 (협의 가능)

[근무시간]
- 매일 24시간 격일근무 (아침 6시 교대)
- 휴게시간 10시간 (12:00~13:00 / 18:00~19:00 / 22:00~06:00)

[지원자격]
- 운전면허증 필수",퇴직금,고용보험 산재보험 건강보험 국민연금,2026-07-27,,14.5,5.0,20.0,7.4,15.0,7.0,68.9,C
H954202607270933,(주)한라시그마관리,빌딩 경비원 모집 (금천 가산동 한라시그마밸리),"건물 경비원(청사,학교,병원,상가,빌딩,공장 등)",무관,관계없음,계약직,월급 / 234만원 ,서울 금천구,,"주간단위 3교대  (3주중 2주주간 , 1주야간근무)
                 1주차) 06:00-14:00",주6일근무,42,마감일 (2026-09-26),방문 팩스  ,이력서   ,02-2680-6057,건물시설관리,"- 금천구 지식산업센터 건물 경비업무 (경비교육무관 실업무가능하신 분/신입 무관)
- 급여 : 월 234만원  (+무인주차수당 50000원별도)
          / 근무지 : 금천구 가산디지털2로 (한라시그마밸리 건물)
- 근무시간 : 주간단위 3교대  (3주중 2주주간 , 1주야간근무)
                 1주차) 06:00-14:00  ,1일휴무
                 2주차) 14:00-22:00  ,1일휴무
                 3주차) 22:00-06:00  ,1일휴무
-접수/ 팩스  02-6343-6808//이메일  halla9966@naver.com// 이력서 송부",퇴직연금,고용보험 산재보험 건강보험 국민연금,2026-07-27,,11.5,5.0,20.0,7.4,20.0,7.0,70.9,B
H954202607270135,(주)동일캔버스엔지니어링,안전관리자(실무경력 3년~6년이하) 대리급 채용,건축안전·환경·품질·에너지관리 기술자,경력,대학_대학교,상용직,최소연봉 / 4000만원 - 면접 후 협의가능 ,경기 평택시동일캔바스엔지니어링,,"1. 근무시간 : (오전)8시부터 (오후)5시 30분까지

2. 휴게 시간 (총 90분)
(오",주5일근무,40,마감일 (2026-09-26),   ,이력서 자기소개서 졸업증명서 경력증명서,031-646-1243,"탈수기, 여과기","1. 모집부문
- 안전보건관리팀
- 사업장 SHE관리 - 사내, 현장

2. 경력 : 대리급

3. 직무 소개
- 법정 안전관리자 업무 (사업장 순회점검, 안전교육, 구성원 안전 지도 조언 등) 전반
- 사업장 위험 요인 도출 및 개선 관리
- 작업 위험성평가 수행 관리
- 외주/도급 공사 안전관리
- 안전보건경영시스템 (ISO 45001) 인증 유지 관리
- 유해위험기계기구 자율안전인증 및 안전검사 관리
- 안전보건 회의체 운영
- 현장 안전관리자 상주업무 

4. 필수자격
- 건설안전기사 취득 후 3년 이상 경력자

5. 우대사항
- 안전공학 전공자
- 건설업 현장 안전관리자 유경험자
- 고용노동부 대응 유경험자
- 환경처리시설 장비설치현장 유경험자
- 보건, 소방, 전기 안전관리 유경험자",퇴직연금,고용보험 산재보험 건강보험 국민연금,2026-07-27,,17.5,5.0,20.0,7.4,20.0,4.0,73.9,B
H954202607270362,(주)비씨월드제약,안전하고 효율적인 공장 운영을 위한 경비원을 채용합니다.,"건물 경비원(청사,학교,병원,상가,빌딩,공장 등)",신입,관계없음,계약직,월급 / 266만원 ,경기 여주시,,(근무시간) (오전) 8시 30분 ~ (오후) 5시 30분,주5일근무,40,마감일 (2026-09-26),고용24 입사지원   ,이력서   ,031-740-6792,의약품제조업,"[모집직무]
경비, 보안, 시설 관리, 차량 통제

[근무형태]
계약직
근무시간 : 07:30-18:00
근무지약 : 경기도 여주

[직무소개]
우리 회사는 안전하고 효율적인 공장 운영을 위해 경비원을 모집하고 있습니다.  입사자는 공장 내 출입 차량을 관리하고 시설 안전을 책임질 것입니다.

[주요업무]
- 공장 출입 통제
- 사고 발생 시 신속한 대응
- 근무 시간 동안 시설 및 주변 안전 점검
- 비상 상황 발생 시 적절한 조치 및 대응
- 공장 주변 환경 미화

[임직원 복지 혜택]
▷ 통근버스운행(여주, 이천방향)
 ▷ 퇴직금 DC형태 운영(1년 근무시 퇴직금 지급)
 ▷ 연 2회 명절 선물 지급(설날, 추석)
 ▷ 동반성장 주식매입리워드 : 자사 주식 매입 시, 매입금액의 10%지원(연간 최대 100만원)
 ▷ 복지포인트 지급 : 근무년수 1년 이상시 네이버 포인트로 복지포인트 지급
 ▷ 회사 자체 식당에서 중식 제공
 ▷ 사내 조식 무료 제공 : 라면, 커피, 컵밥 등 무료 제공
 ▷ 안마의자 무료이용 가능",퇴직연금,고용보험 산재보험 건강보험 국민연금,2026-07-27,,17.5,5.0,20.0,7.4,20.0,7.0,76.9,B
H954202607271577,경희동서한의원,경희DS한방병원 조리원모집,,신입,관계없음,상용직,월급 / 310만원 ,서울 강동구경희디에스 한방병원,,"월~토까지 근무 일요일 고정휴무
근무시간 (오전) 6시 00분~(오후) 6시 00분",주6일근무,40,마감일 (2026-09-26),방문   ,이력서   ,02-2142-8493,한의원 ,"한방병원 주방급식업무
조리, 전처리, 세팅, 배식, 설겆이등 
2인1조
식수:아침저녁-30명전후, 점심-45명전후",퇴직금,고용보험 산재보험 건강보험 국민연금,2026-07-27,,8.0,5.0,20.0,7.4,20.0,7.0,67.4,C
H954202607270623,(주)에스씨월드,동탄디에트르포레 실내미화원 구인,청소원,무관,관계없음,상용직(시간제),월급 / 175만원 ,경기 화성시,,- 근무시간 : 평일 09:00~16:00 (휴게시간 1시간) / 토요일 9:00~12:00 (격주근무),주6일근무,32,마감일 (2026-09-26),방문 기타  ,이력서   ,031-231-7801,건물관리.시설관리 용역,"- 동탄디에트르포레 실내미화원 

- 근무시간 : 평일 09:00~16:00 (휴게시간 1시간) / 토요일 9:00~12:00 (격주근무)

- 실내 미화원 월-금, 토요일격주 1,754.030원

- 복지카드 소지자 우대",퇴직금,고용보험 산재보험 건강보험 국민연금,2026-07-27,,5.0,5.0,20.0,7.4,20.0,7.0,64.4,C
H954202607270903,삼우서비스 주식회사,[미사강변스타힐스아파트] 실내 미화원 모집,청소원,무관,관계없음,계약직(시간제),월급 / 175만원 ,경기 하남시미사강변스타힐스아파트,,"(월~금) 09:00~16:00 (휴게시간 1시간 포함), (토) 09:00~12:00",주6일근무,33,마감일 (2026-09-26),방문 기타  ,이력서   ,031-790-6891,"건물청소,소독,시설경비","[미사강변스타힐스아파트] 실내 미화원 모집
 ㅇ근무시간 : 주6일 (월~금) 09:00~16:00 (휴게시간 1시간 포함), (토) 09:00~12:00
 ㅇ급여 : 월 1,749,240원
 
 ◆전화( 미화반장 010-4156-1678 ) 상담 후 방문◆",퇴직금,고용보험 산재보험 건강보험 국민연금,2026-07-27,,5.0,5.0,20.0,7.4,20.0,7.0,64.4,C
H954202607270172,동양윈텍 C/W,알루미늄 창호 ( 단순제조 ) 생산직원 모집,새시 조립·설치원,신입,관계없음,상용직,월급 / 250만원 ,경기 평택시,,"(오전) 8시 00분~(오후) 5시 30분
점심시간 12:00~13:00
휴게시간 10:00~10:15, 15:00~1",주5일근무,40,마감일 (2026-09-26),방문   ,이력서   ,031-646-1243,이건창호시스템창및 커튼월창 제작업체,"알루미늄 창호 제작업체로 알루미늄 원자재 절단 및 가공 조립을 기본 업무로 하며 시스템 벤트 제작등이 주 업무 입니다.

[기계가공>절삭가공>밀링가공]
엔드밀 가공
검사 · 수정하기,본가공 수행하기,작업 준비하기",퇴직연금,고용보험 산재보험 건강보험 국민연금,2026-07-27,,8.0,5.0,20.0,7.4,20.0,7.0,67.4,C
H954202607270432,더온사회적협동조합,학교시설노무 당직용역근로자 _단순노무,건물 보수원 및 영선원(아파트 기계·전기 시설관리 제외),경력,관계없음,계약직,월급 / 277만원 ,경기 용인시,,"근무시간
16:30 ~ 22:00 시건확인 , 교내외 순찰 (18:30~19:30 1시간휴식)
22:00 ~ 6:2",주6일근무,39,마감일 (2026-09-26),팩스 고용24 입사지원  ,이력서   ,031-739-3147,"시설관리 , 건축물일반청소.편의점.카페 .상품종합도매업.옥외및광고업기","1. 모집분야
모집직종 : 시설당직원
모집인원 : 1명

2. 근무기간
계약기간 : 6개월
근무시작일 : 협의 후 결정

3. 근무시간
16:30 ~ 22:00 시건확인 , 교내외 순찰 (18:30~19:30 1시간휴식)
22:00 ~ 6:20 휴게시간 (수면시간)
06:20 ~ 08:30 무인경비 해제 및 출입문개방 ,  순찰

휴게시간 및 수면시간 별도 부여
세부 근무일정은 학교 운영계획에 따름

4. 담당업무
학교 시설 순찰 및 보안관리
출입문 개폐 및 출입자 관리
시설물 이상 유무 확인 및 간단한 응급조치
화재 및 안전사고 예방 활동
기타 학교에서 지정하는 시설당직 업무

5. 지원자격
시설관리 및 당직업무 수행이 가능한 자
책임감이 강하고 성실한 자
학교 근무 경력자 우대
시설관리 관련 경력자 우대

6. 급여
회사 및 학교 기준에 따름",해당없음,고용보험 산재보험 건강보험 국민연금,2026-07-27,,19.0,5.0,20.0,6.2,20.0,7.0,77.2,B
H954202607271656,(주)두원에이앤씨,힐스테이트 리버시티1단지 아파트 내부 미화반장님 구인합니다.,청소원,무관,관계없음,계약직,월급 / 190만원 ,경기 김포시//,,(근무시간) (오전) 9시 00분 ~ (오후) 4시 00분,주6일근무,30,마감일 (2026-09-26),방문   ,이력서   ,031-981-2094,"위생관리, 시설유지관리, 시설경비 등 인력파견업","힐스테이트 리버시티 1단지  아파트 내부 미화 반장님 구인합니다.
근무시간 : 09:00~16:00   토요일  09:00~12:00
휴게시간 : 12:00 ~ 13:00
급여 : 월1,899,240원",퇴직금,고용보험 산재보험 건강보험 국민연금,2026-07-27,,5.0,5.0,20.0,7.4,20.0,7.0,64.4,C
H954202607271612,연세케어센터,[연세케어센터]조리원 모집,,경력,관계없음,상용직,월급 / 270만원 ,경기 고양시연세케어센터,,"근무시간 : (오전) 6시 00분~(오후) 18시 00분
휴게시간 : (오전) 8시 00분~(오전)",주5일근무,40,마감일 (2026-09-26),방문 우편 고용24 입사지원 ,이력서   ,031-920-3930,요양기관,"업무내용

1. 식재료의 선별과 보관 
2. 어르신식사 및 주방 조리업무
3. 근무일정 : 2일 근무 후 2일 휴무",퇴직연금,고용보험 산재보험 건강보험 국민연금,2026-07-27,,6.5,5.0,20.0,7.4,20.0,7.0,65.9,C
H954202607270436,(주)무림하우징,시흥2동] 아파트 기전기사 _ 경력1년이상,건물 보수원 및 영선원(아파트 기계·전기 시설관리 제외),경력,관계없음,계약직,월급 / 245만원 ,서울 금천구,,"06시 교대 격일제(휴게시간 - 11:30~13:30, 17:30~18:30, 23:00~05:00)",기타,40,마감일 (2026-09-26),방문 팩스  ,이력서 경력증명서  ,02-2627-1919,건물관리,"○  기전기사 - 공용부문 시설 관리, 세대 민원 처리, 관리실 업무 등

○ 필수 - 경력 1년 이상",퇴직금,고용보험 산재보험 건강보험 국민연금,2026-07-27,,9.5,5.0,20.0,7.4,15.0,7.0,63.9,C
H954202607270913,주식회사 우창개발,마곡엠밸리9단지아파트 공용부 미화원 모집 ,청소원,무관,관계없음,계약직,월급 / 175만원 ,서울 강서구,,"주 6일, 평일 08:30~15:30, 토요일 08:30~11:30",주6일근무,33,마감일 (2026-09-26),기타   ,이력서   ,02-2600-6519,빌딩 상가 경비 청소 빌딩관리,"[엠밸리9단지 실내 공용부 미화원 모집] 
- 근무시간: 주6일/ 평일 08:30~15:30(휴게 1시간), 토요일 08:30~11:30
- 월급: 1,749,240원 
- 근무지: 서울시 강서구 공항대로 103 마곡엠밸리9단지아파트(5호선 마곡역 인근) 

* 지원문의:  010-5505-1246 ",퇴직금,고용보험 산재보험 건강보험 국민연금,2026-07-27,,6.5,5.0,20.0,7.4,20.0,7.0,65.9,C
H954202607270904,주식회사 더다온,[포승신공장] 물류팀 지게차 입출하관리 사원 채용 ,지게차 운전원,경력,관계없음,계약직,시급 / 10320원 ,경기 평택시율촌화학 포승공장,,주간근무 : 월~금 08:30~17:30,주5일근무,,마감일 (2026-09-26),고용24 입사지원   ,이력서   ,031-646-1269,.,"모집부서 : 제품입출고 지게차

- 지게차업무 유경험자 (필수)
- 사내 지게차(3t 좌식 지게차 사용)로 필름제품 입출하 및 창고관리
- 3방향 지게차 사용으로 위험물창고관리
- 주간근무 : 월~금 08:30~17:30 

- 3개월 계약직 두번 진행 후 전환

- 급여 : 첫달 수습기간 시급 10,320원 이후 시급12,950원 / 주5일 40시간기준시 세전 약 270만원
    ▶ 연장 및 휴일근무 시간에 따라 변이 (주 52시간내)
    ▶ 연장수당, 휴일근무수당

- 사내 주차 가능, 식사제공",퇴직연금,고용보험 산재보험 건강보험 국민연금,2026-07-27,,13.0,5.0,18.0,7.4,16.0,7.0,66.4,C
H954202607271881,삼성힐링요양원,퐁당당 요양보호사 구인,간병인(재가 제외),무관,관계없음,계약직,월급 / 250만원 ,경기 양주시삼성힐링요양원,,(퐁당당) 08:30~익일08:30,주5일근무,40,마감일 (2026-09-26),방문 고용24 입사지원  ,이력서 기타  ,031-849-2331,노인장기요양,요양원 내 전반적인 요양보호사 업무,퇴직금,고용보험 산재보험 건강보험 국민연금,2026-07-27,,6.5,5.0,20.0,7.4,20.0,7.0,65.9,C
H954202607270525,(주)신화엠티에스,"전기공사, 계장공사, 제어반 제작 설치","전기공사 기술자(전기견적, 공무포함)",경력,관계없음,상용직,최소연봉 / 5000만원 ,경기 화성시,,(근무시간) (오전) 8시 00분 ~ (오후) 5시 00분,주5일근무,40,마감일 (2026-09-26),방문 고용24 입사지원  ,이력서   ,031-290-0823,전기로,"전기 콘트롤 판넬 제작, 설치",퇴직금,고용보험 산재보험 건강보험 국민연금,2026-07-27,,5.0,5.0,20.0,7.4,20.0,7.0,64.4,C
H954202607270128,샘표식품주식회사,샘표식품 이천공장 생산 오퍼레이터직 채용[주5일/주간/OT별도/셔틀/구내식당],"기타 식품가공기계 조작원(유지, 장류, 조미식품, 설탕, 커피, 담배 등)",무관,관계없음,계약직,월급 / 245만원 ,경기 이천시샘표식품 이천공장,,(근무시간) (오전) 8시 30분 ~ (오후) 5시 30분,주5일근무,40,마감일 (2026-09-26),고용24 입사지원   ,이력서 자기소개서  ,02-2004-7061,장류 및 기타 식품 제조,"[담당업무]
■ 제품 생산 실무 
■ 간장 제조 라인 관리
■ 생산설비 유지

[자격요건]
■ 학력 및 경력 무관

[복리후생]
■ 주5일 평일근무
■ 셔틀버스운행 (이천시내, 이천역)
■ 구내식당 3식 자율배식
■ 업무 평가에 따른 정규직 전환 검토

* 서울고용센터에서 채용대행 중입니다. 고용24로 많은 입사지원 바랍니다. 
 면접자는 사업장에서 개별통보합니다.",퇴직연금,고용보험 산재보험 건강보험 국민연금,2026-07-27,,16.0,6.2,20.0,7.4,20.0,7.0,76.6,B
H954202607270397,(주)에스씨월드,[봉담중흥S-클래스 센트럴에듀] 신규 아파트 외곽 미화원 구인,청소원,무관,관계없음,계약직,월급 / 185만원 ,경기 화성시,,"평일 09:00~16:00 (휴게 시간: 12:00~13:00)
토요일 09:00~12:00 ",주6일근무,33,마감일 (2026-09-26),방문   ,이력서   ,031-231-7801,건물관리.시설관리 용역,"- 직무: 아파트 외곽 미화원
- 근무시간: 평일 09:00~16:00(휴게시간: 12:00~13:00), 토요일 09:00~12:00 
- 급여: 1,849,240원",퇴직금,고용보험 산재보험 건강보험 국민연금,2026-07-27,,5.0,5.0,20.0,7.4,20.0,7.0,64.4,C
H954202607271019,(주)케이엠산업,"실사출력물 제작(현수막, 포맥스 간판) 건설안전용품 출력물",인쇄기계 조작원,경력,관계없음,상용직,최소연봉 / 3000만원 ,인천 제물포구10동 111호,,(근무시간) (오전) 8시 30분 ~ (오후) 6시 00분,주5일근무,40,마감일 (2026-09-26),고용24 입사지원   ,이력서   ,032-460-4778,산업안전용품 및 기타건축자재 도소매업,"* 광고물 제작 업체(간판/실사출력매장) 경력 디자인 실무자
* 건설안전용품 관련 출력 관련 전반 업무 경력자(현수막, 포맥스, 철판 외)",퇴직금,고용보험 산재보험 건강보험 국민연금,2026-07-27,,6.5,5.0,20.0,7.4,20.0,7.0,65.9,C
H954202607271061,(주)제일안전,성실하게 근무하실 미화원 모집 ,"건물 청소원(공공건물,아파트,사무실,병원,상가,공장 등)",무관,관계없음,계약직(시간제),월급 / 82만원 ,인천 제물포구,,(근무시간) (오전) 8시 00분 ~ (오전) 11시 00분,주5일근무,15,마감일 (2026-09-26),방문   ,이력서   ,032-453-5986,"청소용역,경비업","★★ 담당자 통화 후 면접 (학교에 전화 및 직접 방문 절대 하지 마세요) ★★

● 학교별관사무실 미화
 - 근무지: 자유공원로 58-9
 - 직무: 사무실,화장실,복도청소
 - 근무시간: 08 ~11시 
 -근무계약일 : 채용시~26.12.31 
 
 * 장애복지카드/근거리 우대
 - 업체 담당자 연락처 : 032-435-1621",해당없음,고용보험 산재보험 건강보험 국민연금,2026-07-27,,6.5,5.0,20.0,6.2,20.0,7.0,64.7,C
H954202607271790,대신택배,대신택배/주간기사/김포/학운리/월340만원+a/지입x/인천바로옆.,택배원,무관,관계없음,상용직,월급 / 340만원 ,경기 김포시,,"(근무시간) 평일(오전) 7시 30분 ~ (오후) 7시 30분
토요일 및 공휴일 오전7시30",주6일근무,40,마감일 (2026-09-26),방문 고용24 입사지원  ,이력서   ,031-999-0922,대신택배 영업소/ 화물 발송 및 배달업무,"대신택배 주간기사 
1종보통 스틱 가능자/5톤,1톤운행/지게차가능자
오전7:30분 - 오후7시00 (물량따라 출퇴근조정)
평일 식사 및 휴식시간 1시간 30분 정도
배송 업무 및 집하 
토요일 /공휴일 오전근무(7시30분 - 오후12시 00분)
토요일 공휴일 식사 및 휴식시간 1시간정도
일요일 휴무
자세한 근무조건은 면접시 알려드립니다.
급여 월340만원+a(3개월 단위로 도착물량이 많은 달 보너스지급) 





1톤차량 스틱 운전은 필수이며, 지입기사님 아니고 월급기사님 입니다. 4대보험, 중식제공, 명절 및 휴가 상여금/퇴직금 지급 됩니다.
세부적인것은 전화주시면, 안내해드릴게요^^

관할구역이 작아서 오전배송물량은 적은편이며, 오후에는 거래처 집하 및 화물분류/정리 업무입니다.

김포 구래동/ 인천 검단/ 인천 청라에서 출퇴근 하시기 좋습니다.",퇴직금,고용보험 산재보험 건강보험 국민연금,2026-07-27,,11.5,5.0,20.0,7.4,20.0,7.0,70.9,B
H954202607271091,자이에스앤디(주),판교 미래에셋 센터 건물 미화원 모집,청소원,무관,관계없음,계약직,월급 / 204만원 ,경기 성남시.,,"- 주 5일근무, 근무시간 : 6:30-15:30(휴게시간 09:00~10:00, 11:30~13:00)
 (한 달에 1번",주5일근무,34,마감일 (2026-09-26),팩스 고용24 입사지원  ,이력서   ,031-729-4884,공동주택 관리업,"판교 미래에셋 센터 건물 미화원 모집

- 급   여 : 204만원(월 1회 주말 및 공휴일근무 급여 포함된것임, 월 2회차때는 평일 휴무 제공)
- 주 5일근무, 근무시간 : 6:30-15:30(휴게시간 09:00~10:00, 11:30~13:00)
 (한 달에 1번(주말출근)은 출근 있고 2번째 주말출근하면 평일휴무줌 주말근무시간 09:00~15:30(휴게시간 11:30~13:00)
- 월 1~2일 휴일(일요일포함, 공휴일포함) 근무 가능하신 분만 지원해주세요.
- 상가가 1~2층 있습니다. 상가는 많지 않아요. 
- 주차안됨",해당없음,고용보험 산재보험 건강보험 국민연금,2026-07-27,,11.5,5.0,20.0,6.2,20.0,7.0,69.7,C
H954202607270961,(주)세안텍스,백운밸리퍼스트원 상가 미화원 구인,청소원,경력,관계없음,상용직(시간제),월급 / 130만원 ,경기 의왕시,,"08:00~13:00 (휴게1시간)
주말 08:00~12:00",주5일근무,24,마감일 (2026-09-26),고용24 입사지원 기타  ,이력서   ,02-580-4922,"건축물유지관리업(부동산포함),건물(시설)관리용역","[채용대행] 백운밸리퍼스트원 상가 미화원 모집 
/ 공용부 청소 (여자화장실포함 청소가능자)
/ 주 5일근무 (주말 하루포함) 08:00~13:00 (휴게시간 1시간) / 주말 근무 4시간.
/ 급여 : 130만원
8월 3일 월요일부터 출근 가능자 우대",퇴직연금,고용보험 산재보험 건강보험 국민연금,2026-07-27,,5.0,5.0,20.0,7.4,20.0,7.0,64.4,C
H954202607271307,송현산업주식회사,[GC녹십자 목암타운 건물] 미화원 채용,청소원,경력,관계없음,계약직,월급 / 225만원 ,경기 용인시GC녹십자 목암타운,,(근무시간) (오전) 6시 00분 ~ (오후) 3시 00분,주5일근무,40,마감일 (2026-09-26),고용24 입사지원   ,이력서 졸업증명서  ,031-6193-8915,건물관리,"- (주)녹십자 건물 실내미화원모집
- 직무:  건물내부 미화업무
- 근무시간 주5일 : 06:00~15:00 (휴게시간 12:20~13:20)
- 급여 : 225만원~237만원
- 근무예정일 : 2026년 08월 03일(월요일)/업체내부사정으로 변경될수 있음",퇴직연금,고용보험 산재보험 건강보험 국민연금,2026-07-27,,6.5,5.0,20.0,7.4,20.0,7.0,65.9,C
H954202607270807,(주)우리켐,건축용 실리콘 매장 판매사원 모집,통신기기·서비스 판매원,무관,관계없음,상용직,월급 / 290만원 ,경기 안산시(주)우리켐,,"평일  09:10~19:10

토요일, 공휴일: 격주 근무 06:20~ 15:20
일요일 : 휴무
*근무",주6일근무,48,마감일 (2026-09-26),고용24 입사지원   ,이력서 자기소개서  ,031-412-6917,"건축용 실리콘, 우레탄 폼, 접착제 등 건축용 케미칼 도매업","건축용실리콘, 우레탄폼 등 건축용 실란트 매장 판매 

*근무시간은 면접시 상호 조정 가능
*중식비 별도",퇴직연금,고용보험 산재보험 건강보험 국민연금,2026-07-27,,5.0,5.0,20.0,7.4,20.0,7.0,64.4,C
H954202607271444,(주)씨에스미디어,생산/출하업무(신체건강하신분 모십니다.),인쇄 후가공원,무관,관계없음,상용직,최소연봉 / 3120만원 ,경기 안양시에이스하이테크씨티 평촌 306호,,(근무시간) (오전) 9시 00분 ~ (오후) 6시 00분,주5일근무,40,마감일 (2026-09-26),고용24 입사지원   ,이력서   ,031-463-0746,스티커 라벨제작,당사는 기타인쇄 관련 회사로서 플렉소로타리등의 인쇄기계에서 생산된 라벨(스티커)을 재가공(슬리팅)업무 또는 박스포장하는등의 출하업무에 종사하실 신체건강하고 성실한분 모십니다.,퇴직연금,고용보험 산재보험 건강보험 국민연금,2026-07-27,,6.5,5.0,20.0,7.4,20.0,7.0,65.9,C
H954202607270775,(주)청우티에스,BMW교대 서비스센터  미화원 모집,청소원,무관,관계없음,계약직,월급 / 199만원 ,서울 서초구코오롱모터스 BMW 교대서비스센터,,(근무시간) (오전) 6시 00분 ~ (오후) 2시 30분,주5일근무,35,마감일 (2026-09-26),고용24 입사지원   ,이력서   ,031-920-3914,사업시설 유지관리 서비스업,"- (8/3 바로출근 가능) BMW 교대 서비스센터 미화 청소원 모집  

- 서울특별시 서초구 사임당로 22 코오롱모터스 BMW 교대서비스센터

- 업무: 건물 내부 청소 (화장실, 복도, 공용공간 등)

- 근무: 월~금 06:00~14:30 (1시간 30분 휴게 포함) => 근무시간 추가 될 예정

- 자격조건: 건물청소 유경험자 , 인근거주자",퇴직연금,고용보험 산재보험 건강보험 국민연금,2026-07-27,,6.5,7.4,20.0,7.4,20.0,7.0,68.3,C
H954202607270233,(주)원이앤에스,[영등포구 여의도] 국민은행 여의도 전산센터 미화관리 직원 모집,청소원,무관,관계없음,계약직,월급 / 191만원 - 면접 후 협의가능 ,서울 영등포구KB여의도IT센터,,"- 오전조 : 06시 ~ 15시 (휴게시간 2시간, 08:00~09:00, 11:00~12:00)

- 오후조 : 11시 ",주5일근무,35,마감일 (2026-09-26),고용24 입사지원   ,이력서   ,02-2004-7019,시설관리용역,"담당업무

1) 국민은행 여의도 전산센터 미화 업무
 
2) 근무시간 
  - 오전조 : 06시 ~ 15시 (휴게시간 2시간, 08:00~09:00, 11:00~12:00)
  - 오후조 : 11시 ~ 18시 (휴게시간 1시간, 12:00~13:00)
 
3) 근무요일 : 주5일제 (공휴일 휴무)

급여 : 오전조 : 1,906,620원 /  2명 채용
         오후조 : 1,635,720원 /  1명 채용
  
                   
지원방법 : 고용24입사지원",퇴직연금,고용보험 산재보험 건강보험 국민연금,2026-07-27,,14.5,5.0,20.0,7.4,20.0,7.0,73.9,B
H954202607271039,(주)지성이엔지,판교 스카이파크호텔 시설관리기사 모집,건물 보수원 및 영선원(아파트 기계·전기 시설관리 제외),경력,관계없음,상용직,월급 / 310만원 ,경기 성남시B5 시설관리사무소,,(근무시간) (오전) 9시 00분 ~ (오후) 6시 00분,주5일근무,40,마감일 (2026-09-26),방문 고용24 입사지원  ,이력서   ,02-2047-9925,건물종합관리,"담당업무 : 스카이파크호텔 시설관리기사
                -냉난방시설관리, 전기시설영선관리, 객실시설물관리
근무기간 : 월~일 (주2일 휴무 / 3교대)
근무시간 : 주간근무 (09:00~18:00/점심 1시간 휴무)
                 야간근무 (09:00~09:00/ 휴게시간 10시간,점심1시간, 저녁1시간, 오후 11시~익일 05시)
                 주간2일,야간2일,휴무2일 스케줄 근무(주주야야비비 근무)

관련경력 : 1년이상",퇴직연금,고용보험 산재보험 건강보험 국민연금,2026-07-27,,14.5,5.0,20.0,7.4,20.0,7.0,73.9,B
H954202607271810,오름,(오름에프앤비) 자사브랜드 납품배송기사님 모집합니다.,지하철 택배원,무관,관계없음,상용직,최소연봉 / 2800만원 ,경기 화성시1동,,(근무시간) (오전) 9시 00분 ~ (오후) 6시 00분,주5일근무,40,마감일 (2026-09-26),고용24 입사지원   ,이력서 자기소개서  ,031-231-7908,육류 가공제조,"안녕하세요?
열정있고 성실하시고 회사와 함께 같이 성장해 가실 배송직원 분을 모십니다.

프랜차이즈업,제조업 도매 하고있는 

오름에프앤비 배송직원 채용 공고
모집부문 및 상세내용
공통 자격요건
ㆍ학력 : 무관
ㆍ나이/성별 : 무관
배송팀 
담당업무
ㆍ가맹점 배송,납품업무
ㆍ경력 : 무관 (신입도 지원 가능)(사원급) 1톤냉동탑차 운전가능자
우대사항
ㆍ인근거주자
근무조건
ㆍ근무형태:정규직(수습기간)-3개월
ㆍ근무일시:주 5일(월~금) 오전 09시 00분~오후 6시 00분
ㆍ급여:연봉28,000,000원~30,000,000원
ㆍ근무지역:경기도 화성시 반월동 322번지 1동
전형절차
서류전형
1차면접
최종합격
접수기간 및 방법
ㆍ접수기간: 상시채용
ㆍ접수방법: 워크넷 입사지원
유의사항
ㆍ입사지원 서류에 허위사실이 발견될 경우, 채용확정 이후라도 채용이 취소될 수 있습니다.",퇴직금,고용보험 산재보험 건강보험 국민연금,2026-07-27,,14.5,5.0,20.0,7.4,20.0,7.0,73.9,B
H954202607271815,관악장애인자립생활센터,장애유형 맞춤형 특화일자리(양지병원)-관악장애인자립생활센터,"건물 청소원(공공건물,아파트,사무실,병원,상가,공장 등)",무관,관계없음,계약직,월급 / 108만원 ,서울 관악구,,(근무시간) (오전) 7시 00분 ~ (오전) 11시 30분,주5일근무,20,마감일 (2026-09-26),방문 우편 고용24 입사지원 ,기타   ,02-3282-9221,장애인활동보조인파견,"*병원 건물 외,내부 청소

(※ 등본상 서울거주, 복지카드 소지자만 지원가능합니다.)",해당없음,고용보험 산재보험 건강보험 국민연금,2026-07-27,,6.5,5.0,20.0,6.2,20.0,7.0,64.7,C
H954202607270837,부모사랑요양원,부모사랑요양원에서 요양보호사 구인합니다.,간병인(재가 제외),무관,관계없음,계약직,월급 / 235만원 ,인천 연수구연수메디칼 6층,,"주간 (오전) 9시 00분 ~ 18시 00분
휴게시간 12:30~13:30

야간 
18:00~09:00 
휴게",주5일근무,40,마감일 (2026-09-26),고용24 입사지원   ,이력서   ,032-460-4940,"도움을 필요로 하는 노인에게 가정과 같은 주거여건, 급식ㆍ요양 등을 제공","채용 직무: 요양보호사

채용 형태: 계약직 (정규직 전환 가능 / 근무 기간 1년 이상)

근무 형태: 교대 근무 (주 5일 / 주평균 40시간 / 시간 협의 가능)

주간: 09:00 ~ 18:00 

야간: 18:00 ~ 익일 09:00 


휴게시간

주간 : 12:00~13:00

야간 : 19:30~20:30
         22:00~03:00

순환: 주주 - 야야 - 휴휴

급여: 월 235만 원

담당 업무: 요양원 어르신 전반 케어

상세 주소: 인천광역시 연수구 앵고개로 250(동춘동 936-1) 연수메디칼 6층

제출 서류: 이력서

접수 방법: 워크넷, 유선 접수

？？ 알림 사항

9인 시설이며, 케어포 프로그램을 사용 중입니다.

방문 전 반드시 전화(유선) 문의 부탁드립니다.",퇴직금,고용보험 산재보험 건강보험 국민연금,2026-07-27,,13.0,5.0,20.0,7.4,20.0,7.0,72.4,B
H954202607271668,주식회사세광,생산직사원,종이제품 생산기계 조작원,신입,관계없음,상용직,월급 / 240만원 ,경기 평택시,,(근무시간) (오전) 8시 00분 ~ (오후) 5시 00분,주5일근무,40,마감일 (2026-09-26),고용24 입사지원   ,이력서 경력증명서  ,031-646-1243,광고용 칼라시트지  점착특수필름 제조,포장 및  기계조작 생산직                                                                                                                                                                                                                                                                                                                          사원,퇴직금,고용보험 산재보험 건강보험 국민연금,2026-07-27,,10.0,6.2,20.0,7.4,20.0,7.0,70.6,B
H954202607271237,의정부 재활 주간보호센터,주간보호센터 요양보호사 구인,간병인(재가 제외),무관,관계없음,계약직,월급 / 216만원 ,경기 의정부시4층 603호,,(근무시간) (오전) 8시 30분 ~ (오후) 5시 30분,주5일근무,40,마감일 (2026-09-26),방문 기타  ,이력서   ,031-850-5934,,"- 주간보호센터 요양보호사 채용
* 송영포함, 스타렉스 운전 필수
- 근무시간 : 주5일, 8:30~17:30( 월~토 중 1일, 일요일 휴무 )
- 급여 : 216만원 ",퇴직금,고용보험 산재보험 건강보험 국민연금,2026-07-27,,5.0,5.0,20.0,7.4,20.0,7.0,64.4,C
H954202607270219,삼우서비스 주식회사,[ 광교 이의동 ] e편한세상 광교 아파트 외곽미화원 모집(재활용장),청소원,경력,관계없음,계약직,월급 / 225만원 ,경기 수원시.,,"- 월~수: 08:00~16:00(휴게 1시간) 
- 목: 12:00~22:00(휴게 1시간/20~22시 연장근무 포",주5일근무,39,마감일 (2026-09-26),방문 기타  ,이력서   ,031-5191-3879,"건물청소,소독,시설경비","[[ 광교 이의동 / e편한세상 광교 아파트 재활용장 미화원 모집 ]]

◎ 재활용장 미화업무
◎ 근무시간: 
 - 월~수: 08:00~16:00(휴게 1시간)
 - 목: 12:00~22:00(휴게 1시간/20~22시 연장근무 포함)
 - 금: 07:00~16:00(휴게 1시간/07~08시 연장근무 포함)
 - 토(격주): 09:00~12:00
◎ 월 1,951,520원 + 연장근무수당 300,000원  = 2,251,520원
◎ 재활용장 근무 경력자 필수

## 미화팀장님: 010-4775-9960 연락 후 방문바랍니다.",퇴직금,고용보험 산재보험 건강보험 국민연금,2026-07-27,,11.5,5.0,20.0,7.4,20.0,7.0,70.9,B
H954202607271847,송운마을건영2차아파트입주자대표회의,기전반장 ,건물 보수원 및 영선원(아파트 기계·전기 시설관리 제외),경력,고등학교,계약직,월급 / 300만원 ,경기 시흥시,,"근무시간 : 09:00~익일09:00
(휴계시간 점심1시간, 저녁1시간, 새벽2.5시간)",기타,40,마감일 (2026-09-26),   ,이력서 자기소개서  ,031-310-6292,"부동산업, 도소매업","시설물 유지관리 및 점검, 보수 업무
시설관리 경력 우대(1년 이상)
소방안전관리자 2급 우대",해당없음,고용보험 산재보험 건강보험 국민연금,2026-07-27,,8.0,5.0,20.0,6.2,15.0,4.0,58.2,C
H954202607271244,(주)왕건,프랜차이즈운영 및 관리자 모집,통신기기·서비스 판매원,경력,관계없음,상용직,월급 / 300만원 ,경기 광주시왕건,,"근무시간 : 오전 08:30 ~18:00
휴게시간 : 1시간 30분",주5일근무,40,마감일 (2026-09-26),방문   ,이력서 자기소개서  ,031-799-2754,육가공업,"1. 프랜차이즈 사업부

  -. 가맹점관리, 신규 가맹점 개발, 운영지원 및 상담

 -. 프랜차이즈 본사 근무 또는 가맹 사업 관련 경력자

 -. 급여: 협의 후 결정",퇴직금,고용보험 산재보험 건강보험 국민연금,2026-07-27,,11.0,5.0,20.0,7.4,20.0,7.0,70.4,B
H954202607271329,늘푸른재가노인복지센터,늘푸른재가노인복지센터(은평구 구산동소재)에서 요양보호사 선생님을 모십니다.(오전 혹은 오후),간병인(재가 제외),무관,관계없음,계약직,월급 / 108만원 ,서울 은평구,,(근무시간) (오전) 7시 00분 ~ (오전) 11시 00분,주5일근무,20,마감일 (2026-09-26),방문 우편 팩스 고용24 입사지원,이력서 자기소개서  ,02-2077-3477,재가노인복지사업,"- 직무 : 주간보호센터 요양보호사 업무 및 송영
- 오전 7시~11시 혹은  오후 3시~7시
- 주 5일 근무(토요일 근무시 평일 대체휴무)
- 일 4시간 근무(휴게시간 별도)
- 자격사항: 요양보호사, 스타렉스 운전 필수
- 근무지 인근 거주자 우대
- 함께 가족처럼 근무하실 분, 성장할 열정이 있는 분을 모십니다.",퇴직금,고용보험 산재보험 건강보험 국민연금,2026-07-27,,6.5,5.0,20.0,7.4,20.0,7.0,65.9,C
H954202607271638,서울 굿케어힐링센터,요양보호사 구인( 퐁당당),간병인(재가 제외),무관,관계없음,계약직,월급 / 250만원 ,경기 포천시서울굿케어힐링센터,,"(오전) 9:00~익일 (오전) 9:00
(휴게시간포함)
퐁당당 근무",주5일근무,40,마감일 (2026-09-26),방문 팩스 고용24 입사지원 ,이력서   ,031-828-0921,노인요양시설,"어르신 돌봄
업무일지 작성
프로그램 도움
어르신 일상생활 지원
* 근무형태: 퐁당당",퇴직금,고용보험 산재보험 건강보험 국민연금,2026-07-27,,8.0,5.0,20.0,7.4,20.0,7.0,67.4,C
H954202607271903,일영실버케어,일영실버케어 요양보호사 퐁당당구인,간병인(재가 제외),무관,관계없음,계약직,월급 / 246만원 ,경기 양주시,,* 직무 : 노인 요 양시설 요양 보호사 근무 (격격일 퐁당당 근무 요양 보호사,주5일근무,40,마감일 (2026-09-26),방문 고용24 입사지원  ,이력서   ,031-849-2331,노인요양시설,"* 근무 - 격격일('퐁당당') 근무
 
* 근무시간 -  (오전) 9시 ~ (익일 오전) 09시

* 근무 시작일 - 채용일

* 급여 -   2,460,000원
  
* 1년 이상 장기 근무 추가 수당 지급

*  설 / 추석 상여금 지급

？ 어르신들께 따뜻하게 대하는 요양 보호사 선생님을 선호합니다. 경력이 없어도 많은 지원 부탁 드려요.

. 
- 대중교통 이용 시 :  ？ 서울 (불광 / 연신내 / 구파발역) 에서 360번 버스 이용
                                ？ 의정부 (가능역,의정부중앙역) 에서 360번 버스 이용

많은 지원 부탁드립니다~.

？ 이력서 제출 이메일 : good12200@naver.com (제출 후 아래의 연락처로 전화 또는 문자 바람.)                                

？ 연락처 : 031-855-1112 (09시~18시)",퇴직금,고용보험 산재보험 건강보험 국민연금,2026-07-27,,11.5,5.0,20.0,7.4,20.0,7.0,70.9,B
H954202607270141,주식회사 태은환경,금오현대아이파크 아파트 미화원 구인,청소원,무관,관계없음,계약직,시급 / 10320원 ,경기 의정부시아파트 단지내,,(근무시간) (오전) 9시 00분 ~ (오후) 3시 30분,주5일근무,,마감일 (2026-09-26),고용24 입사지원   ,이력서   ,02-2171-1847,"소독업, 청소업, 건물관리용역업","경기도 의정부시 부용로 87
<세대미화원>
- 평일 09:00-15:30 (휴게시간 : 1시간15분)
   토(일)요일 휴무
- 월 급여 :1,410,850원",퇴직금,고용보험 산재보험 건강보험 국민연금,2026-07-27,,5.0,5.0,18.0,7.4,16.0,7.0,58.4,C
H954202607270991,주식회사서인엘앤씨,가구제조 생산직 모집,가구 제조·수리원,신입,관계없음,상용직,월급 / 216만원 ,경기 이천시,,(근무시간) (오전) 8시 00분 ~ (오후) 5시 00분,주5일근무,40,마감일 (2026-09-26),고용24 입사지원   ,이력서   ,031-644-3806,씽크대 붙박이장,"가구 조립 및 재단
- 주5일근무(08:00~17:00)

가구 재단, 조립, 보링, 포장, 전파트",퇴직금,고용보험 산재보험 건강보험 국민연금,2026-07-27,,5.0,5.0,20.0,7.4,20.0,7.0,64.4,C
H954202607271679,주식회사플러스원,(주)경동티에스 미화원 모집,청소원,무관,관계없음,상용직(시간제),월급 / 188만원 ,경기 평택시,,(근무시간) (오전) 7시 00분 ~ (오후) 3시 00분,주5일근무,35,마감일 (2026-09-26),팩스 고용24 입사지원  ,이력서   ,031-646-1229,시설관리및생산도급,"근무장소 : 경동디에스
업무 : 미화원
근무시간 : 07:00-15:00(7시간) 
주5일 근무",퇴직금,고용보험 산재보험 건강보험 국민연금,2026-07-27,,6.5,5.0,20.0,7.4,20.0,7.0,65.9,C
H954202607271226,아리아케어 주야간보호 계산센터,주간보호센터 조리원 구인,,무관,관계없음,상용직,월급 / 216만원 ,인천 계양구,,(근무시간) (오전) 8시 00분 ~ (오후) 5시 00분,주5일근무,40,마감일 (2026-09-26),팩스   ,이력서   ,032-450-5525,재가 장기 요양,"<< 주간보호센터 조리원 구인 >> 

* 직무내용 : 주간보호센터 조리 업무(자격증 무관, 현재 1명 근무 중)
* 근무시간 : 8시 10분 ~ 17시 00분 (휴게시간 12시 ~13시) 
* 근 무 일  : 주5일 / 40시간 
* 월급 : 2,160,000원 ",퇴직연금,고용보험 산재보험 건강보험 국민연금,2026-07-27,,6.5,5.0,20.0,7.4,20.0,7.0,65.9,C
H954202607270440,(주)홈스웰,[신도림역] 신도림태영타운아파트 경비원 모집,아파트·빌라 경비원,경력,관계없음,계약직,월급 / 298만원 ,서울 구로구,,- 근무형태: 06:30~익일 06:30 교대 / 격일제 근무,기타,40,마감일 (2026-09-26),기타   ,이력서 기타  ,02-860-2500,경비 미화 서비스업,"[신도림역] 신도림 태영타운아파트/아파트 경비업무

- 경비신임교육이수자
- 근무형태: 06:30~익일 06:30 교대 / 격일제 근무
- 휴게시간: 주간 3시간, 야간 4시간
- 급여: 월 2,982,180원

* 업무지장으로 채용담당자 전화통화 사절",퇴직연금,고용보험 산재보험 건강보험 국민연금,2026-07-27,,8.0,6.2,20.0,7.4,15.0,7.0,63.6,C
H954202607271293,(주)삼구아이앤씨,(주) 삼구아이앤씨 한진택배 도봉터미널(남양주 별내면) 미화원 모집,청소원,무관,관계없음,계약직,월급 / 111만원 ,경기 남양주시한진택배터미널,,(근무시간) (오전) 10시 00분 ~ (오후) 2시 30분,주5일근무,20,마감일 (2026-09-26),고용24 입사지원 기타  ,이력서   ,02-2004-7092,"사업시설, 경비, 시설관리","[삼구아이앤씨] 한진택배 도봉터미널(남양주시 별내면 위치) 미화원 모집

1. 업무: 한진 택배 터미널 내외부 미화 및 분리수거
2. 근무지: 경기 남양주시 별내면 청학리 534
3. 근무시간: 10:00~14:30 (휴게시간 30분)
4. 급여: 월 1,112,771원

*우대사항
1. 인근 거주자
2. 복지카드 소지자",퇴직금,고용보험 산재보험 건강보험 국민연금,2026-07-27,,6.5,6.2,20.0,7.4,20.0,7.0,67.1,C
H954202607271360,(주)아이비에스인더스트리,[ADF 고백B물류센터 소방안전관리자(주간) 모집],소방공학 기술자 및 연구원,경력,관계없음,계약직,월급 / 320만원 ,경기 이천시,,"주간근무: 09:00~18:00, 휴게시간 12:00~13:00",주5일근무,40,마감일 (2026-09-26),고용24 입사지원   ,이력서   ,02-3468-4834,시설 유지관리 서비스업,"빌딩 소방시설 유지관리 및 점검

소방안전관리자1급 선임가능자 필",퇴직금,고용보험 산재보험 건강보험 국민연금,2026-07-27,,6.5,6.2,20.0,7.4,20.0,7.0,67.1,C
H954202607271572,참빛요양원,[병점 중심상가] 참빛요양원 조리원 정규직 모집 ,,무관,관계없음,상용직,월급 / 216만원 - 면접 후 협의가능 ,경기 화성시8층 참빛요양원,,"홀수 주 주3일 : 7:00 -17:00 
짝수 주 주4일 :7:00 -17:00   ",주5일근무,40,마감일 (2026-09-26),방문   ,이력서   ,031-5189-4554,노인 복지 시설,"▣ 면접 신청 : 031-236-9166
▣ 업무내용 :  요양원 환자 20인분 조리 업무 (자격증 없어도됨)
▣ 근무시간 : 홀수 주 주3일 : 7:00 -17:00 
                  짝수 주 주4일 :7:00 -17:00   
                 (2명에서 조리함. ,주말 로테이션 근무)                 
▣ 임      금:  2,157,000원 (급여 협의가능)
▣ 근       무 : 경기도 화성시 병점구 효행료 1072 상록프라자 8층 요양원",퇴직금,고용보험 산재보험 건강보험 국민연금,2026-07-27,,11.5,5.0,20.0,7.4,20.0,7.0,70.9,B
H954202607271780,빅로드,생산직 사원모집,가구 제조원,신입,고등학교,상용직,월급 / 216만원 ,경기 포천시(군내면),,(근무시간) (오전) 8시 30분 ~ (오후) 5시 30분,주5일근무,40,마감일 (2026-09-26),방문   ,이력서   ,031-828-0921,전자상거래,가구 생산하는 부서 직원 모집,퇴직금,고용보험 산재보험 건강보험 국민연금,2026-07-27,,5.0,5.0,20.0,7.4,20.0,7.0,64.4,C
H954202607271174,태영건물종합관리 주식회사,아파트 미화원 모집,청소원,무관,관계없음,계약직,월급 / 181만원 ,서울 강남구,,"07:00-14:00(휴게 11-12시),  격주 토요일 07:00~10:00",주5일근무,33,마감일 (2026-09-26),방문 기타  ,이력서   ,02-3423-5588,건물관리 위생업,": 강남구 삼성로 11 디에이치 아너힐즈 아파트
: 아파트 미화원 
: (평일) 07:00-14:00 (휴게 11-12시) / (격주 토) 07:00~10:00
- 월1.806.310원

문의 010-5221-9027(미화팀장)
010-5355-3031/미화 반장",퇴직금,고용보험 산재보험 건강보험 국민연금,2026-07-27,,5.0,5.0,20.0,7.4,20.0,7.0,64.4,C
H954202607270338,(주)삼구아이앤씨,[VL르웨스트] 공용부 미화원 모집,청소원,무관,관계없음,계약직,월급 / 220만원 ,서울 강서구,,"- 근무 시간 : 13:00 ~ 22:00
- 휴게 시간 : 16:00 ~ 16:30 AND 17:30 ~ 19:00 (2H)",주5일근무,37,마감일 (2026-09-26),방문 고용24 입사지원  ,이력서   ,02-2004-7092,"사업시설, 경비, 시설관리","★VL르웨스트 공용부 미화원 모집 ★

- 근무지 : 서울시 강서구 마곡중앙3로 16, VL르웨스트
- 근무요일 : 주 5일제 스케줄 (주말 출근 有)
- 근무 시간 : 13:00 ~ 22:00
- 휴게 시간 : 16:00 ~ 16:30 AND 17:30 ~ 19:00 (2H)
- 급여 수준 : 220만원 (세전, 회사 식대 4,400원 지원)
- 업무 내용 : 건물 외곽,주차장,분리수거 등 청소 업무
- 연락처 : 한준영 소장

- 복리후생 : 회사 내 기본 복리후생 제공 (피복, 간식, 경조, 기타 등등)
- 우대사항 : 업무 경력자, 신입 가능


편하게 연락 부탁드립니다.",퇴직금,고용보험 산재보험 건강보험 국민연금,2026-07-27,,13.0,6.2,20.0,7.4,20.0,7.0,73.6,B
H954202607271129,(주)휴코리아,경동대 메트로폴(양주)캠퍼스에서 미화원 모십니다.,"건물 청소원(공공건물,아파트,사무실,병원,상가,공장 등)",무관,관계없음,계약직,월급 / 147만원 ,경기 양주시경동대학교,,(근무시간) (오전) 8시 30분 ~ (오후) 2시 30분,주5일근무,25,마감일 (2026-09-26),방문 고용24 입사지원  ,이력서   ,031-920-3943,경비업 및 인력공급업 등 서비스,"경동대학교 내 미화업무.

학교 미화업무.",해당없음,고용보험 산재보험 건강보험 국민연금,2026-07-27,,6.5,6.2,20.0,6.2,20.0,7.0,65.9,C
H954202607271282,하늘종합관리(주),시흥청구 1차아파트 경비원 모집(복지카드소지자 우대),아파트·빌라 경비원,무관,관계없음,계약직,월급 / 251만원 ,경기 시흥시1차아파트,,(근무시간) (오전) 6시 00분 ~ (오전) 6시 00분,기타,40,마감일 (2026-09-26),팩스   ,이력서   ,031-310-6285,"건축물 일반 청소업, 시설경비업","* 시흥청구1차 아파트 경비원 모집
- 근무시간:06:00~06:00(격일)
  휴게시간: 주간 6시간, 야간 4시간
- 이력서 팩스 또는 메일로 보내주십시오. 이력서 검토 후 서류 통과된 분은 면접 통보 따로 드립니다. 
  팩스 번호 032-473-8485",퇴직연금,고용보험 산재보험 건강보험 국민연금,2026-07-27,,5.0,5.0,20.0,7.4,15.0,7.0,59.4,C
H954202607270576,(주)홈스웰,중구 남산쌍용플래티넘 보안원 구인,아파트·빌라 경비원,무관,관계없음,계약직,월급 / 323만원 ,서울 중구남산쌍용플래티넘1층보안실,,"격일제(07:00~익일07:00)
-휴게시간: 주간3.5 야간4시간",기타,40,마감일 (2026-09-26),방문 기타  ,이력서   ,02-3396-5694,경비 미화 서비스업,"중구 남산쌍용플래티넘 보안원
-직무 : 아파트 경비 보안 업무
-근무시간: 격일제 (07:00~익일07:00/ 휴게시간: 주간 3.5 야간 4시간)
-급여: 월 3,229,000원
-신임경비교육이수증 필수
-간단한 PC입력, CCTV관제 등 업무 포함",퇴직연금,고용보험 산재보험 건강보험 국민연금,2026-07-27,,6.5,6.2,20.0,7.4,15.0,7.0,62.1,C
H954202607271930,엠텍코리아(주),pcb drill,PCB 부품·제품 조립·검사원,무관,관계없음,계약직(시간제),월급 / 220만원 ,인천 남동구엠텍코리아,,(근무시간) (오전) 8시 00분 ~ (오후) 5시 00분,주5일근무,32,마감일 (2026-09-26),방문   ,이력서   ,032-460-4831,pcb drill,pcb drill 재단,퇴직금,고용보험 산재보험 건강보험 국민연금,2026-07-27,,5.0,5.0,20.0,7.4,20.0,7.0,64.4,C
H954202607270255,미래관리주식회사,[용인 기흥구] 상갈메트로파크 아파트 경비원 구인,아파트·빌라 경비원,무관,관계없음,계약직,월급 / 243만원 ,경기 용인시상갈메트로파크 아파트,,"*24시간 격일제 (격일  06:00~익일 06:00)
휴게시간 주간 3.5시간 / 야간 휴게시",기타,40,마감일 (2026-09-26),팩스 기타  ,이력서 기타  ,031-289-2266,시설경비업,"상갈메트로파크 아파트 ( 용인시 기흥구 금화로 58번길 10) 경비원 구함
* 24시간 격일제 ( 격일 06:00~ 익일 06:00)
주간 휴게시간 3.5시간 야간 휴게시간 6시간
-경비원 신임교육이수증 필
-이력서 핸드폰 발송 요망 ( 이력서 ""상갈메트로파크"" 기록후  사진찍어서 휴대폰으로 발송 요함 )",퇴직연금,고용보험 산재보험 건강보험 국민연금,2026-07-27,,5.0,5.0,20.0,7.4,15.0,7.0,59.4,C
H954202607271196,아이티에스,"시스템사업부 프로젝트 메니져.,팀원 구인","전기계측 제어 기술자(전기패널, 계장, 공정자동화전기 등)",무관,고등학교,상용직,최소연봉 / 3300만원 - 면접 후 협의가능 ,경기 평택시2동 아이티에스,,(근무시간) (오전) 8시 30분 ~ (오후) 5시 30분,주6일근무,48,마감일 (2026-09-26),고용24 입사지원   ,이력서   ,031-646-1243,.,"？ 프로젝트 시공 및 일정 관리
？ 도면판독 및 업무지시 작성 및 검토
？ 인원관리
？ 전장설계,시공 가능자 우대
？ 자동제어 시공(계장)
？ 정규직 채용
？ 동종업 경력 우대
？ 프로젝트 진행에 따른 유연근무 가능


산업장비 자동제어 부분 시공 / 인원관리 / 프로젝트 관리 적합 인재를 구인 합니다.",퇴직금,고용보험 산재보험 건강보험 국민연금,2026-07-27,,8.0,5.0,20.0,7.4,20.0,7.0,67.4,C
H954202607270274,이서가구,가구제조 생산직  사원모집,가구 조립원,경력,관계없음,계약직,월급 / 270만원 ,경기 포천시가동 이서가구,,"근무시간 (오전) 8시 00분~(오후) 5시 30분
휴게시간 10시~10시15분, 12시~1시, 3",주5일근무,40,마감일 (2026-09-26),방문   ,이력서   ,031-828-0923,가구생산,가구조립생상직 직원을 구합니다.,퇴직금,고용보험 산재보험 건강보험 국민연금,2026-07-27,,5.0,5.0,20.0,7.4,20.0,7.0,64.4,C
H954202607271672,(A+)강동포도나무요양원 1호점,요양보호사 모집합니다,간병인(재가 제외),무관,관계없음,상용직,월급 / 220만원 ,서울 강동구2층203호,,"(오전 근무시간) (오전) 9시 00분 ~ (오후) 6시 00분   (휴게시간  12:30-13:30)
(오",주5일근무,40,마감일 (2026-09-26),고용24 입사지원   ,이력서 경력증명서  ,02-2142-8482,.,요양원으로 어르신들을 돌보는 요양보호사님 모집합니다.,퇴직금,고용보험 산재보험 건강보험 국민연금,2026-07-27,,5.0,5.0,20.0,7.4,20.0,7.0,64.4,C
H954202607271441,주식회사 에스제이창호건설,"공장의 효율성을 높이는 든든한 파트너,  자재운반 및 공장정리 전문가를 모집합니다.",새시 보조원(견습공),무관,관계없음,상용직,월급 / 320만원 ,경기 시흥시리드스마트스퀘어 710호,,(근무시간) (오전) 6시 00분 ~ (오후) 4시 30분,주6일근무,40,마감일 (2026-09-26),고용24 입사지원   ,이력서   ,031-496-1911,금속창호유리공사,"[모집직무]
물류 관리, 재고 관리, 공장 관리, 창고 운영, 자재 관리 시스템

[직무소개]
우리 회사는 산업의 효율성을 높이는 데 집중하는 기업입니다.  입사자는 자재 운반 및 공장 정리 업무를 통해 공정한 생산 시스템을 유지하는 데 기여할 것입니다.

[주요업무]
- 자재의 효율적인 운반 및 이동 관리
- 공장 내 공간 활용 최적화 및 정리
- 재고 관리 시스템 활용 및 최적화
- 물류 프로세스의 효율성 개선
- 안전한 작업 환경 유지 및 관리",퇴직금,고용보험 산재보험 건강보험 국민연금,2026-07-27,,16.0,5.0,20.0,7.4,20.0,7.0,75.4,B
H954202607270996,승일일렉트로닉스,"BLDC모터제어,인버터시험. 임베디드 ,하드웨어 ,펌웨어","전기계측 제어 기술자(전기패널, 계장, 공정자동화전기 등)",경력,관계없음,상용직,최소연봉 / 3000만원 ,경기 부천시경기 부천시 부천로208번길 54,,"(근무시간) (오전) 8시 30분 ~ (오후) 5시 30분
이후 전사원 잔업 한달에 20시간",주5일근무,40,마감일 (2026-09-26),방문 고용24 입사지원  ,이력서 자기소개서  ,032-320-8902,"자동제어시스템,항온항습기용 MICOM Controller,DDC용 MICOM Controller,전자전극봉식","냉난방공조기기(에어컨 , 송푼기, 압축기)  에 사용 되는 전동기, BLDC모터등을 속도제어하는 인버터 회로 이해 -시운전 시험 측정 , 회로보왼 관련 업무 가능 한자 
냉난방공조기기, 냉동 냉장용 인버터 콘트롤러 개발, 시험 가능 한자 
급여는  면접시 협의",퇴직금,고용보험 산재보험 건강보험 국민연금,2026-07-27,,8.0,5.0,20.0,7.4,20.0,7.0,67.4,C
H954202607271436,부천면력한방병원,부천바로한방병원 영양팀 조리사 구인,,무관,관계없음,상용직,최소연봉 / 3100만원 - 면접 후 협의가능 ,경기 부천시,,"근무시간 : 오전 5시 반 ~ 오후 6시
휴게시간 : 오전 9시 ~ 오전 10시 반 / 오후",주5일근무,40,마감일 (2026-09-26),고용24 입사지원   ,이력서   ,032-320-8922,의료,"한방병원 영양팀 조리사 구인 (면허증 필수 아님 !!)

근무시간 : 05:30~18:00
휴게시간 : 09:00~10:30 / 13:30~15:30
- 2일 근무 1일 휴무
- 공휴일 근무시 대체휴무 1일 발생

- 영양과 인원 : 영양사 1인 포함 6명
- 환자 식수 60인 미만(평균 35인)

* 병원 경력자 우대 / 인근 거주자 우대",퇴직금,고용보험 산재보험 건강보험 국민연금,2026-07-27,,5.0,5.0,20.0,7.4,20.0,7.0,64.4,C
H954202607270948,조아산업안전,안전시설물 설치 및 해체 인원 모집합니다.,비계공,경력,관계없음,상용직,월급 / 350만원 ,인천 제물포구송림동 2-7 인천송림4구역아파트 현장,,(근무시간) (오전) 7시 00분 ~ (오후) 4시 30분,주6일근무,40,마감일 (2026-09-26),고용24 입사지원   ,이력서   ,031-496-1917,안전시설물 설치 해체공사,"[모집직무]
현장관리, 안전시설물 설치, 건설안전, 현장팀장

[직무소개]
- 현장 공정 이해를 바탕으로 1차적 현장관리
- 현장 공정에 따라 적시적기에 안전시설물 설치
- 안전시설물 설치에 관련된 준비 및 마무리


[주요업무]
- 건설 현장 공정 이해
- 안전 관리 지침 준수하에 안전시설물 설치 및 관리
- 안전 문제 발생 시 신속한 대응 및 해결
- 안전시설물 설치 관련 업무 기록 및 보고 (자재발주, 작업일보 작성 및 도면 표시)",퇴직연금,고용보험 산재보험 건강보험 국민연금,2026-07-27,,14.5,5.0,20.0,7.4,20.0,9.0,75.9,B
H954202607270974,수도권생태유아공동체,[야간·업무차량 출퇴근] 어린이집 친환경 식자재 배송원(영등포권 종료),지하철 택배원,무관,관계없음,상용직,최소연봉 / 3690만원 ,"서울 동작구3층, 금용빌딩",,(근무시간) (오후) 9시 30분 ~ (오전) 5시 00분,주5일근무,40,마감일 (2026-09-26),고용24 입사지원   ,이력서 자기소개서  ,02-3282-0609,농축산물 도소매/교육 컨설팅,"[먼저 꼭 확인해 주세요]

- 경기도 화성 물류센터는 출근·검수·상차 장소이며, 화성지역 배송직이 아닙니다.
- 실제 배송은 서울을 포함한 수도권 지역에서 진행합니다.
- 배송 코스에 따라 서울 영등포구 또는 서대문구에서 업무가 종료되며, 현재는 영등포구 코스에 배정될 가능성이 높습니다.
- 회사에서 지급하는 1톤 냉장·냉동 탑차로 출퇴근합니다.
- 지급 차량은 수동 또는 자동으로 배정될 수 있으므로 수동 차량 운전이 반드시 가능해야 합니다.

[아이들의 밥상을 책임지는 배송]

- 수도권생태유아공동체소비자생활협동조합은 2005년부터 어린이집과 유치원의 생태교육 및 친환경 급식 사업을 이어오고 있는 비영리 생활협동조합입니다.
- 배송팀은 식자재를 단순히 옮기는 사람이 아닙니다.
- 안전하게 검수한 친환경 식자재를 정해진 시간에 정확히 전달해 아이들의 건강한 한 끼와 밥상을 지키는 역할을 합니다. 작은 누락이나 지연도 아이들의 급식에 직접 영향을 줄 수 있기 때문에 성실함과 책임감을 가장 중요하게 생각합니다.
- 아이들의 한 끼가 지닌 의미를 이해하고, 맡은 배송을 끝까지 책임 있게 수행하실 분을 기다립니다.

[주요 업무]

- 어린이집·유치원 급식 식자재 검수 및 배
- 기관별 식자재 분류 및 개별 상차
- 배송팀 공통 업무
- 영업 및 판매 업무 없음

[차량 및 배송 동선]

- 회사 업무용 1톤 냉장·냉동 탑차 지급
- 지급 차량을 이용해 출퇴근
- 차량은 수동 또는 자동으로 배정 가능
- 수동 차량 운전 능력 필수
- 화성 물류센터에서 검수와 상차 후 수도권 배송
- 코스에 따라 영등포구 또는 서대문구에서 업무 종료

[지원 자격]

- 학력 및 관련 배송 경력 무관
- 자동차운전면허 1종보통 소지자
- 1톤 탑차 실제 도로주행이 가능한 분
- 수동 차량 운전이 가능한 분
- 월요일~금요일 고정 야간근무가 가능한 분
- 운전경력증명서상 업무 수행에 문제가 없는 분
- 초보운전자는 업무 특성상 지원이 어렵습니다.

[이런 경험이 있다면 더욱 좋습니다]

- 어린이집·유치원 식자재 배송 경험이 있는 분
- 급식시간과 기관별 납품 특성을 이해하고 계신 분을 우대합니다.
- 생활협동조합 근무 경험이 있는 분
- 친환경 먹거리와 협동조합의 가치를 이해하고 계신 분을 우대합니다.
- 영등포구 또는 인근 지역에 거주하는 분
- 현재 영등포구에서 업무가 종료되는 코스에 배정될 가능성이 높아 퇴근 동선에 유리합니다.

[근무조건]

- 고용형태: 정규직, 기간의 정함이 없는 근로계약
- 근무요일: 월요일~금요일
- 근무시간: 21:30~05:00
- 휴일: 토요일, 일요일 및 법정공휴일
- 연봉: 36,900,000원
- 출근·검수·상차 장소: 경기도 화성시 만세구 남양읍 신현대로 344, 두레생협연합 물류센터
- 실제 배송지역: 서울을 포함한 수도권
- 업무 종료지역: 코스에 따라 서울 영등포구 또는 서대문구

[복리후생]

- 4대 사회보험
- 연차 사용 가능
- 여름휴가
- 장기근속자 포상
- 각종 경조사 지원
- 명절선물

[지원방법 및 제출서류]

- 고용24를 통한 온라인 입사지원
- 이력서 필수
- 자기소개서 필수

[전형절차]

- 서류전형 → 서울 본사 임원면접 → 최종합격
- 적합한 지원자가 확인되면 마감 전에 채용이 종료될 수 있습니다.
입사지원서에 허위사실이 발견될 경우 채용 확정 이후라도 채용이 취소될 수 있습니다.",퇴직연금,고용보험 산재보험 건강보험 국민연금,2026-07-27,,16.0,5.0,20.0,7.4,20.0,7.0,75.4,B
H954202607270396,대신종합설비,건설업(토목분야) 기술자 구인,"굴착기(굴삭기,포클레인) 운전원",경력,관계없음,계약직,월급 / 450만원 ,경기 광명시813호,,(근무시간) (오전) 7시 30분 ~ (오후) 5시 00분,주5일근무,40,마감일 (2026-09-26),고용24 입사지원   ,이력서 경력증명서  ,02-2680-1553,건축설비,"·토목 시공 업무
·상하수도설비업 경력자 우대
·도로개설 및 포장 유경험자 우대
·현장근무
·굴삭기운전가능자

[필수자격증]
1)토목초급이상
2)굴삭기 면허",퇴직금,고용보험 산재보험 건강보험 국민연금,2026-07-27,,6.5,5.0,20.0,7.4,20.0,7.0,65.9,C
H954202607270862,주식회사 이오엔씨산업,단순 가구 제조업체에서 팀워크와 꾸준함을 중시하는 생산 작업자를 모집합니다.,목제품 제조원,무관,관계없음,상용직,월급 / 250만원 ,경기 광주시주식회사 이오엔씨산업,,(근무시간) (오전) 8시 30분 ~ (오후) 6시 00분,주5일근무,40,마감일 (2026-09-26),고용24 입사지원   ,이력서   ,031-799-2754,목재가구 제조,"[모집직무]
생산 작업자,  제조, 조립, 숙련된 기술

[직무소개]
본 직무는 가구 제조 과정의 다양한 작업에 참여하며 팀원들과 협력하여 목표를 달성하는 중요한 역할을 수행합니다.

[주요업무]
- 가구 제조 공정의 각 단계를 수행
- 기계 및 도구를 안전하게 사용
- 제품 품질을 준수하는 데 힘쓰기
- 팀원들과 협력하여 생산 목표 달성
- 작업 공간을 항상 깔끔하게 유지",퇴직금,고용보험 산재보험 건강보험 국민연금,2026-07-27,,14.5,5.0,20.0,7.4,20.0,7.0,73.9,B
H954202607270950,프라임수출포장,[프라임수출포장] 목재수출포장 생산팀 신입 및 경력직 모집 합니다.,목제품 제조원,무관,관계없음,상용직,월급 / 240만원 ,경기 안성시나동,,(근무시간) (오전) 8시 00분 ~ (오후) 5시 00분,주5일근무,40,마감일 (2026-09-26),고용24 입사지원   ,이력서   ,031-686-1716,"목상자, 파레트","*모집분야
생산제조

*담당업무
생산가공 / 목재수출포장 / 목재파렛트 제작

*급여는 경력에 따른  협의가능",퇴직금,고용보험 산재보험 건강보험 국민연금,2026-07-27,,8.0,5.0,20.0,7.4,20.0,7.0,67.4,C
H954202607270257,주식회사플러스원,"한솔아이원스 청소원 관리 모집(안성공장, 관리원)",청소원,무관,관계없음,상용직,월급 / 242만원 ,경기 안성시한솔아이원스 안성공장,,(근무시간) (오전) 7시 00분 ~ (오후) 4시 00분,주5일근무,40,마감일 (2026-09-26),팩스 고용24 입사지원  ,이력서   ,031-646-1229,시설관리및생산도급,"업무 : 한솔아이원 회사 청소원  관리
근무시간 07:00-16:00
휴게시간 1시간
식사 : 중식
주5일 근무",퇴직금,고용보험 산재보험 건강보험 국민연금,2026-07-27,,8.0,5.0,20.0,7.4,20.0,7.0,67.4,C
H954202607270662,(주)부림약품,부림약품 의약품배송 및 병원 관리 직원 모집,지하철 택배원,무관,고등학교,상용직,월급 / 230만원 ,경기 김포시김포고촌물류센터,,(근무시간) (오전) 9시 00분 ~ (오후) 6시 00분,주5일근무,40,마감일 (2026-09-26),방문 우편 팩스 고용24 입사지원,이력서 자기소개서  ,031-981-2091,의약품도매업,"수도권 종합병원에 의약품 배송 및 병원관리
근무시간 : 09:00 ~ 18:00 (휴게시간 12:00 ~ 13:00)
급여 : 월 230만원",퇴직금,고용보험 산재보험 건강보험 국민연금,2026-07-27,,6.5,5.0,20.0,7.4,20.0,7.0,65.9,C
H954202607270510,(주)자산관리일일구,[ 별내동 ] 천보프라자상가 미화원 구인,"건물 청소원(공공건물,아파트,사무실,병원,상가,공장 등)",신입,관계없음,계약직(시간제),월급 / 103만원 ,경기 남양주시천보프라자,,- 주6일 08~11시 / 토요 격주근무,주6일근무,16,마감일 (2026-09-26),팩스 기타  ,이력서   ,031-590-2346,"건물관리용역, 주차장 운영업외","- 별내동 상가미화업무
- 주6일 08~11시 / 토요 격주근무
- 월103만원 
- 전화 010-7383-5846",퇴직금,고용보험 산재보험 건강보험 국민연금,2026-07-27,,6.5,5.0,20.0,7.4,20.0,7.0,65.9,C
H954202607270482,신성볼트,매장판매 및 관리업무,통신기기·서비스 판매원,경력,관계없음,상용직,최소연봉 / 3000만원 ,인천 제물포구27동 105호,,(근무시간) (오전) 8시 00분 ~ (오후) 6시 00분,주5일근무,45,마감일 (2026-09-26),방문 고용24 입사지원  ,이력서   ,032-460-4778,"볼트,너트","매장 내 판매 및 관리업무

월-금 08:00 - 18:00

토요일 휴무
공휴일 휴무


경력자 우대합니다.",퇴직금,고용보험 산재보험 건강보험 국민연금,2026-07-27,,8.0,5.0,20.0,7.4,20.0,7.0,67.4,C
H954202607271602,골든네스트케어원,골든네스트케어원과 함께할 2교대 요양보호사 (주주야야비비) &amp; 주간 요양보호사 선생님 모십니다.,간병인(재가 제외),무관,관계없음,상용직,월급 / 231만원 ,경기 수원시골든네스트케어원,,"* 2교대 요양보호사 : 3조 2교대/휴게시간있음/주간1시간, 야간6시간 휴무
(",주5일근무,40,마감일 (2026-09-26),방문 고용24 입사지원  ,이력서   ,031-231-7801,노인요양시설,"쾌적하고 깨끗한 시설에서 함께 근무하실 요양보호사 선생님을 채용합니다


ㄱ) 주야비 근무 가능 요양보호사 선생님
3조 2교대/휴게시간있음/주간1시간, 야간6시간 휴무
(오전) 9시 00분~(오후) 6시 00분
(오후) 6시 00분~(오전) 9시 00분 

* 월 2,467,310원 이상 ~ 월 2,467,310원 이하

ㄴ)  주간 근무 가능 요양보호사 선생님 (주말 근무 가능한 자)

(오전) 9시 00분~(오후) 6시 00분

* 월 2,310,000원 이상 ~ 월 2,310,000원 이하


- 각 상여금 지급, 4대보험, 퇴직연금, 주차편리, 그 외 복리후생",퇴직금,고용보험 산재보험 건강보험 국민연금,2026-07-27,,10.0,5.0,20.0,7.4,20.0,7.0,69.4,C
H954202607271778,프라임퍼니스,시공 및 배송기사 모집,지하철 택배원,무관,고등학교,상용직,월급 / 250만원 - 면접 후 협의가능 ,경기 남양주시가.나동,,(근무시간) (오전) 4시 00분 ~ (오후) 6시 00분,주5일근무,40,마감일 (2026-09-26),방문   ,이력서   ,031-560-1965,사무용가구 생산,"* 배송기사  :  사무용가구 제조업체로서 지정된 가맹점에 배송 납품합니다.  
                  3.5톤 운전 가능자 모집합니다.  


근무시간: 1조.   오전 7시 출근~~   (낮에  배송 근무)
              2조.   오후 2시  출근가능  8시간 근무 
                      (새벽 or  저녁근무 :시내배송시 새벽배송 이나  저녁  배송완료시간 오전 9시 이전)


내국인및  고려인. 난민.   합법근무가능한  외국인도 가능

경력자 모집 중이며, 
신입도 지원 가능합니다.",퇴직금,고용보험 산재보험 건강보험 국민연금,2026-07-27,,11.5,5.0,20.0,7.4,20.0,7.0,70.9,B
H954202607271098,(A)비지팅엔젤스 서대문지점,[홍제동]재가요양보호사 구인,간병인(재가 제외),무관,관계없음,상용직,시급 / 13000원 ,서울 서대문구.,,(근무시간) (오전) 11시 00분 ~ (오후) 2시 00분,주5일근무,0,마감일 (2026-09-26),방문   ,기타   ,02-330-1485,재가방문,"- 홍제동 4등급 할머니 재가요양
- 11시~14시/주5일
- 일상생활지원 ",퇴직금,고용보험 산재보험 건강보험 국민연금,2026-07-27,,6.5,5.0,18.0,7.4,20.0,7.0,63.9,C
H954202607271784,효자시니어복지센터,장호원  방문요양보호사 구인,간병인(재가 제외),무관,관계없음,상용직,시급 / 10320원 ,경기 이천시,,(근무시간) (오후) 4시 00분 ~ (오후) 7시 00분,주5일근무,,마감일 (2026-09-26),고용24 입사지원   ,기타   ,031-644-3806,"방문요양, 방문목욕","- 5등급 : 남자  어르신 

- 업무 : 식사및 복약도움

- 시간 : 16:00~19:00(시간조절가능함)

- 급여 : 13,100(기본 10,320+기타수당)

- 요양보호사 자격증,치매교육이수자, 건강검진 필수",퇴직금,고용보험 산재보험 건강보험 국민연금,2026-07-27,,6.5,5.0,18.0,7.4,16.0,7.0,59.9,C
H954202607271406,(주)태백관리,양주한승아파트 경비원 채용,아파트·빌라 경비원,무관,관계없음,상용직,월급 / 235만원 ,경기 양주시,,"당일 06:00~익일 06:00
휴게시간 10시간",기타,42,마감일 (2026-09-26),팩스   ,이력서   ,031-849-2340,건물관리,"- 아파트경비업무/ 복지카드 소지자 우대
- 팩스지원만 가능(팩스 보내고 연락주세요)",퇴직연금,고용보험 산재보험 건강보험 국민연금,2026-07-27,,8.0,5.0,20.0,7.4,15.0,7.0,62.4,C
H954202607271033,서일개발(주),[오금동] 쌍용아파트경비원 모집,아파트·빌라 경비원,경력,관계없음,계약직,월급 / 241만원 ,서울 송파구오금동,,"07""00~19:00/19:00~07:00/비번(3교대)",기타,40,마감일 (2026-09-26),   ,이력서   ,02-2147-3681,주택관리,"오금동 쌍용아파트경비 경비신임교육이수자
근무시간:07:00~19:00/19:00~07:00/비번(3교대)  , 경력1년이상필수
급여:241만원    경비신임교육이수증

지원희망시 이력서 자기소개서 경력증명서 이메일접수바랍니다.  검토후 개별연락하여 면접진행합니다.",퇴직금,고용보험 산재보험 건강보험 국민연금,2026-07-27,,6.5,5.0,20.0,7.4,15.0,4.0,57.9,C
H954202607271759,새인천환경주식회사,아파트 음식물 쓰레기통 세척 청소 하실 분 구합니다.,청소원,무관,관계없음,상용직,최소연봉 / 3000만원 ,인천 서해구3층 302호,,(근무시간) (오전) 7시 00분 ~ (오후) 4시 00분,주5일근무,40,마감일 (2026-09-26),고용24 입사지원   ,이력서   ,032-540-2033,건물위생관리용역,"인천 서구 지역 거주자

아파트 음식물 쓰레기통 세척 청소 하실 분

운전가능하신분

2026년 8월 3일부터 근무 가능하신분",퇴직금,고용보험 산재보험 건강보험 국민연금,2026-07-27,,5.0,5.0,20.0,7.4,20.0,7.0,64.4,C
H954202607270377,(주)자연과사람들,그라비아 슬리터 설비조작 사원모집,드론 및 주입·포장·상표부착기 등 기타 기계 조작원,무관,관계없음,상용직,월급 / 240만원 ,경기 파주시,,"(오전) 8시 00분~(오후) 6시
점심시간 :  1시간 / 휴게시간 : 오전30분, 오후30분",주5일근무,40,마감일 (2026-09-26),방문 팩스  ,이력서   ,031-860-0411,식품포장지,"그라비아 식품포장지 제조업체
(인쇄 -> 합지 -> 슬리터 및 가공)


슬리터 조작원을 모집합니다.


경력직, 신입 모두 관련없이 환영.",퇴직연금,고용보험 산재보험 건강보험 국민연금,2026-07-27,,5.0,5.0,20.0,7.4,20.0,7.0,64.4,C
H954202607270907,다비다재가복지센터,인천 작전동 도두리마을(동남 롯데아파트) 요양보호사님 구합니다.,재가 간병인,신입,관계없음,상용직(시간제),시급 / 10320원 ,인천 계양구-,,(근무시간) (오후) 3시 00분 ~ (오후) 6시 00분,기타,6,마감일 (2026-09-26),방문   ,기타   ,032-540-5764,방문요양재가서비스,"-가사간병바우처입니다 
-남자 독거
-식사 하실 수 있도록 반찬만들기
-집안 정리정돈

-오후 13:00~16:00 또는 15:00~18:00  오전, 오후 시간 조절 가능함
-주 2회 (월 목, 또는 화,금) 

-시급 14250(각종수당포함)",해당없음,고용보험 산재보험  ,2026-07-27,,5.0,5.0,18.0,6.2,15.0,7.0,56.2,C
H954202607271399,대한종합관리(주),[ 한성1차아파트 ] 아파트 경비원 구인,아파트·빌라 경비원,경력,관계없음,상용직,월급 / 255만원 ,경기 구리시한성1차아파트,,직무내용 참조,기타,40,마감일 (2026-09-26),방문 팩스  ,이력서   ,031-550-2317,"공동주택관리,위생관리용역,시설경비,시설물유지관리,주택임대관리","- 교문동 한성 1차 아파트 경비원
- 격일 근무, 06시 교대
- 급여 : 월 2,553,380
- 지원 방법 : 팩스 (031-569-2941)
- 8월 2일 근무 시작 
※ 서류 검토 후 개별적으로 전화 드린다고 함

※ 고용24 전산 등록위해 주 소정시간 40시간으로 입력함.",퇴직금,고용보험 산재보험 건강보험 국민연금,2026-07-27,,6.5,5.0,20.0,7.4,15.0,7.0,60.9,C
H954202607270267,아들래노인주간보호센터,재가선생님모셔요,재가 간병인,무관,중학교,상용직,시급 / 10320원 ,경기 의정부시,,(근무시간) (오후) 5시 30분 ~ (오후) 7시 30분,기타,,마감일 (2026-09-26),방문   ,기타   ,031-828-0923,주간보호센터,"4등급.
80세 여자어르신
시급 :14000원
식사 및 청소도움
장소 : 의정부시 흥선로 ( 가능우체국뒤)
근무시간 : 오후5시30~오후7시30분까지 주 2일",해당없음,고용보험 산재보험  ,2026-07-27,,5.0,5.0,18.0,6.2,11.0,7.0,52.2,D
H954202607271838,소나무 노인방문 요양센터,상도동) 2등급 여자 어르신 요양사 구인,재가 간병인,무관,관계없음,상용직(시간제),시급 / 10320원 ,서울 동작구,,(근무시간) (오전) 9시 00분 ~ (정오) 12시 00분,기타,9,마감일 (2026-09-26),방문   ,기타   ,02-2171-1847,"재가 방문요양, 방문목욕","47년생 / 여자 / 2등급 / 배우자와 거주

1) 근무시간 : 주 3회(월,수,금 또는 화,목,토) 오전 9시~12시
    근무내용 : 청소, 세탁, 식사도움(장보기 포함)
    시급 : 13,050(기본급, 연차, 휴일수당포함)
2) 방문목욕 주2회(1회 60분 / 시급 20,000원)",해당없음,고용보험 산재보험  ,2026-07-27,,5.0,5.0,18.0,6.2,15.0,7.0,56.2,C
H954202607271261,하음복지센터,"[대방동] 4등급 할머니/14:00~17:00(월,수,금)/재가요양",재가 간병인,무관,관계없음,상용직(시간제),시급 / 10320원 ,서울 동작구,,(근무시간) (오후) 2시 00분 ~ (오후) 5시 00분,기타,9,마감일 (2026-09-26),기타   ,기타   ,02-2147-3680,"방문요양, 방문목욕 몸이 불편한 어르신들을 돕는일","<대방동 4등급 할머니(독거) 오후 주3일 재가요양>

1) 직 무 : 정서·신체·인지활동 지원, 일상생활 및 가사 지원 등
2) 어르신 정보 : 혼자 사시고, 치매 살짝 있으심. 자유롭게 거동 및 화장실 이용 문제 없음. 거동 하실 때, 넘어지지 않도록 주의 필요함.
3) 시 간 : 14:00~17:00(주3일/월,수,금) ※ 시간조정 불가
4) 시 급 : 10,320원+기타수당
5) 위 치 : 1호선 대방역 2번 출구 도보 8분 대방2차 e-편한세상 아파트
6) 문 의 : 02-804-0238",해당없음,고용보험 산재보험  ,2026-07-27,,11.5,5.0,18.0,6.2,15.0,7.0,62.7,C
H954202607271138,금빛노인복지센터,재가요양보호사 채용합니다,재가 간병인,무관,관계없음,상용직(시간제),시급 / 10320원 ,경기 안양시.,,(근무시간) (오후) 2시 00분 ~ (오후) 5시 00분,기타,6,마감일 (2026-09-26),방문 기타  ,이력서   ,031-463-0743,"방문요양, 방문목욕 서비스","- 5등급 어르신(할머님) 일상케어

- 주2일(화목) 14:00~17:00 

- 시급 10.320원+주휴수당, 연차수당 포함 : 13.000원입니다",해당없음,고용보험 산재보험  ,2026-07-27,,5.0,6.2,18.0,6.2,15.0,7.0,57.4,C
H954202607271777,(주)신현대관리,[거여동] 거여1단지아파트 경비원 모집,아파트·빌라 경비원,무관,관계없음,계약직,월급 / 240만원 ,서울 송파구거여1단지아파트,,"06:30~06:30/격일제(휴게:주간3, 야간6.5시간)",기타,40,마감일 (2026-09-26),방문 팩스 기타 ,이력서   ,02-2094-2243,"경비업, 청소","거여1단지아파트 경비 업무
경비신임교육 이수
복지카드소지자 우대
06:30~06:30/격일제(휴게:주간3, 야간6.5시간)
월2,398,420원

* 담당자 유선 통화 후 면접(010-7130-8631)",퇴직금,고용보험 산재보험 건강보험 국민연금,2026-07-27,,8.0,5.0,20.0,7.4,15.0,7.0,62.4,C
H954202607270717,새롬에스앤씨 주식회사,[ 별내동 ] 미리내마을  4-4단지 미화원 구인,"건물 청소원(공공건물,아파트,사무실,병원,상가,공장 등)",신입,관계없음,계약직(시간제),월급 / 155만원 ,경기 남양주시아파트,,"-  주5일 ,09:00~15:30(휴게11:30~12:30), 토요격주 09~12시",주6일근무,29,마감일 (2026-09-26),방문 고용24 입사지원  ,이력서   ,031-590-2346,"위생관리 용역업, 소독업, 경비업","- 아파트 단지내 청소 및 환경정리 등
- 주5일 ,09:00~15:30(휴게11:30~12:30), 토요격주 09~12시
- 월 1,547,180원 
- 담당자: 010-4205-0399",퇴직금,고용보험 산재보험 건강보험 국민연금,2026-07-27,,6.5,5.0,20.0,7.4,20.0,7.0,65.9,C
H954202607270963,주식회사 승학,양주덕정중흥s클래스 아파트 경비원 채용,아파트·빌라 경비원,무관,관계없음,계약직,월급 / 266만원 ,경기 양주시양주덕정중흥S클래스아파트,,"3교대근무 : 주간-당직-비번

 휴게시간 주간1시간40분 / 당직(주간3시간, 야",기타,48,마감일 (2026-09-26),고용24 입사지원   ,이력서 기타  ,02-2639-2446,"문래역 4번출구, 도보 5분 거리입니다.","아파트 경비 업무(3교대:주-당-비)
주간07시 - 18시(휴게 1시간 40분)
당직 24시간(휴게 주간 3시간, 야간6시간)
비번",퇴직금,고용보험 산재보험 건강보험 국민연금,2026-07-27,,6.5,5.0,20.0,7.4,15.0,7.0,60.9,C
H954202607270495,다솜노인복지센터,재가요양보호사 긴급구인 (부평4동행정복지센터 근처),재가 간병인,무관,관계없음,상용직(시간제),시급 / 10320원 - 면접 후 협의가능 ,인천 부평구,,(근무시간) (오전) 9시 00분 ~ (정오) 12시 00분,기타,9,마감일 (2026-09-26),방문   ,기타   ,032-511-3161,노인돌봄,"1. 대상자 : 3등급 할머니 (할아버지 동거하면서 돌봄 보조)

2.근무시간 : 주 3회 (월 . 수 , 금)  09:00 ~ 12:00

3. 근무장소: 부평4동행정복지센터 근처

4. 근무내용 : 가사 및 신체수발   (목욕은 차량목욕으로 실시)",해당없음,고용보험 산재보험  ,2026-07-27,,5.0,5.0,18.0,6.2,15.0,7.0,56.2,C
H954202607270400,한마음재가복지센터,풍무동 요양보호사 모집합니다,재가 간병인,무관,관계없음,상용직(시간제),시급 / 10320원 ,경기 김포시,,(근무시간) (오후) 1시 00분 ~ (오후) 4시 00분,기타,9,마감일 (2026-09-26),방문   ,기타   ,031-999-0957,노인재가복지시설,"3등급 여자 어르신

- 일상생활지원(청소, 산책 등)

- 시급 10,320원 + 수당",해당없음,고용보험 산재보험  ,2026-07-27,,6.5,5.0,18.0,6.2,15.0,7.0,57.7,C
H954202607270470,(주)백산티엠,군문주공 2단지 아파트 경비원 모집,아파트·빌라 경비원,무관,관계없음,계약직,월급 / 256만원 ,경기 평택시.,,"- 근무시간 : 06:00~익일 06:00 / 격일근무
- 휴게시간 : 주간 3시간 / 야간 6시간",기타,30,마감일 (2026-09-26),방문   ,이력서   ,02-2063-6757,경비,"[군문주공 2단지 아파트 경비원 채용 ]

- 아파트 경비업무

- 근무시간 : 06:00~익일 06:00 / 격일근무

- 휴게시간 : 주간3시간 / 야간 6시간

- 월급 2,564,620원

- 경기도 평택시 원평로 25길 소재

* 장애인복지카드 우대",퇴직금,고용보험 산재보험 건강보험 국민연금,2026-07-27,,6.5,5.0,20.0,7.4,15.0,7.0,60.9,C
H954202607270859,(주)금산엔지니어링,사출성형기 조작 직원 모집,플라스틱 사출성형기 조작원,경력,관계없음,상용직,월급 / 216만원 ,경기 포천시-,,(근무시간) (오전) 8시 30분 ~ (오후) 5시 30분,주5일근무,40,마감일 (2026-09-26),고용24 입사지원   ,이력서   ,031-828-0921,광.전자통신기기 케이스,"사출성형기 조작

보유기계 : 350톤 1대, 900톤 1대

* 월 근무 10일정도로 협의 가능자 희망 (임금 협의)

[복지카드 소지자 우대 / 기숙사 있음]",퇴직연금,고용보험 산재보험 건강보험 국민연금,2026-07-27,,5.0,5.0,20.0,7.4,20.0,7.0,64.4,C
H954202607270786,건강100세 재가노인복지센터,5등급 할머니 케어할 요양보호사 모집,재가 간병인,무관,관계없음,상용직(시간제),시급 / 10320원 ,경기 군포시307동,,(근무시간) (오전) 9시 30분 ~ (오후) 12시 30분,기타,9,마감일 (2026-09-26),방문   ,기타   ,031-463-0743,재가서비스,"인지지원 도움및 일상생활 지원, 이동도움및 식사도움 
구체적임금(기본시급10,320원+주휴수당+연차수당 포함 14,000원지급)
주3회(월수금/오전)",해당없음,고용보험 산재보험  ,2026-07-27,,6.5,5.0,18.0,6.2,15.0,7.0,57.7,C
H954202607271060,(주)모레코 쎄미스페어스,[반도체장비부품제조업] 사업확장에 따른 인력보충(생산직),기계·금속 분야 단순 종사원,신입,관계없음,상용직,최소연봉 / 2900만원 - 면접 후 협의가능 ,경기 광주시,,(근무시간) (오전) 9시 00분 ~ (오후) 6시 00분,주5일근무,40,마감일 (2026-09-26),방문 우편 팩스 고용24 입사지원,이력서   ,031-760-5942,반도체 장비용 세라믹 부품 제조,"생산 및 후처리(반도체 장비 부품 생산보조 및 후처리)
-운전면허증
-근무시간 09:00~18:00 (주5일)
-연봉 2900~3000만원

성실하고 꾸준히 오래다니실분 원합니다.",퇴직금,고용보험 산재보험 건강보험 국민연금,2026-07-27,,6.5,6.2,20.0,7.4,20.0,7.0,67.1,C
H954202607271341,태영기전,생산직 모집,전기 부품·제품 조립·검사원,무관,관계없음,상용직,시급 / 10320원 ,경기 화성시금의리 571-4,,(근무시간) (오전) 8시 30분 ~ (오후) 5시 30분,주5일근무,,마감일 (2026-09-26),방문 기타  ,이력서   ,031-290-0822,전기콘트롤박스,- 분전반 조립 및 컨트롤 박스 타공,퇴직금,고용보험 산재보험 건강보험 국민연금,2026-07-27,,5.0,5.0,18.0,7.4,16.0,7.0,58.4,C
H954202607271809,대중정밀공업(주),생산직 모집,기계·금속 분야 단순 종사원,무관,관계없음,상용직,월급 / 216만원 ,경기 시흥시,,(근무시간) (오전) 8시 30분 ~ (오후) 5시 30분,주5일근무,40,마감일 (2026-09-26),   ,이력서   ,031-496-1911,"자동차,중장비부품",중장비 부품 가공 및 조립,퇴직연금,고용보험 산재보험 건강보험 국민연금,2026-07-27,,5.0,5.0,20.0,7.4,20.0,4.0,61.4,C
H954202607271434,참조은 데이케어센터,참조은데이케어센터 주야간보호센터 요양보호사 구인 합니다.,간병인(재가 제외),무관,관계없음,상용직,월급 / 216만원 ,서울 강서구3층,,(근무시간) (오전) 8시 30분 ~ (오후) 5시 30분,주5일근무,40,마감일 (2026-09-26),방문 고용24 입사지원  ,이력서   ,02-2063-6725,노인요양 복지시설,"참조은데인케어센터에서 요양보호사 선생님을 구인힙니다.

입소어르신 증가로 추가 모집합니다.
참조은데이케어센터는 안전한 환경에서 따뜻한 마음으로 어르신들을 케어해주실 요양보호사 선생님을 모시고자 합니다.  

[근무시간]
주간근무 : 09:00~18:00 (점심시간 1시간, 근무시간 8시간) 
토요일 근무시 평일 1일 휴무.

[업무내용]
1. 어르신케어(화장실)
2. 점심식사 도움
3. 프로그램 보조

[우대사항]
1.공단 5등급 어르신 치매교육이수자",퇴직금,고용보험 산재보험 건강보험 국민연금,2026-07-27,,11.5,5.0,20.0,7.4,20.0,7.0,70.9,B
H954202607271395,(주)듀델코리아,풍무동 아파트 미화원 구인,"건물 청소원(공공건물,아파트,사무실,병원,상가,공장 등)",무관,관계없음,계약직(시간제),월급 / 162만원 ,경기 김포시-,,"- 근무시간: (월수금)  08:00~15:00
               (화목)     08:30~15:00
               (토",주6일근무,29,마감일 (2026-09-26),방문   ,기타   ,031-5186-3636,"경비업, 건물청소업","- 아파트 라인청소, 주차장청소 등
- 근무시간: (월수금)  08:00~15:00
               (화목)     08:30~15:30
               (토)        08:30~11:30(격주 토 근무)
 ** 휴게 시간 1시간 포함
 ** 신주있음",퇴직금,고용보험 산재보험 건강보험 국민연금,2026-07-27,,5.0,5.0,20.0,7.4,20.0,7.0,64.4,C
H954202607271408,주식회사 보명,제품 피킹 및 배송 사원 모집 합니다.,지하철 택배원,무관,관계없음,상용직,월급 / 240만원 ,경기 광주시,,"(근무시간) (오전) 8시 00분 ~ (오후) 5시 00분

점심시간 12:00~13:00",주5일근무,40,마감일 (2026-09-26),고용24 입사지원   ,이력서   ,031-799-2704,과일 및 채소 세척후 절단 포장업,"학교 급식  중 디저트를  직접 제조하여 납품 하는 업체 입니다. 
한창 성장하고 있는 회사라 일할 기회가 다양하게 많이 주어집니다.
현장에서 준비, 운반, 청소, 검수, 포장해서 나오면,  피킹, 배송 하는 업무입니다.
각자의 책임과 업무 영역은 있지만, 함께 시작해서 함께 마치는 가족같이 서로를 위하고 돕는 회사를 만들고 있습니다.
단, 하나의 조건은 정직하고 긍정적이며 적극적인 분을 기다립니다.


식품 제조업으로  냉동 제품 포장 및 배송-탑차 운전 필수


주 5일 근무(월~금)
4대 보험 가입
퇴직 연금
명절 상여금 
원거리 차량 유지비 지원
연.월 차 있음",퇴직연금,고용보험 산재보험 건강보험 국민연금,2026-07-27,,14.5,5.0,20.0,7.4,20.0,7.0,73.9,B
H954202607271650,(주)세원테크,진공부품 사상작업자 모집 ,단순 사상원(용접사상 제외-용접원구분),경력,관계없음,상용직,월급 / 300만원 ,경기 평택시,,(근무시간) (오전) 8시 30분 ~ (오후) 5시 30분,주5일근무,40,마감일 (2026-09-26),방문 우편 팩스 고용24 입사지원,이력서 자기소개서  ,031-646-1243,OLED장비 부품제작,"1. SUS304 및   알루미늄 가공품의 씰링면 등 사상작업.

복리후생 
1.자녀 대학 학자금지급
2.기숙사
3.퇴직연금
4.개인 상해보험
5.생일 선물 및 각종 경조사 지원
6.근속년수에 따른 각종 포상 실시 (5년근속:100만원 상당 금품, 10년근속:중형차 지급 등)",퇴직연금,고용보험 산재보험 건강보험 국민연금,2026-07-27,,6.5,5.0,20.0,7.4,20.0,7.0,65.9,C
H954202607271473,(주)세진전자통신,거래처 납품영업사원 구인,지하철 택배원,신입,관계없음,상용직,최소연봉 / 3000만원 - 면접 후 협의가능 ,경기 안양시,,(근무시간) (오전) 9시 00분 ~ (오후) 6시 00분,주5일근무,40,마감일 (2026-09-26),팩스 고용24 입사지원  ,이력서   ,031-463-0755,통신부품판매(하네스 컨넥터 外) 및 PC B&#039;D Ass&#039;y,"당사와 관련하여 자세한 내용은 당사 홈페이지를 참조(www.sejin02.com) 해 주시기 바랍니다.
년간 약 40여개의 거래처 오더를 받아 제조, 납품(사후관리)를 하는 EMS전문제조 업체입니다.
주요 생산 제품은 유무선정보통신중계장비용 B'D Ass'y를 비롯한 카드결재단말기, 중계기, RF,
MHU, 블루투스연동기, 도어락송수신기, 방산용, 의료기기, 전자열량계와 전자유량계, 
전기자동차밧데리용 등등의 완제품과 반제품 등이 있습니다.

주요 직무로는 기존 거래처의 영업으로 주로 납품 및 스케쥴 조정,유통 등등의 직무이며 금번
영업부 충원계획에 따라 당사와 함께하실 인재를 구인중입니다.",퇴직연금,고용보험 산재보험 건강보험 국민연금,2026-07-27,,11.5,6.2,20.0,7.4,20.0,7.0,72.1,B
H954202607270517,주식회사에스제이파우더,함께 성장할수 있는 근로자 희망합니다.,화학·환경·에너지 분야 단순 종사원,무관,관계없음,계약직,시급 / 10320원 ,경기 화성시(장외리),,(근무시간) (오전) 9시 00분 ~ (오후) 6시 00분,주5일근무,,마감일 (2026-09-26),고용24 입사지원 기타  ,이력서   ,031-290-0821,분체도료 플라스틱 리사이클,"-지게차 운전 가능하신분
-하루 종일 서서 하는 작업임
-전 품목 중금속 없음
-평일 잔업 있음.
-자차소지. 출퇴근가능하신분",퇴직연금,고용보험 산재보험 건강보험 국민연금,2026-07-27,,5.0,5.0,18.0,7.4,16.0,7.0,58.4,C
H954202607270511,(주)제이피에스피씨,원단편직공장구인-편직,섬유·의복 분야 단순 종사원,경력,관계없음,상용직,시급 / 10320원 ,경기 포천시,,(근무시간) (오전) 7시 30분 ~ (오후) 6시 30분,주5일근무,,마감일 (2026-09-26),팩스 고용24 입사지원  ,이력서   ,031-828-0921,"제조업, 원사, 임편직업, 원단편조업","원단을 편직

[편직 > 환편 작업]
환편기 작업조건 설정하기, 환편기 작업   

사대보험, 토요일, 공휴일 휴무",퇴직금,고용보험 산재보험 건강보험 국민연금,2026-07-27,,5.0,6.2,18.0,7.4,16.0,7.0,59.6,C
H954202607271080,고운방문요양센터,[인천 산곡동/4등급/주3일] 오전 방문 요양보호사 모집합니다.,재가 간병인,무관,관계없음,계약직(시간제),시급 / 10320원 ,인천 부평구103동,,(근무시간) (오전) 8시 00분 ~ (오전) 11시 00분,기타,15,마감일 (2026-09-26),방문 고용24 입사지원  ,이력서   ,032-310-8893,노인 요양 복지시설,"** 문의 사항은 032-523-1002로 연락주세요.
(영업시간 평일 09:00-18:00)

- 대상 : 4등급 48년생 할아버지
- 근무요일 : 화 / 목 / 금
- 근무시간 : 08시~11시
* 금요일에 어르신 항암치료 시 오후4~5시로 근무시간 변동 예정입니다.
- 어르신 댁 : 산곡동 한신2차아파트
- 급여 : 시급 13,200원(각종수당포함)
- 업무 : 청소, 식사, 병원동행 등
- 기타 : 혼자 거주

- 채용조건
요양보호사 자격증 소지자
1년 이내 건강검진 통보서 소지자
범죄 경력 등 결격 사유가 없는 자",해당없음,고용보험 산재보험  ,2026-07-27,,11.5,5.0,18.0,6.2,15.0,7.0,62.7,C
H954202607271177,차영진보청기 청각재활센터 안산,안산 보청기센터 매장 관리 및 판매 직원 채용합니다,상점 판매원,신입,관계없음,상용직,최소연봉 / 2600만원 ,경기 안산시,,(근무시간) (오전) 9시 30분 ~ (오후) 5시 00분,주5일근무,33,마감일 (2026-09-26),고용24 입사지원   ,이력서   ,031-412-6919,보청기,"담당업무
- 보청기센터 방문 고객 안내 및 상담
- 보청기 상담 및 판매 업무
- 보청기 청소, 점검 접수
- 전화 상담, 예약 접수 및 고객 일정 관리
- 매장 정리와 전반적인 센터 운영 지원


자격요건
ㆍ학력 : 학력무관

고객에게 친절하고 밝게 응대할 수 있는 분
상담과 판매에 자신 있거나 관심이 있는 분",퇴직금,고용보험 산재보험 건강보험 국민연금,2026-07-27,,12.5,5.0,20.0,7.4,20.0,7.0,71.9,B
H954202607270253,주식회사 장봄,식품제조업 생산직 정규 근로자모집,식품 분야 단순 종사원,무관,관계없음,상용직,월급 / 216만원 ,"경기 화성시다동, 라동",,"(오전) 8시 00분~(오후) 5시 30분
휴게시간 별도 제공(30분)
점심시간 12시 -13",주5일근무,40,마감일 (2026-09-26),방문 고용24 입사지원  ,이력서   ,031-290-0821,야채류 가공 및 대량소비처 공급업,"야채 채소 1차 단순 탈피 및 절단 작업

농산물 식품 포장 가공 작업

[농산식품유통 > 농산품유통 소분 포장관리]
소분하기,소분 포장하기,포장 후 검사하기",퇴직금,고용보험 산재보험 건강보험 국민연금,2026-07-27,,6.5,5.0,20.0,7.4,20.0,7.0,65.9,C
H954202607271830,더사랑노인재가센터,재가요양보호사 구인(부천시),재가 간병인,신입,관계없음,상용직(시간제),시급 / 10320원 ,경기 부천시.,,(근무시간) (오전) 9시 00분 ~ (정오) 12시 00분,기타,9,마감일 (2026-09-26),방문   ,이력서   ,02-2680-6784,"방문목욕,방문목욕","- 대상자: 4등급 할머니
- 근무지: 부천시 소안로 74번길 남부천세무서 인근
- 직무내용: 청소,세탁,외출시 동행
- 시   간: 오전(9시~12시)/주3일",퇴직연금,고용보험 산재보험 건강보험 국민연금,2026-07-27,,5.0,5.0,18.0,7.4,15.0,7.0,57.4,C
H954202607271667,평택정재가노인복지센터,평택 평택동 요양보호사 모집합니다.,재가 간병인,무관,관계없음,상용직(시간제),시급 / 10320원 ,경기 평택시106동 ,,(근무시간) (오후) 2시 00분 ~ (오후) 5시 00분,기타,6,마감일 (2026-09-26),방문   ,이력서   ,031-646-1229,.,"[직무내용] 어르신 요양 및 청소, 세탁, 정리지원, 식사 도움, 병원동행, 산책 등 요양보호사분들의 기본 업무 

[대상자] 평택 평택동 거주, 4등급 여성어르신

[근무시간] 월,수요일, 오후 2시~오후 5시(3시간)

[시급] 수당 포함 13,100원",퇴직연금,고용보험 산재보험 건강보험 국민연금,2026-07-27,,8.0,5.0,18.0,7.4,15.0,7.0,60.4,C
H954202607271678,(주)경기철망산업,채용공고,지하철 택배원,경력,관계없음,상용직,월급 / 300만원 ,경기 평택시경기철망산업 ,,"월~금(오전) 8시 00분 ~ (오후) 6시 00분/
토요일:오전근무 08:00~12:00
점심시간 ",주6일근무,40,마감일 (2026-09-26),방문 고용24 입사지원  ,이력서 자기소개서  ,031-646-1207,"와이어메쉬 생산,철망유통,납품배송","(주)경기철망산업 
담당업무
ㆍ와이어메쉬 납품 및 영업,생산관리
지원자격
ㆍ경력 : 경력직 우대 (년수무관)
ㆍ기타 필수 사항
- 해당직무 근무 유경험자
우대사항
ㆍ출퇴근 가능자,지게차가능,3,5톤 이상 운전가능자
근무조건
ㆍ	근무형태	:	정규직(수습기간)-3개월
ㆍ	근무일시	:	주 6일(월~금) 08:00~18:00 토요일:오전근무 08:00~12:00

가족같은 분위기에서 정년없이 같이 성장하실분 
ㆍ	급여	:	실수령 월급 3,000,000이상(명절상여금 및 하기휴가비 별도)
ㆍ	근무지역	:  경기도 평택시 안중읍 용성길166번지 
생산현장직
운전가능자
지게차 가능자 우대
4대보험
중식제공
퇴직금
상여별도",퇴직금,고용보험 산재보험 건강보험 국민연금,2026-07-27,,16.0,5.0,20.0,7.4,20.0,7.0,75.4,B
H954202607271452,주식회사 신원티엠씨,[인천 계양] 동도센트리움골든베이아파트 경비원 구인,아파트·빌라 경비원,무관,관계없음,상용직,월급 / 212만원 ,인천 계양구경비근무초소,,(근무시간) (오전) 6시 30분 ~ (오전) 6시 30분,기타,46,마감일 (2026-09-26),기타   ,이력서   ,031-463-0743,아파트괸리및 경비,"-계양동도센트리움골든베이아파트 경비원 구인-

★7/29 수요일 면접

급여 : 세전 2,119,400원

근무시간 : 오전6:30출근~다음날오전6:30교대 

휴게시간 : 주간휴무4시간 / 야간휴무  7시간

지원방법 : 
★문자로 이력서와 경비교육이수증 보내면 담당자가 검토 후 연락
★채용담당자 연락처는 공고의 맨 밑 [채용담당자 열람하기] / 로그인필수(개인정보보호)
★전화량이 많아 전화지원 시 수신불가, 누락 등 불이익이 생길 수 있기 때문에 반드시 문자로 지원 요망

즉시근무자 우대, 경력자 우대",퇴직금,고용보험 산재보험 건강보험 국민연금,2026-07-27,,13.0,5.0,20.0,7.4,15.0,7.0,67.4,C
H954202607271353,소망요양원,시설요양보호사 구합니다.,간병인(재가 제외),무관,관계없음,상용직,월급 / 228만원 ,서울 동대문구,,"(근무시간) (오전) 09시 00분 ~ (오후) 18시 00분 (주간근무, 주간휴게1시간)
    ",주5일근무,40,마감일 (2026-09-26),방문 기타  ,이력서 자기소개서  ,02-2004-7021,요양원,"- 시설 요양보호사 업무

- 근무시간 주주야야휴휴 (퐁당당도 가능합니다)
 주간 09:00-18:00
 야간 18:00-09:00 (야간휴게 7시간있음, 22:00-05:00) 
                                                                    
- 급여 월 228만원(협의가능)

-협의 가능",퇴직금,고용보험 산재보험 건강보험 국민연금,2026-07-27,,6.5,5.0,20.0,7.4,20.0,7.0,65.9,C
H954202607270793,대한종합관리(주),[관악벽산블루밍아파트] 경비 직원 채용   -26.07.29. 10:00 면접예정-,아파트·빌라 경비원,무관,관계없음,상용직,월급 / 245만원 ,서울 관악구,,"격일(06:00교대)/ 휴게시간(주간 3H40분, 야간 5.5H).",기타,40,마감일 (2026-09-26),방문 기타  ,이력서 기타  ,02-879-5776,"시설경비,근로자파견,수상안전요원배치,청소관리,위생관리,시설관리","[관악벽산블루밍1차아파트] 경비 업무
경비원 신임 교육 이수 필수
복지카드 소지자  (우대)
격일(06:00교대)/ 휴게시간: (주간) 3H40분, (야간) 5.5H
월급 2,450,000원
- 경비대장 (010-4719-3690) 에게 문의 후 진행하시면 됩니다.
- 면접장소: 관악벽산아파트 관리실입구 경비대장실(면접일시:26.07.29. 10:00)
- 이력서, 경비원신임교육 이수증 지참(교육후 3년 이상자는 신임교육이수 확인증)
- 토, 일 전화 사절",퇴직금,고용보험 산재보험 건강보험 국민연금,2026-07-27,,13.0,5.0,20.0,7.4,15.0,7.0,67.4,C
H954202607271586,행복재가방문요양센터,대야미 이편한세상 4등급 할아버지,간병인(재가 제외),무관,관계없음,상용직(시간제),시급 / 13000원 ,경기 군포시.,,(근무시간) (오후) 2시 00분 ~ (오후) 5시 00분,주5일근무,16,마감일 (2026-09-26),고용24 입사지원   ,기타   ,031-390-3695,방문요양,"- 4등급 할아버지(75세)
- 전동휠체어 사용하여 이동, 딸과 함께 거주
- 어르신 방정리, 청소 및 세탁, 식사준비 등 일상생활 도움 제공
- 14:00-17:00 (주 1회 4시간, 한달에 2번 토요일 근무)
- 시급 : 13,000원(각종 제수당 포함)",퇴직금,고용보험 산재보험 건강보험 국민연금,2026-07-27,,5.0,5.0,18.0,7.4,20.0,7.0,62.4,C
H954202607270184,(주)신영잉크,(주)신영잉크 - 영업 사원 모집,화학제품 기술영업원,무관,관계없음,상용직,최소연봉 / 3000만원 ,경기 김포시(주)신영잉크,,(근무시간) (오전) 8시 00분 ~ (오후) 5시 00분,주5일근무,40,마감일 (2026-09-26),방문 고용24 입사지원  ,이력서   ,031-999-0921,그라비아 인쇄용 잉크 제조,"기존 거래처 관리
신규 거래처 발굴
기타 영업 관련 전반적인 업무",퇴직연금,고용보험 산재보험 건강보험 국민연금,2026-07-27,,8.0,6.2,20.0,7.4,20.0,7.0,68.6,C
H954202607271713,정재가복지센터,분당 구미동 요양보호사 선생님을 모십니다(4등급 여자 어르신),간병인(재가 제외),무관,관계없음,상용직(시간제),시급 / 10320원 ,경기 성남시한솔체리빌 711호,,(근무시간) (오후) 1시 00분 ~ (오후) 4시 00분,주5일근무,15,마감일 (2026-09-26),고용24 입사지원   ,이력서 기타  ,031-739-3112,재가요양서비스,"4등급 여자 어르신
근무시간 : 주중 오후 1시~4시
시급 : 13,200원
근무예정지 : 분당구 구미동 한솔체리빌 711호",퇴직금,고용보험 산재보험 건강보험 국민연금,2026-07-27,,5.0,5.0,18.0,7.4,20.0,7.0,62.4,C
H954202607271219,시흥금빛방문요양센터,재가 요양보호사 구인,재가 간병인,무관,관계없음,계약직(시간제),시급 / 10320원 ,경기 시흥시.,,(근무시간) (오후) 1시 30분 ~ (오후) 4시 30분,기타,9,마감일 (2026-09-26),팩스 기타  ,기타   ,031-310-6285,"방문요양,방문목욕","* 5등급 독거 할머니 케어
- 주 3일근무, 오후 13:30 ~ 16:30 (월,수,금)
- 시급 13,000원(기본시급+연차수당+주휴수당) 
- 별도 수당 3만원 지급
- 지원의사가 있으면 이력서를 팩스(031-314-5553)지원하여 주십시오. 면접은 개별연락 드리겠습니다.

*실제 서비스 제공기간에 따라 임금을 계산하여 지급하는 형태로 채용시 근로자마다 주 소정근로시간이나 임금, 근무(예정)지 등에 차이가 있을 수 있음.",퇴직연금,고용보험 산재보험 건강보험 국민연금,2026-07-27,,11.5,5.0,18.0,7.4,15.0,7.0,63.9,C
H954202607271089,(주)케이씨에프앤비,식품/육가공  입출하 담당자 (돈까스제조업체)자차필수,식품 분야 단순 종사원,무관,관계없음,상용직,최소연봉 / 3360만원 ,경기 평택시,,"(오전) 8시 30분~(오후) 5시 30분 
월~금(주 5일근무) 
잔업- 있음 연봉포함 시",주5일근무,40,마감일 (2026-09-26),방문 팩스 고용24 입사지원 ,이력서   ,031-646-1269,돈까스제조판매,"■ 부자재 선입고 재고관리

■ 입/출하 업무 

■ 창고관리

■ 원재료 입출고 /적재 및 현장투입",퇴직연금,고용보험 산재보험 건강보험 국민연금,2026-07-27,,8.0,5.0,20.0,7.4,20.0,7.0,67.4,C
H954202607271067,다정한실버케어,[인천 병방동 영남아파트 5등급 여자어르신] 요양보호사 구인 ,간병인(재가 제외),무관,관계없음,상용직(시간제),시급 / 10320원 ,인천 계양구,,(근무시간) (오전) 9시 00분 ~ (정오) 12시 00분,주5일근무,15,마감일 (2026-09-26),기타   ,기타   ,031-920-3932,노인방문요양센터,"[주요업무]
- 인지 활동 프로그램 진행
- 개인 맞춤형 어르신 케어 제공
- 일상생활 지원 및 가사 도움

시급 수당포함 13200원 

5등급 이시므로 치매이수는 필수 입니다.",퇴직금,고용보험 산재보험 건강보험 국민연금,2026-07-27,,8.0,5.0,18.0,7.4,20.0,7.0,65.4,C
H954202607271371,엘림재가복지센터,안양 관양동 요양보호사 선생님을 모십니다,재가 간병인,무관,관계없음,상용직,시급 / 10320원 ,경기 안양시301호,,(근무시간) (오전) 9시 30분 ~ (오후) 12시 30분,기타,,마감일 (2026-09-26),고용24 입사지원   ,이력서   ,031-8045-4382,방문요양,"1.근무지: 안양시 동안구 관악대로 388번길19
2.등급: 4등급
3.성별: 남
4.하는일: 신체활동지원, 가사 및 일상생활지원
5.근무사간: 주 3일, 하루 3시간(월.수.금) 오전 9시30~오후 12시30분)
6.급여: 시급제 (기본급 10,320원 + 각종 수당 포함 = 13,000원)",퇴직연금,고용보험 산재보험 건강보험 국민연금,2026-07-27,,6.5,5.0,18.0,7.4,11.0,7.0,54.9,D
H954202607271263,(주)에스제이서비스,파주 법원읍 페이버요양병원 청소미화원 채용,"건물 청소원(공공건물,아파트,사무실,병원,상가,공장 등)",경력,관계없음,상용직,월급 / 225만원 ,경기 파주시우리애요양병원(페이버요양병원) 미화관리실,,"근무시간 주5일 스케쥴근무 (주중1일, 주말1일 휴무)
             (오전) 6시 30",주5일근무,40,마감일 (2026-09-26),고용24 입사지원   ,이력서   ,02-2047-9922,즉석시품 판매 제조. 반찬조리판매 / 건물종합관리,"[모집직무]청소원, 환경 관리, 미화, 병원 청소, 청결 유지[직무소개]우리애요양병원은 환자들에게 편안하고 깨끗한 환경을 제공하기 위해 힘쓰는 병원입니다.  본 채용은 병원 내 청결 유지를 담당하는 청소 미화원을 모집합니다.
[주요업무]- 병원 내 청소 및 환경 관리- 미화 및 소독 작업- 쓰레기 처리 및 관리- 청소 용품 관리- 위생 관리 및 안전에 유의

출퇴근 차량픽업 지원 협의 가능",퇴직연금,고용보험 산재보험 건강보험 국민연금,2026-07-27,,17.5,7.4,20.0,7.4,20.0,7.0,79.3,B
H954202607271133,우리사랑방문요양센터,범계역 3등급 80대 여자 어르신 인지활동 도움주실 여자 요양보호사,간병인(재가 제외),무관,관계없음,상용직(시간제),시급 / 10320원 ,경기 안양시307동,,(근무시간) (오후) 1시 00분 ~ (오후) 4시 00분,주5일근무,15,마감일 (2026-09-26),방문   ,기타   ,031-463-0743,노인 장기 요양보험 재가 서비스,"-. 3등급 여자 80대후반 여자 어르신
-. 말동무/인지학습 도움
-. 휠체어 이용 산책도움
-. 화장실 이용 도움
- 시급 (기본시급 10320원+각종 수당2980원= 13,300원)",퇴직금,고용보험 산재보험 건강보험 국민연금,2026-07-27,,5.0,6.2,18.0,7.4,20.0,7.0,63.6,C
H954202607271135,소망방문요양센터,[서울 / 마포구] 4등급 여자 어르신 재가요양보호사 채용,간병인(재가 제외),무관,관계없음,상용직(시간제),시급 / 10320원 ,서울 마포구,,근무시간: (오전)  9:00 - 12:00 ,주5일근무,20,마감일 (2026-09-26),방문 기타  ,이력서   ,031-920-3943,"방문요양, 방문목욕","[서울 / 마포구] 4등급 여자 어르신 재가요양보호사 채용

/ 요양보호사 자격증 (필수)

/ 근무시간: (오전)  9:00 - 12:00  

/ 포괄시급: 13,000원 ( 시급 10,320원 + 주휴수당 + 연차수당 포함 ) 

/ 제출서류 
  : 이력서,  요양보호사 자격증 사본,  건강검진 (채용시)

/ 전화지원

※ 실제 서비스 제공기간에 따라 임금을 계산하여 지급하는 형태로 채용 시 근로자마다 주 소정근로시간이나 임금, 근무(예정)지 등에 차이가 있을 수 있음",퇴직금,고용보험 산재보험 건강보험 국민연금,2026-07-27,,11.5,5.0,18.0,7.4,20.0,7.0,68.9,C
H954202607271272,엘림재가복지센터,"[관악드림타운아파트] 5등급 여자 어르신, 오전(07:00~10:00), 주5일",간병인(재가 제외),무관,관계없음,상용직(시간제),시급 / 10320원 ,서울 관악구,,(근무시간) (오전) 7시 00분 ~ (오전) 10시 00분,주5일근무,15,마감일 (2026-09-26),방문   ,기타   ,02-879-5774,방문요양. 방문목욕,"[관악드림타운아파트] 5등급 여자 어르신(독거)
- 가사 일상생활 지원, 치매교육이수자
- 오전(07:00~10:00), 주5일
- 시급: 13,100원(주휴수당, 연차수당 등 포함)
*문의: 02-889-7852",퇴직금,고용보험 산재보험  ,2026-07-27,,6.5,5.0,18.0,7.4,20.0,7.0,63.9,C
H954202607271512,나엠테크(주),"놀이터 제조, 현장설치 반장님 구합니다. 경력자우대합니다.",조경시설물 설치원,경력,관계없음,상용직,월급 / 400만원 ,경기 양주시.,,"(오전) 8시 00분~(오후) 5시 00분
(토요일) 8시00분~(오후) 5시00분
(휴게시간) 1",주6일근무,40,마감일 (2026-09-26),방문   ,이력서   ,031-849-2332,조경건설 시설물,"놀이터, 금속시설물 , 조경 시설물(파고라,티하우스외 등) 현장설치하는 업무입니다.

용접가능하신분, 경력자 우대 

 격주토요일근무",퇴직금,고용보험 산재보험 건강보험 국민연금,2026-07-27,,6.5,5.0,20.0,7.4,20.0,7.0,65.9,C
H954202607271621,새롬씨큐리티주식회사,경비원 모집,아파트·빌라 경비원,무관,관계없음,상용직,월급 / 229만원 ,경기 시흥시,,(근무시간) (오후) 2시 00분 ~ (오후) 10시 00분,기타,40,마감일 (2026-09-26),방문   ,이력서 기타  ,031-310-6284,경비업,"아파트 관리 대원 모집
- 주6일 14:00~22:00 (주1일 교대로 휴무) 
- 경비이수증 필수 
* 보안반장 통화 후 면접",퇴직금,고용보험 산재보험 건강보험 국민연금,2026-07-27,,6.5,5.0,20.0,7.4,15.0,7.0,60.9,C
H954202607270425,케어닥 재가방문요양돌봄센터 명일 파트너점,(둔촌동/3급할머니)재가요양보호사 모집,재가 간병인,신입,관계없음,상용직,시급 / 10320원 ,서울 강동구,,(근무시간) (오후) 4시 00분 ~ (오후) 7시 00분,기타,0,마감일 (2026-09-26),방문   ,이력서   ,02-3425-5836,방문요양,"-근무지: 양재대로1300
-대상자: 3급할머니(화,목,금.토,1600-1900,주6일)
-시   급: 10,320원(기타,연차 및 주휴수당 포함시 13500)
-업   무  지팡이나 보행기의 도움으로 보행치매 증상 전혀없음
-담당자: 010-5182-7293",퇴직금,고용보험 산재보험 건강보험 국민연금,2026-07-27,,6.5,5.0,18.0,7.4,15.0,7.0,58.9,C
H954202607271043,주식회사 다함,죽전주공2단지 경비원 구인,아파트·빌라 경비원,무관,관계없음,계약직,시급 / 10320원 ,경기 용인시관리사무소,,(근무시간) (오전) 7시 00분 ~ (오후) 2시 00분,주6일근무,,마감일 (2026-09-26),고용24 입사지원   ,이력서   ,031-496-1911,서비스업,"현장명 : 죽전주공2단지아파트
주소 : 경기도 용인시 수지구 대지로 158
근무시간 :
오전조 - 평일 07시~14시(휴게시간 0.5시간)
오후조 - 평일 14시~21시(휴게시간 0.5시간)
토요일 또는 일요일 08시~17시(휴게시간 1시간)
월급여 : 1,929,840원",퇴직금,고용보험 산재보험 건강보험 국민연금,2026-07-27,,5.0,5.0,18.0,7.4,16.0,7.0,58.4,C
H954202607271724,맘모스식품,식품생산직 사원 모집합니다,식품 분야 단순 종사원,무관,관계없음,상용직,월급 / 216만원 ,경기 광주시,,(근무시간) (오전) 8시 30분 ~ (오후) 5시 30분,주5일근무,40,마감일 (2026-09-26),고용24 입사지원   ,이력서   ,031-799-2754,캔디,원재료 배합외 단순작업,퇴직연금,고용보험 산재보험 건강보험 국민연금,2026-07-27,,5.0,5.0,20.0,7.4,20.0,7.0,64.4,C
H954202607271161,주식회사 승학,DMC삼정그린코아 아파트 경비원 채용,아파트·빌라 경비원,무관,관계없음,계약직,월급 / 262만원 ,경기 고양시DMC 삼정그린코아 더베스트,,"주간/당직/비번
주간 09:00-18:00 휴게시간 1시간
당직 07:00-익일07:00 / 휴게시",주5일근무,48,마감일 (2026-09-26),팩스 고용24 입사지원  ,이력서 기타  ,02-2639-2446,"문래역 4번출구, 도보 5분 거리입니다.","아파트 경비 업무
주간/당직/비번
주간 09:00-18:00 휴게시간 1시간
당직 07:00-익일07:00 / 휴게시간 - 주간 3.5시간, 야간 5시간
토요일 주간근무시 휴무",퇴직금,고용보험 산재보험 건강보험 국민연금,2026-07-27,,6.5,5.0,20.0,7.4,20.0,7.0,65.9,C
H954202607271555,이도테라원 주식회사,[비봉매송고속도로] 일상 작업원 모집,건설·채굴 단순 종사원,무관,관계없음,상용직,월급 / 240만원 ,경기 화성시,,(근무시간) (오전) 8시 30분 ~ (오후) 5시 30분,주5일근무,40,마감일 (2026-09-26),고용24 입사지원   ,이력서   ,031-290-0822,.고속도록 유지 보수,"담당 업무 : 고속도로 일상 유지 업무, 기타 일반 작업 등

급여 : 240만원 이상

우대 사항: 관련 분야 경력, 운전면허, 신체 건강",퇴직금,고용보험 산재보험 건강보험 국민연금,2026-07-27,,8.0,5.0,20.0,7.4,20.0,7.0,67.4,C
H954202607271852,해성재가노인복지센터,요양보호사구인,재가 간병인,무관,관계없음,상용직(시간제),시급 / 10320원 ,서울 도봉구.,,(근무시간) (오전) 9시 00분 ~ (정오) 12시 00분,기타,6,마감일 (2026-09-26),방문   ,이력서   ,02-956-9621,방문요양,"-4등급 여자어르신. 독거
-가사서비스, 식사도움, 병원동행, 말벗
-주2일(화,목) 3시간근무(오전 9시~12시)
-도봉로 104길 49-21(창동, 북한산현대홈시티)
-시급: 10,320원",퇴직금,고용보험 산재보험  ,2026-07-27,,5.0,5.0,18.0,7.4,15.0,7.0,57.4,C
H954202607271017,사임당요양원,요양보호사 구인,간병인(재가 제외),신입,관계없음,상용직,월급 / 216만원 ,경기 수원시601,,(근무시간) (오전) 9시 00분 ~ (오후) 6시 00분,주5일근무,40,마감일 (2026-09-26),방문   ,이력서   ,031-231-7901,노인요양시설(요양원),"요양원 주간 근무(09;00 ~ 18:00 )하실 수 있는 요양 보호사 모십니다.
어르신 일상케어.요양보호사업무",퇴직금,고용보험 산재보험 건강보험 국민연금,2026-07-27,,6.5,5.0,20.0,7.4,20.0,7.0,65.9,C
H954202607270914,한솔마을 입주자 대표회의,아파트 경비원 구인,아파트·빌라 경비원,경력,중학교,계약직,월급 / 252만원 ,서울 강남구,,격일/6시 교대,주5일근무,40,마감일 (2026-09-26),팩스 기타  ,이력서   ,02-3423-5587,도소매,"일원동 한솔마을 아파트 경비
- 격일, 6시 교대(휴게시간 9시간)
- 월 2,517,350원
- 경비신임교육필수
- 이력서 팩스 02 451 4251, 이메일 hanso4250@daum.net 지원",퇴직금,고용보험 산재보험 건강보험 국민연금,2026-07-27,,6.5,5.0,20.0,7.4,20.0,7.0,65.9,C
H954202607271720,별빛재가복지센터,[구의동/4등급 할머니(독거)/13:00~16:00] 요양보호사 모집,재가 간병인,무관,관계없음,상용직(시간제),시급 / 10320원 ,서울 광진구구의동,,"13:00~16:00(주3일) 월 화 목 /월 목 금 (선택, 수요일 제외 협의 가능)",기타,9,마감일 (2026-09-26),방문 기타  ,기타   ,02-2147-3691,재가방문요양센터 운영 및 관리,"º 대 상 자  : 구의동/4등급 할머니(독거)/거동가능 
º 직무내용 : 신체지원, 정서지원 및 일상생활지원 등

★ 지원문의 : 010-9174-6911",퇴직금,고용보험 산재보험  ,2026-07-27,,6.5,5.0,18.0,7.4,15.0,7.0,58.9,C
H954202607271701,가은방문요양 목욕재가복지센터,요양보호사채용,재가 간병인,무관,관계없음,상용직(시간제),시급 / 10320원 ,경기 평택시207동,,"(근무시간) 14:00-17:00
5등급여자어르신
주3회 화 수 금
가사.정서.식사.일상생",기타,9,마감일 (2026-09-26),방문 고용24 입사지원  ,이력서   ,031-646-1229,방문요양 목욕서비스,"5등급 여자어르신
일상생활 식사 가사. 청소정리정돈 세탁등
주3회,화.수.금
시급(13,000원) - 기본시급(10,320원)에 각종 수당 포함시",퇴직금,고용보험 산재보험 건강보험 국민연금,2026-07-27,,5.0,6.2,18.0,7.4,15.0,7.0,58.6,C
H954202607270129,샘표식품주식회사,샘표식품 이천공장 포장지원 업무[주5일/주간/OT별도/셔틀/구내식당],식품 분야 단순 종사원,무관,관계없음,계약직,월급 / 225만원 ,경기 이천시,,(근무시간) (오전) 8시 30분 ~ (오후) 5시 30분,주5일근무,40,마감일 (2026-09-26),고용24 입사지원   ,이력서 자기소개서  ,02-2004-7061,장류 및 기타 식품 제조,"[담당업무]
■ 제품 단순 직무 / 체력요함
■ 간장 적재 (20kg이내), 연두 간지 투입, 유리병공급, 간장 박스에 담기,
   15리터 용기 공급(약 6kg 반복작업) 등 

[자격요건]
■ 학력 및 경력 무관

[복리후생]
■ 주5일 평일근무
■ 셔틀버스운행 (이천시내, 이천역)
■ 구내식당 3식 자율배식

* 서울고용센터에서 채용대행 중입니다. 고용24로 많은 입사지원 바랍니다. 
 면접자는 사업장에서 개별통보합니다.",퇴직연금,고용보험 산재보험 건강보험 국민연금,2026-07-27,,14.5,6.2,20.0,7.4,20.0,7.0,75.1,B
H954202607271300,굿모닝재활요양원,원당동 요양원 요양보호사 모집합니다.(주간/주주야야비비),간병인(재가 제외),무관,관계없음,상용직,월급 / 220만원 ,인천 검단구굿모닝재활요양원,,"주간 
09시-18시(휴게 1시간)

주주야야비비 
주간: 09시-18시(휴게 1시간)",주5일근무,40,마감일 (2026-09-26),방문 고용24 입사지원  ,이력서   ,032-540-2078,..,"[모집직무]
요양보호사

[주요업무]
- 요양원 이용자의 일상생활 지원 (식사, 목욕, 이동 등)
- 건강 상태를 관찰하고 필요시 관리
- 긍정적인 상호작용을 통해 정서적 안정 제공

주간 1명
09시-18시(휴게 1시간)

주주야야비비 2명 
주간: 09시-18시(휴게 1시간)
야간: 18시-익일 9시(휴게 7시간)
- 근무 일지 기록 및 보고
- 요양공간 청결 유지",퇴직금,고용보험 산재보험 건강보험 국민연금,2026-07-27,,16.0,5.0,20.0,7.4,20.0,7.0,75.4,B
H954202607271265,주식회사 그리다건축,싱크대 시공 경력직 모십니다.,"내장 목공(인테리어 목공 - 나무창호, 주방가구, 싱크대, 인테리어 치장)",경력,관계없음,상용직,최소연봉 / 3500만원 ,경기 고양시경기도 고양시 일산동구 감내길 57(성석동),,(근무시간) (오전) 8시 00분 ~ (오후) 5시 00분,주5일근무,40,마감일 (2026-09-26),고용24 입사지원   ,이력서   ,031-920-3930,"벽지,장판류,바닥재 도소매,건설업","싱크대 철거 및 시공경력직 모십니다!

경력은 2년이상이면 좋아요~ 

성실하신분 원해요!",퇴직금,고용보험 산재보험 건강보험 국민연금,2026-07-27,,5.0,5.0,20.0,7.4,20.0,7.0,64.4,C
H954202607271705,(주)가온종합관리,서초동 동원베네스트 아파트 미화원 모집,"건물 청소원(공공건물,아파트,사무실,병원,상가,공장 등)",무관,관계없음,계약직(시간제),월급 / 144만원 ,서울 서초구..,,"* 근무: 월~금 08:00~14:00, 토 08:00~10:00/주6일",주6일근무,27,마감일 (2026-09-26),방문 기타  ,이력서   ,02-2155-8767,"경비,청소외","서초동 동원베네스트 아파트 미화원 모집
* 근무: 월~금 08:00~14:00, 토 08:00~10:00/주6일
* 휴게시간 11:30~12:30 
* 급여: 1,435,000원
* 채용담당자 유선 통화로 지원(반장님: 010-8651-0902)",퇴직금,고용보험 산재보험 건강보험 국민연금,2026-07-27,,8.0,5.0,20.0,7.4,20.0,7.0,67.4,C
H954202607271122,새봄재활전문데이케어,"요양보호사 선생님 추가 구인합니다(주간보호,데이케어)",간병인(재가 제외),무관,관계없음,상용직,월급 / 216만원 ,서울 도봉구3층 새봄재활전문데이케어,,(근무시간) (오전) 9시 00분 ~ (오후) 6시 00분,주5일근무,40,마감일 (2026-09-26),고용24 입사지원   ,이력서   ,02-2171-1847,노인요양복지시설,"？？ 기관명 :  새봄재활전문데이케어

？？ 구인 직종 :  요양보호사

？？ 근무 지역 :  서울 도봉구 도봉동

？？ 근무 요일 :  월~토  주5일(토요일 근무시 평일 대체 휴무)

？？ 담당자명 :  문정주

？？ 연락처 :  1599-7712

？？ 기타 사항 :  요양보호사자격증 소지필수, 치매프로그램관리자 환영",퇴직금,고용보험 산재보험 건강보험 국민연금,2026-07-27,,8.0,5.0,20.0,7.4,20.0,7.0,67.4,C
H954202607271594,덕양재가방문요양센터,행신동] 4등급  요양보호사 모집(주5회),재가 간병인,무관,관계없음,상용직(시간제),시급 / 10320원 ,경기 고양시,,근무시간 : 07:30 ~09 :30 (주4회~7회),기타,14,마감일 (2026-09-26),방문 기타  ,기타   ,031-920-3914,방문요양서비스,"[행신동] 4등급 여자 어르신 요양보호사 모집

/ 근무시간 : 07:30 ~ 09:30 (주4회~7회)
/ 시급 10,320원 (주휴, 기타수당 포함하여 13,300원)
/ 채용담당자 통화 후 면접",퇴직금,고용보험 산재보험 건강보험 국민연금,2026-07-27,,6.5,5.0,18.0,7.4,15.0,7.0,58.9,C
H954202607270899,썬더ENG,신규 및 경력사원채용 ,전기·전자 제어장치 설치·정비원,무관,관계없음,상용직,월급 / 250만원 ,경기 부천시,,(근무시간) (오전) 8시 00분 ~ (오후) 5시 00분,주5일근무,40,마감일 (2026-09-26),고용24 입사지원   ,이력서 자기소개서  ,032-320-8903,콘트롤 판넬 제작 및 현장 설치 공사,"주요업무
!)자동제어 판넬제작 
2) 현장 라인 덕트설치및 케이블포설
3)라인 통신박스 및 센스류결선
4)기존라인A/S및 단품공사",퇴직연금,고용보험 산재보험 건강보험 국민연금,2026-07-27,,6.5,5.0,20.0,7.4,20.0,7.0,65.9,C
H954202607271382,무지개노인재가방문요양센터,"[외대앞역 중앙하이츠 아파트] 3등급 할머니댁 요양보호사님을 모집합니다.[ 화,목,토 주3일 근무 * 화요일 08:30-16:30 (8시간)* 목요일,토요일 08:30-11:30(오전) 14:00-17:00(오후) (총6시간) ]",재가 간병인,무관,관계없음,상용직(시간제),시급 / 10320원 ,서울 동대문구106동,,(근무시간) (오전) 8시 30분 ~ (오후) 5시 30분,기타,18,마감일 (2026-09-26),기타   ,기타   ,02-2127-4921,요양보호,"수급자 가정 방문하여 가사 및 일상 생활 도움드림
화,목,토 주3일 근무 
* 화요일 0830-1630 (8시간)
* 목요일.토요일 0830-1130(오전) 1400-1700(오후) (총6시간)",퇴직금,고용보험 산재보험 건강보험 국민연금,2026-07-27,,5.0,5.0,18.0,7.4,15.0,7.0,57.4,C
H954202607270679,양주실버케어센터,양주시 광적면에서 주야간 요양보호사 선생님 구합니다,간병인(재가 제외),경력,관계없음,계약직,월급 / 240만원 ,경기 양주시경기도 양주시 광적면 가납리 394-4,,09:00부터 18:00 근무이며 12:00부터 13:00은 휴게시간입니다.,주5일근무,40,마감일 (2026-09-26),방문 고용24 입사지원  ,이력서   ,031-849-2332,요양원,"1. 신체활동 지원
화장실 이용, 몸 씻기, 옷 입기, 식사 도움, 이동 도움 등 어르신들의 삶을 영위하기 위해 필요한 기본적인 신체활동 지원

2. 인지활동 지원
어르신들의 인지기능 저하를 예방하기 위해 다양한 인지활동 프로그램을 수행

3. 정서 지원
대화와 위로, 격려, 공감을 통해 어르신들께서 정서적 안정을 유지할 수 있도록 지원

4. 일상생활 지원
어르신들께서 쾌적한 삶을 영위하실 수 있도록 가사 및 일상생활에 필요한 일들을 수행",퇴직금,고용보험 산재보험 건강보험 국민연금,2026-07-27,,11.5,5.0,20.0,7.4,20.0,7.0,70.9,B
H954202607271213,현대재가복지센터,[ 호평동 ] 5등급 할머님 재가요양보호사 구인,재가 간병인,무관,관계없음,상용직(시간제),시급 / 10320원 ,경기 남양주시50-3,,(근무시간) (오후) 1시 00분 ~ (오후) 4시 00분,기타,9,마감일 (2026-09-26),방문   ,이력서 기타  ,031-590-2346,노인요양재가복지센터,"- 임광그대가아파트 5등급 할머님 케어
- 식사챙기기, 청소 등 일상생활지원 도움 
- 치매교육이수자
- 주3일, 13:00~16:00
- 시급 13,000원 (10,320원+기타수당)
- 문의 010-3247-2951",퇴직금,고용보험 산재보험 건강보험 국민연금,2026-07-27,,6.5,5.0,18.0,7.4,15.0,7.0,58.9,C
H954202607271202,해성재가노인복지센터,창동 요양보호사 구인,재가 간병인,무관,관계없음,상용직(시간제),시급 / 10320원 ,서울 도봉구,,(근무시간) (오후) 2시 00분 ~ (오후) 5시 00분,기타,9,마감일 (2026-09-26),방문   ,이력서   ,02-956-9621,방문요양,"-4등급 여자어르신
-청소,식사챙겨드리기 및 가사서비스 도움, 말벗
-주3일(월,수,금) 3시간(오후2시~5시)
-도봉구 덕릉로60가길 29-8 (창동)3층
-시급: 10,320원 ",퇴직금,고용보험 산재보험  ,2026-07-27,,5.0,5.0,18.0,7.4,15.0,7.0,57.4,C
H954202607270808,(주)삼영후레쉬,"식품,가공 생산직 사원 모집",식품 분야 단순 종사원,무관,관계없음,상용직,시급 / 10320원 ,경기 안성시,,(근무시간) (오전) 8시 30분 ~ (오후) 5시 30분,주5일근무,,마감일 (2026-09-26),고용24 입사지원   ,이력서   ,031-686-1765,"알가공, 축산물","모집분야
 성형부서 (계란구이외 제품 생산 및 포장)
 출하실 (제품포장, 출하)

주간근무
외국인 가능
남여모두가능",퇴직연금,고용보험 산재보험 건강보험 국민연금,2026-07-27,,5.0,5.0,18.0,7.4,16.0,7.0,58.4,C
H954202607271221,사랑가득요양원,요양보호사 선생님을 모십니다.(주주야야휴휴),간병인(재가 제외),경력,관계없음,계약직,월급 / 248만원 - 면접 후 협의가능 ,경기 의정부시미래빌딩,,주주야야휴휴,주5일근무,40,마감일 (2026-09-26),방문 기타  ,이력서   ,031-828-2874,장기요양 입소시설,"*주주야야휴휴 요양보호사 채용
- 어르신 케어, 목욕 케어, 식사 케어 등
- 주주야야휴휴 248만원
- 채용담당자(031-876-0109) 전화 후 방문 면접합니다.(이력서 지참)",퇴직금,고용보험 산재보험 건강보험 국민연금,2026-07-27,,6.5,5.0,20.0,7.4,20.0,7.0,65.9,C
H954202607271037,수 노인복지센터,재가요양보호사 채용(청량리동),재가 간병인,무관,관계없음,상용직(시간제),시급 / 10320원 ,서울 동대문구,,(근무시간) (오후) 2시 00분 ~ (오후) 5시 00분,기타,9,마감일 (2026-09-26),방문   ,기타   ,02-2091-2923,방문요양. 방문목욕. 방문돌봄.,"4등급 남어르신 방문 케어
- 청량리동 한신아파트 거주
- 주3일(월수금), 14-17시 근무
- 식사조리, 가사 등 일상생활 지원
- 시급 10,320원 (수당 포함 시 13,000원)",퇴직금,고용보험 산재보험  ,2026-07-27,,6.5,5.0,18.0,7.4,15.0,7.0,58.9,C
H954202607270881,에이플러스실버빛방문요양센터,[4등급/09~12(월수금)/청구역]재가요양보호사 모집,재가 간병인,무관,관계없음,상용직(시간제),시급 / 10320원 ,서울 중구,,(근무시간) (오전) 9시 00분 ~ (정오) 12시 00분,기타,9,마감일 (2026-09-26),방문 기타  ,이력서 기타  ,02-3396-5695,"방문요양, 방문목욕","▣ 4등급할머니 (거동가능/인지양호/배우자거주)
▣ 9:00~12:00(주3일/월수금)
▣ 시급: 기본시급 10320/ 기타 수당포함시급 13,500원",퇴직금,고용보험 산재보험 건강보험 국민연금,2026-07-27,,5.0,5.0,18.0,7.4,9.0,7.0,51.4,D
H954202607270787,천사랑방문요양센터,요양보호사,재가 간병인,무관,관계없음,상용직(시간제),시급 / 10320원 ,인천 미추홀구,,(근무시간) (오전) 9시 00분 ~ (정오) 12시 00분,기타,9,마감일 (2026-09-26),방문 우편 기타 ,이력서 기타  ,032-460-4940,방문요양,"87세 여자어르신  보조기구 사용해 일상생활가능  5등급월,수,금 (도움 받아고 주 5일 연장)빌라에서 혼자 살고 계심.",퇴직금,고용보험 산재보험 건강보험 국민연금,2026-07-27,,5.0,5.0,18.0,7.4,15.0,7.0,57.4,C
H954202607270075,삼우서비스 주식회사, 개포자이 프레지던스 커뮤니티 청소원(오후조) 모집 ,"건물 청소원(공공건물,아파트,사무실,병원,상가,공장 등)",무관,관계없음,계약직(시간제),월급 / 244만원 ,서울 강남구.,,오후 조:  화~토 13:00~21:00 / 격주 일요일 08:00~17:00 / 월요일 휴무 / 휴게 1시간 ,주6일근무,39,마감일 (2026-09-26),방문 기타  ,이력서   ,02-3423-5588,"건물청소,소독,시설경비","[ 아파트 커뮤니티 헬스장 공용 부문 청소(오후조) 모집]
- 강남구 삼성로 14, 개포자이프레지던스 아파트 (수인분당선 대모산입구역 7번출구)
- 오후 조:  화~토 13:00~21:00 / 격주 일요일 08:00~17:00 / 월요일 휴무 / 휴게 1시간 
- 급여 2,438,200원 
-> 윤석일 팀장 010 8223 1348 ",퇴직금,고용보험 산재보험 건강보험 국민연금,2026-07-27,,5.0,5.0,20.0,7.4,20.0,7.0,64.4,C
H954202607271240,(주)더블케이플러스,행주산성 야간경비 모집 공고,시설·특수 경비원,무관,관계없음,계약직,월급 / 270만원 ,경기 고양시행주산성,,"A조 : 00시~09시
B조 : 19시~04시
C조 : 휴무

3교대 근무",주5일근무,40,마감일 (2026-09-26),고용24 입사지원   ,이력서   ,031-560-1965,ㅁㄴㅇ,"[모집직무]
 공원 야간 순찰 경비

[직무소개]
행주산성의 안전을 책임지는 경비원을 찾고 있습니다. 
행주산성 야간에 안전을 지키는 중요한 역할을 수행할 것입니다.

[주요업무]
- 야간 순찰 및 시설 점검
- 비정상 상황 발생 시 신속 대응
- 보안 시스템 관리 및 모니터링
- 출입 통제 
- 현장 안전 유지 및 관리",해당없음,고용보험 산재보험 건강보험 국민연금,2026-07-27,,12.5,5.0,20.0,6.2,20.0,7.0,70.7,B
H954202607270711,다사랑방문요양센터,"급구) 부개동 4등급  주 3일 월,수,금 여자어르신을 모실 요양보호사 선생님 모집합니다.",재가 간병인,무관,관계없음,상용직(시간제),시급 / 10320원 ,인천 부평구.,,(근무시간) (오전) 9시 00분 ~ (정오) 12시 00분,기타,9,마감일 (2026-09-26),방문 우편  ,이력서   ,032-540-5762,방문요양 방문목욕,"4등급  여자 어르신을 모실 요양보호사 선생님 모십니다 

등급: 4등급

시간: 오전09시 부터 오후 12시까지  주3일  월-수 -금  (8월3일 월요일부터)

시급: 13,000원 관심 있으신 요양보호사 선생님들의 많은 지원 바랍니다.
 
연락처:032-548-2901",퇴직금,고용보험 산재보험 건강보험 국민연금,2026-07-27,,6.5,5.0,18.0,7.4,15.0,7.0,58.9,C
H954202607270626,조은방문요양센터,[응암동] 5등급어르신 요양보호사 채용,재가 간병인,무관,관계없음,상용직(시간제),시급 / 13000원 ,서울 은평구.,,(근무시간) (오후) 2시 00분 ~ (오후) 5시 00분,기타,9,마감일 (2026-09-26),방문   ,   ,02-389-2115,"방문요양, 방문 목욕 등","-대상: 5등급 남 자 어르신 
-내용: 학습지 및 일상생활 지원 
-시간: 14:00~17:00(주3일)
-급여:13,000원
-근무지: 백련산로2길42",퇴직금,고용보험 산재보험 건강보험 국민연금,2026-07-27,,6.5,5.0,18.0,7.4,15.0,7.0,58.9,C
H954202607270909,강북실버종합복지센터,강북실버종합복지센터 시설요양보호사 채용공고,간병인(재가 제외),무관,관계없음,계약직,최소연봉 / 2640만원 ,서울 강북구,,직무내용참조,주5일근무,40,마감일 (2026-09-26),방문 우편 팩스 고용24 입사지원,이력서 자기소개서 경력증명서 기타,02-3406-0940,노인요양시설,"-시설 내 어르신 돌봄
-근로시간 :  D)07:00~16:00 / E)13:00~22:00 / N)22:00~08:30 /S)10:00~19:00
(휴게시간 1시간, N근무는 1시간 30분)
-급여: 연봉 2,640만원 이상
- 담당자 통화  희망 시:  02-984-0300(내선 1번)으로 연결
- 야간수당, 시간외수당 별도",퇴직연금,고용보험 산재보험 건강보험 국민연금,2026-07-27,,6.5,5.0,20.0,7.4,20.0,7.0,65.9,C
H954202607270337,성화개발(주),[인천 검단구] 풍경채어바니티2차 커뮤니티 미화원 모집,"건물 청소원(공공건물,아파트,사무실,병원,상가,공장 등)",경력,관계없음,계약직,월급 / 185만원 ,인천 검단구신검단중앙역풍경채어바니티2차 아파트,,근무시간 : 화~토 15:00~22:00 / 일요일 15:00~18:00 / 주6일 근무 / 월요일 휴무 ,주6일근무,33,마감일 (2026-09-26),기타   ,이력서   ,02-860-2159,인력공급,"[인천 검단구] 풍경채어바니티2차 커뮤니티 미화원 모집

1. 근무내용 : 커뮤니티 미화원

2. 근무시간 : 화~토 15:00~22:00 / 일요일 15:00~18:00 / 주6일 근무 / 월요일 휴무 

3. 급여 : 1,849,240원",퇴직금,고용보험 산재보험 건강보험 국민연금,2026-07-27,,5.0,5.0,20.0,7.4,20.0,9.0,66.4,C
H954202607270595,우리어르신재가복지센터,[재가요양보호사 모집] 대림동 / 3등급 / 남자어르신,재가 간병인,무관,관계없음,상용직(시간제),시급 / 10320원 ,서울 영등포구,,09:00~12:00 / 주3일(화목토),기타,9,마감일 (2026-09-26),방문 기타  ,이력서 기타  ,02-2670-3799,"장기요양기관, 방문요양","직무: 3등급 남자 어르신 돌봄 - 부부거주, 거동가능, 신체지원, 가사일상지원, 정서지원 등 

근무시간: 09:00~~12:00 / 주3일(화목토)

근무처: 서울특별시 영등포구 시흥대로 589-8(대림동, 신대림자이)

시급: 10,320원 (주휴수당 2,064원, 연차수당 594원, 기타수당 122원 별도)

* 전화지원 윤철관 담당자(T:010-2356-0038)",퇴직금,고용보험 산재보험  ,2026-07-27,,13.0,5.0,18.0,7.4,15.0,7.0,65.4,C
H954202607270533,사랑재가복지돌봄센터,방학2동 오전 주3일 재가요양보호사 채용,재가 간병인,무관,관계없음,상용직(시간제),시급 / 10320원 ,서울 도봉구,,(근무시간) (오전) 9시 00분 ~ (정오) 12시 00분,기타,9,마감일 (2026-09-26),방문 팩스  ,기타   ,02-956-9720,,"- 대상: 4등급 여어르신
- 근무지: 방학2동 제4공영주차장 근처
- 가족: 배우자 
- 근무내용: 가사, 정리정돈 등 일상생활 지원  (자립보행 가능하심)
- 근무시간: 09:00~12:00, 월수금/주3일 (8시30분으로 시간조정 가능)
- 제 수당 포함 시급: 13.200원

* 문의 010-4509-1180",퇴직금,고용보험 산재보험 건강보험 국민연금,2026-07-27,,6.5,5.0,18.0,7.4,15.0,7.0,58.9,C
H954202607270600,(주)그랜드제이알전기,전기공사,내선 전기공(건물 내 전기공사원),신입,관계없음,상용직,월급 / 250만원 ,경기 광주시,,(근무시간) (오전) 8시 00분 ~ (오후) 5시 30분,주5일근무,40,마감일 (2026-09-26),고용24 입사지원   ,이력서   ,031-799-2754,전기공사  전기재료,"전시장 행사 부스 내 전기 설치 및 철거 작업(조명, 콘센트설치)

* 경기도 광주, 성남, 용인 거주자 환영",퇴직금,고용보험 산재보험 건강보험 국민연금,2026-07-27,,5.0,5.0,20.0,7.4,20.0,7.0,64.4,C
H954202607271415,（주）아워홈 한솔병원점,[석촌동] 한솔병원 급식조리원 모집,단체 급식 보조원,무관,관계없음,계약직,시급 / 10320원 - 면접 후 협의가능 ,서울 송파구한솔병원,,05;00~14:00후게시간08:30~09:30/10:00~19:00 휴게시간14:00~15:00  (주6일),주6일근무,0,마감일 (2026-09-26),기타   ,이력서 자기소개서 기타 ,02-2147-3681,급식업,"한솔병원 급식배식, 세척, 셋팅 홀 주방 청소등
근무시간: 05:00~14:00(주6일)  -1명   10;00~19:00(주6일)  -1명
보건증필수, 시급:10,320원  중식제공",퇴직금,고용보험 산재보험 건강보험 국민연금,2026-07-27,,5.0,5.0,18.0,7.4,20.0,7.0,62.4,C
H954202607271574,신풍종합개발(주),종로구 청운동 청운초등학교 급식실 배식도우미 모집,단체 급식 보조원,무관,관계없음,계약직,시급 / 13000원 ,서울 종로구급식실,,(근무시간) (오후) 11시 00분 ~ (오후) 1시 30분,주5일근무,,마감일 (2026-09-26),고용24 입사지원   ,이력서   ,02-2639-2303,"건물종합관리, 청소, 소독,시설경비 근로자파견","종로구 청운초등학교 급식실 배식도우미 모집합니다

근무기간 : 26.08.18 ~ 27.02.28 (겨울방학 봄방학 급식 없음) 

근무시간 : 11시10분~13시40분(2시간30분간)

시      급 : 13,000원 (13,000원 x 2.5시간 x 근무일수=급여) 

복리후생 : 고용,산재 가입하며 공제금 없이 지급

근무내용 : 1. 아이들 급식 시작 전 퇴식구준비 및 배식대 세팅
               2. 배식대 두개로 아이들 급식 배식
               3. 급식 종료 후 바닥 및 테이블 정리
               4. 퇴식구 잔반 정리

총 5인 근무로 학생수가 많지 않아 업무가 수월합니다


이력서 접수가 어려우신 경우 문자지원 가능합니다",해당없음,고용보험 산재보험  ,2026-07-27,,13.0,5.0,18.0,6.2,16.0,7.0,65.2,C
H954202607270860,(주)일신지앤엠,PTP 인쇄 보조업무 및 초보~준기사급 인원모집,"인쇄, 목재, 가구 및 기타 제조 분야 단순 종사원",무관,관계없음,상용직,월급 / 230만원 - 면접 후 협의가능 ,경기 광주시,,(근무시간) (오전) 9시 00분 ~ (오후) 6시 00분,주5일근무,40,마감일 (2026-09-26),팩스 고용24 입사지원  ,이력서 기타  ,031-799-2754,업태 : 제조  종목 : 의약품 및 식품중간포장재,"안녕하세요 

저희는 그라비아 인쇄를 전문으로 하는 포장재 제조업체입니다

현재 PTP 인쇄 작업자를 모집하고 있습니다

초보자부터 준기사급 경력자까지 지원 가능합니다

근무시간: 오전 9시 ~ 오후 6시

점심시간: 오후 1시 ~ 오후 2시

연장근무가 있으며, 가능하신 분을 우대합니다

급여: 면접 후 협의 결정

연장근무수당 및 상여금: 별도 지급

성실하게 근무하실 분이라면 누구나 지원 가능합니다

장기간 근무하실 분을 우대합니다

많은 지원 부탁드립니다

감사합니다",퇴직금,고용보험 산재보험 건강보험 국민연금,2026-07-27,,11.5,6.2,20.0,7.4,20.0,7.0,72.1,B
H954202607270843,감사방문요양센터,[충정로3가]4등급할머니/요양보호사 채용 ,요양 보호사 및 간병인,무관,관계없음,상용직(시간제),시급 / 13700원 ,서울 서대문구.,,(근무시간) (오전) 9시 30분 ~ (오후) 12시 30분,주6일근무,15,마감일 (2026-09-26),방문   ,이력서   ,02-330-1485,방문요양서비스업,"재가 요양보호 채용
- 대상: 4등급 할머니
- 시간: 9:30~12:30",퇴직금,고용보험 산재보험 건강보험 국민연금,2026-07-27,,5.0,5.0,18.0,7.4,20.0,7.0,62.4,C
H954202607270992,(주)준일개발,"공동주택,빌라,빌딩 관리업체 (관리직)",경비·청소 관리자,경력,관계없음,계약직,월급 / 285만원 ,서울 서초구505호,,(근무시간) (오전) 9시 00분 ~ (오후) 6시 00분,주5일근무,40,마감일 (2026-09-26),고용24 입사지원   ,이력서 자기소개서  ,02-580-4922,"시설관리,경비 청소,방제 서비스","-. 근무조건 : 09:00 ~ 18:00 (주5일, 공휴일 휴무)
 -. 아파트(빌라), 빌딩 거래처 관리
 -. PC 가능자 (필수) : 엑셀, 한글, 인터넷 업무 처리
 -. 아파트 관리비 부과 업무 유경험자
   (아파트 회계관리 (전산시스템 : xperp) 유경험자 우대) 
 -. 아파트 관리소장 경험 우대
 -. 업무 진행 오픈 마인드자 (성실성 중요!)
 -. 자격 : 운전면허증 필수 (주차가능자), 소방안전관리자 2급 
 -. 근무장소 : 준일개발 본사 (지하철 3호선 남부터미널역 6번 출구)",퇴직연금,고용보험 산재보험 건강보험 국민연금,2026-07-27,,17.5,6.2,20.0,7.4,20.0,7.0,78.1,B
H954202607271882,주식회사 담다팩,그라비아인쇄현장(가공부) 생잔직,"인쇄, 목재, 가구 및 기타 제조 분야 단순 종사원",신입,관계없음,상용직,월급 / 216만원 ,경기 양주시,,"(근무시간) (오전) 8시 00분 ~ (오후) 5시 30분
점심시간: 12:00~13:00 
휴게시간: ",주5일근무,40,마감일 (2026-09-26),고용24 입사지원   ,이력서   ,031-849-2332,포장지 인쇄,"그라비아인쇄-현장에서 일하실분
신입 지원 가능
- 수습기간 3개월 있음

* 고용24에서 입사지원하시면 검토 후 연락드립니다.",퇴직금,고용보험 산재보험 건강보험 국민연금,2026-07-27,,6.5,5.0,20.0,7.4,20.0,7.0,65.9,C
H954202607270815,주식회사 수미우드,[ (주)수미우드 ] 목재 파렛트 제작 및 가공 직원 채용의 건,"인쇄, 목재, 가구 및 기타 제조 분야 단순 종사원",경력,관계없음,상용직,월급 / 270만원 ,경기 안성시,,(근무시간) (오전) 8시 00분 ~ (오후) 5시 00분,주5일근무,40,마감일 (2026-09-26),방문 우편 팩스 고용24 입사지원,이력서   ,031-686-1765,"수출/내수용 목재 파렛트 제조 및 납품, 파렛트 유통 등을 주된 사업으로 영","[ 회사 소개 ]

 (주)수미우드는 경기 남부 지역을 중심으로 입지를 다지고 있는 파렛트 제조 및 유통기업입니다. 다수의 우량 중견, 중소기업에 파렛트를 제조/납품하고 있으며, 중고 목재, 플라스틱 파렛트를 매입/수거 후 재가공하여 수요 기업 대상으로 유통하고 있습니다. 당사와 함께 근무하실 성실한 인재를 채용하오니, 구직자 여러분의 많은 관심 부탁드리겠습니다. 감사합니다.


[ 직무 상세 내용 ]

1. 파렛트 제작 및 가공(수리 포함)

2. 중고 목재 및 플라스틱 파렛트 분류

3. 당사 사업장 및 외부 수거 현장 정리 업무


업무 관련 궁금하신 사항은 언제든지 편하게 연락 주시면 답변드리도록 하겠습니다.
많은 관심과 지원 부탁드립니다.

감사합니다.",퇴직연금,고용보험 산재보험 건강보험 국민연금,2026-07-27,,13.0,7.4,20.0,7.4,20.0,7.0,74.8,B
H954202607270610,(주)현테크,씽크대 인조대리석 상판 생산직 모집,"인쇄, 목재, 가구 및 기타 제조 분야 단순 종사원",무관,관계없음,상용직,최소연봉 / 2718만원 ,경기 고양시(주)현테크,,"+평          일 : (오전) 8시 30분~(오후) 5시 30분 (휴게시간 1시간 포함)
+격주 ",주6일근무,40,마감일 (2026-09-26),방문 고용24 입사지원  ,이력서 자기소개서  ,031-920-3932,인조대리석 가공.씽크대상판.인테리어,공장 근무 생산직 사원 모집,퇴직금,고용보험 산재보험 건강보험 국민연금,2026-07-27,,5.0,5.0,20.0,7.4,20.0,7.0,64.4,C
H954202607271316,(주)중앙종합관리,몬트레아한남 미화반장 모집,"건물 청소원(공공건물,아파트,사무실,병원,상가,공장 등)",경력,관계없음,계약직,월급 / 210만원 ,서울 용산구몬트레아한남,,"월~금(08시~17시)/ 휴게1H 

토요일 08시~12시(격주)",주6일근무,37,마감일 (2026-09-26),팩스 고용24 입사지원  ,이력서   ,02-2199-4536,건물위탁관리,"*이메일 또는 fax 지원시 현장명 꼭 기재*

1. 현장명 : 몬트레아 한남

2. 구인직종 : 미화반장

3. 근무조건 :월~금(08시~16시)/ 휴게1H 
                  토요일 08시~12시(격주)

                             
4. 급여 : 2,100,790
                    
5. 현장주소 : 서울시 용산구 한남대로 57

6. 자격요건 :  오피스텔 및 아파트 공용부 청소, 환경정비 , 재활용품  및  음식물쓰레기 정리
 
                    지하주차장 청소(보행식 청소차 운영)

                    미화분들과의 업무조화와 신규 또는 하이앤드 오피스텔 경험자 우대합니다.

7. 지원방법 : FAX 02-792-0992
                 E-mail: mondrhea@naver.com (이메일 지원시 ""몬트레아 미화반장 지원"" 기재)",퇴직금,고용보험 산재보험 건강보험 국민연금,2026-07-27,,14.5,5.0,20.0,7.4,20.0,7.0,73.9,B
H954202607271504,나엠테크(주),목공 반장님 모집합니다.,"인쇄, 목재, 가구 및 기타 제조 분야 단순 종사원",경력,관계없음,상용직,월급 / 300만원 ,경기 양주시,,"(오전) 8시 00분~(오후) 5시 00분

(격주토요일) 8시00분~(오후) 5시00분

(휴게",주6일근무,40,마감일 (2026-09-26),방문   ,이력서 자기소개서  ,031-849-2332,조경건설 시설물,"조경시설물 제작합니다. 
파고라  외 어린이놀이터, 물놀이터 제작하는 공장에서 근무하십니다. 
때에 따라 현장지원도 합니다. 
도면보실줄 알아야 하고 팀웍이 좋으신분 환영합니다.
근면, 성실, 정직 하신분 모집합니다.

기숙사 협의후 제공가능합니다.",퇴직금,고용보험 산재보험 건강보험 국민연금,2026-07-27,,6.5,5.0,20.0,7.4,20.0,7.0,65.9,C
H954202607270725,삼우서비스 주식회사,래미안 블레스티지 조경반장 모집,조경원,경력,관계없음,계약직,월급 / 260만원 ,서울 강남구,," (월~금) 08:00~17:00 (휴게 1시간)
  하절기(3월~11월) 주5일 주40시간 근무
  동절",주5일근무,40,마감일 (2026-09-26),방문 기타  ,이력서 자기소개서  ,02-3423-5585,"건물청소,소독,시설경비","래미안블레스티지 조경반장 모집
- 강남구 선릉로 8 
- (월~금) 08:00~17:00 (휴게 1시간)
  하절기(3월~11월) 주5일 주40시간 근무
  동절기(12월~1월) 주2일 주16시간 근무
- (3~11월) 260만원 / (12~2월) 130만원
- 조경기능사 필수
- 경력 3년 이상, 컴퓨터 문서작성 가능자
지원 010-7575-5677",퇴직금,고용보험 산재보험 건강보험 국민연금,2026-07-27,,6.5,5.0,20.0,7.4,20.0,7.0,65.9,C
H954202607271891,(주)송운개발,골프장 그린키퍼,조경 식재원,무관,관계없음,계약직,월급 / 260만원 ,경기 용인시(주)송운개발,,"8시~17시 근무
 - 식사시간 및 휴게시간(2시간포함)
 - 근무시간 협의가능
 -",주6일근무,40,마감일 (2026-09-26),우편 팩스 고용24 입사지원 기타,이력서   ,031-289-2266,골프연습장및 파3 골프장,"골프장 조경  및 그린 관리 업무
그린키퍼 양성교육과 함께 업무를 습득할 수 있는 기회.
초보자 경력자 모두 가능.
잔디관리의 기초부터 고급 스킬까지 체계적으로 배울 수 있는 좋은 기회.
수습기간 중에도 정상 급여 지급.
업무 습득 후 본인이 원할시 정규직 전환 가능.",퇴직금,고용보험 산재보험 건강보험 국민연금,2026-07-27,,8.0,5.0,20.0,7.4,20.0,7.0,67.4,C
H954202607271117,다온누리방문요양센터,성북구청 근처 4등급 할머니 주3일 화목토 오전재가 ,재가 간병인,무관,관계없음,상용직,시급 / 10320원 ,서울 성북구경동고 4거리에서 1분거리 ,,(근무시간) (오전) 9시 30분 ~ (오후) 12시 30분,기타,0,마감일 (2026-09-26),방문   ,이력서   ,031-837-2720,방문요양 목욕,"성북구청 근처 4등급 할머니 주3일 화목토 오전재가 (경동고 4거리에서 1분거리) 
■ 등급/성별 : 4등급 할머니 (50년생)
■ 시간 : 오전 (주3일) 9시 30분~12시 30분
■ 시급 13,100원 (수당포함) 
■ 가사지원, 생활지원, 
■ 지원방법 010-3007-1737 로 먼저 전화한 순서대로 면접 진행 ",퇴직금,고용보험 산재보험 건강보험 국민연금,2026-07-27,,6.5,5.0,18.0,7.4,15.0,7.0,58.9,C
H954202607270876,가은재가복지센터,재가요양보호사 모집 ,재가 간병인,무관,관계없음,상용직,시급 / 14000원 ,인천 남동구.,,시간협의 가능 ,기타,0,마감일 (2026-09-26),방문 기타  ,이력서 기타  ,032-310-8894,재가복지,"4등/남/시간선택가능 /주2일(화.금) 
*시간 선택 가능!! 
*주2일 !! 화.금 
*정리정돈 도움 위주 
*주소: 남동구 장자북로11-18
문의: 032-310-8894",퇴직금,고용보험 산재보험 건강보험 국민연금,2026-07-27,,5.0,5.0,18.0,7.4,15.0,7.0,57.4,C
H954202607271259,신흥기업주식회사,조경관리자,조림·산림경영인 및 벌목원,경력,관계없음,계약직,월급 / 280만원 - 면접 후 협의가능 ,인천 제물포구,,(근무시간) (오전) 8시 00분 ~ (오후) 5시 00분,주5일근무,40,마감일 (2026-09-26),방문   ,이력서   ,032-745-3122,시설관리 및 청소,"조경(식재, 전지, 제초)관리자
근무시간 08:00 ~ 17:00
경력자 우대
1개월 단가계약후 추후 정규직 전환 검토",퇴직연금,고용보험 산재보험 건강보험 국민연금,2026-07-27,,6.5,5.0,20.0,7.4,20.0,7.0,65.9,C
H954202607271115,(주)신현대관리,다산동 아파트 미화원 모집,"건물 청소원(공공건물,아파트,사무실,병원,상가,공장 등)",무관,관계없음,계약직(시간제),월급 / 175만원 ,경기 남양주시,,평일 08:30~15:30(휴게1시간)  격주토요일 08:30~15:30,주6일근무,33,마감일 (2026-09-26),방문 기타  ,이력서   ,031-550-2320,"경비업, 청소","다산역 자연앤푸르지오아파트 실내미화원 모집 
- 아파트 실내미화업무
- 주5/6일, 평일 08:30~15:30(휴게1시간) 
              격주 토요일 08:30~15:30
- 월 1,748,872원

** 반장님 면접진행합니다.  ** 8월3일 출근 예정",퇴직금,고용보험 산재보험 건강보험 국민연금,2026-07-27,,6.5,5.0,20.0,7.4,20.0,7.0,65.9,C
H954202607270370,베스트요양병원,[베스트요양병원] 간호사 모집,간호사,무관,관계없음,상용직,최소연봉 / 3300만원 - 면접 후 협의가능 ,경기 여주시,,"(근무시간) 
D (오전) 7시 30분 ~ (오후) 3시 30분
E (오후) 2시 30분 ~ (오후) 10시",주5일근무,40,마감일 (2026-09-26),고용24 입사지원   ,이력서 자기소개서  ,031-740-6792,"중풍,치매,재활 전문 병원","주요 업무:
- 환자 관리 및 상담
- 의료 기록 작성 및 유지
- 약물 투여 및 관리
- 환자 상태 모니터링
- 진료 지원 외 업무

자격 요건:
- 경력무관
- 간호사 자격증 소지자

우대사항:
- 요양병원 1년 이상 경력자 우대

기타사항:
-근무형태 조율가능 (3교대(DEN), 2교대(DE), 나이트킵)

복리후생:
- 시간 외 근무, 나이트 수당 별도
- 퇴직금 별도
- 생일자 상품권 지급, 경조휴가 및 경조금 지급
- 장기근속자 포상
- 직원 및 직원가족 본원 진료 시 진료비 감면
- 기숙사 제공
- 유니폼 지급",퇴직금,고용보험 산재보험 건강보험 국민연금,2026-07-27,,14.5,5.0,20.0,7.4,20.0,7.0,73.9,B
H954202607271764,의료법인 두영의료재단,의료법인 두영의료재단 정안요양병원 간호사 선생님 (D/E)을 모십니다,간호사,무관,관계없음,상용직,최소연봉 / 3700만원 - 면접 후 협의가능 ,경기 고양시,,"D : 07 : 00 ~ 16 : 00 (휴게시간 12 : 00 ~ 13 : 00)

E : 14 : 00 ~ 23 : 00 (휴게시간 18 : 0",주5일근무,40,마감일 (2026-09-26),방문 우편 고용24 입사지원 ,이력서 자기소개서  ,031-920-3930,요양병원,"안녕하세요 선생님

일산에 있는 의료법인 두영의료재단 정안요양병원에서 함께 하실

D/E 간호사 선생님을 모십니다



본원은 143병상의 단독건물로 이루어진 병원으로？

2015년 07월 1차,？ 2019년 2차？보건복지부 심사평가원에서 진행하는 인증평가를 무사히 마쳤으며,

2022년 4월 2차 중간인증평가를 마쳤으며,

2023년 7월 3주기 본조사 역시 완료 후

2023년 10월 인증평가 인증서 발급 완료 

2024년 6월 적정성 평가 1등급 획득

2024년 7월 3주기 본조사 인증 완료

2025년 7월 3주기 중간현장조사 인증 완료

2026년 6월 적정성 평가 1등급 획득



6차,7차,8차 적정성 평가 1등급을 획득하였으며,

2023,2024년 적정성 평가 1등급 획득 요양병원 입니다.？



현재 간호부와의 소통을 중시하시는 가정의학과 전문의 병원장님과 흉부외과 전문의 진료과장, 한방과장, 당직과장을

비롯해 60명의 직원이 함께 하고있습니다.



2026년 07월 현재？

집중치료실의 2병동과 일반병동 4병동이 있으며

간호사 D/E (2교대) 선생님을？모시려고 합니다



본원은？질향상 및 직원 환자 안전에 최선을 다하고 있습니다

자세한 상담은 언제든 전화주시면 상세히 설명 드리겠습니다



오래도록 함께 하실

많은 선생님의 연락 기다리겠습니다 감사합니다",퇴직금,고용보험 산재보험 건강보험 국민연금,2026-07-27,,10.0,5.0,20.0,7.4,20.0,7.0,69.4,C
H954202607271873,오렌지노인복지센터,{신흥동} 4등급 여자어르신,재가 간병인,경력,관계없음,상용직(시간제),시급 / 10320원 ,경기 성남시약 600미터 근방 주택,,(오전) 9시 00분~(정오) 12시 00분,주6일근무,18,마감일 (2026-09-26),방문   ,기타   ,070-4048-6407,요양보호사 파견업,"- 신흥동 
-09시:00~12:00(토요일 포함 주6일 )
-신체활동지원. 일상가사활동 식사준비, 정서지원 등
-시급 13,000",퇴직연금,고용보험 산재보험 건강보험 국민연금,2026-07-27,,6.5,5.0,18.0,7.4,20.0,7.0,63.9,C
H954202607270858,성심요양복지센터,재가요양 보호사 모집 ,재가 간병인,경력,관계없음,상용직(시간제),시급 / 10320원 ,인천 남동구12단지 ,,(근무시간) (오전) 8시 30분 ~ (오전) 11시 30분,주6일근무,18,마감일 (2026-09-26),방문 고용24 입사지원  ,이력서 기타  ,032-310-8894,"방문요양, 방문목욕","4등급/여자/오전8:30-11:30/주6일 
수당: 13.000원 
식사 및 일상생활지월 
주소; 서창동 12단지 아파트 ) 
문의: 032-310-8894",퇴직연금,고용보험 산재보험 건강보험 국민연금,2026-07-27,,5.0,5.0,18.0,7.4,20.0,7.0,62.4,C
H954202607270682,(주)태백관리,(청담마을 주공 4단지 아파트) 미화원 채용,"건물 청소원(공공건물,아파트,사무실,병원,상가,공장 등)",무관,관계없음,상용직(시간제),시급 / 10320원 ,경기 양주시주공4단지,,"09:00~15:30 /주5일
토)09:00~12:00/ 격주근무
휴게시간: 12:00~13:00",주5일근무,29,마감일 (2026-09-26),방문 기타  ,이력서   ,031-270-9871,건물관리,"- 아파트미화원 모집 ( 청담마을/덕정  주공4단지)
- 아파트 청소 및 계단청소
- 월급여 1,548,000원
- 토요일 격주 근무 
- 통화후 이력서 지참 방문 면접 진행",퇴직연금,고용보험 산재보험 건강보험 국민연금,2026-07-27,,5.0,5.0,18.0,7.4,20.0,7.0,62.4,C
H954202607271256,한국동화무역(주),해외 시장을 향해 날갯짓할 일본 영업 전문가를 모집합니다.,해외 영업원(일본어),신입,대학_대학교,상용직,최소연봉 / 3400만원 ,경기 안양시,,(근무시간) (오전) 8시 30분 ~ (오후) 5시 30분,주5일근무,40,마감일 (2026-09-26),고용24 입사지원   ,이력서 자기소개서 졸업증명서 경력증명서,031-463-0755,"일본, 중국 및 각국 수출 및 수입 업무, 무역, 도매, 검사","1. 영업관리 업무
2. 일본 내 기업체 대상으로 영업 및 구매 업무 수행
3. 국내 및 일본 기업체의 해외지사 대상으로 영업 및 구매 업무 수행
4. 국내 기업체 대상으로 수출·수입 자재&부품의 영업 및 구매 업무 수행

★ 당사는 일본 동화전기(TOWA DENKI)사의 한국지사이고, 당사의 업무특성상 
    비지니스 회화가 가능한 수준의 일본어 능력 보유능력을 필수로 함
    - 면접 시 일본어 능력 확인",퇴직연금,고용보험 산재보험 건강보험 국민연금,2026-07-27,,13.0,5.0,20.0,7.4,20.0,7.0,72.4,B
H954202607270943,화성금속,도금관련 단순종사원 모집,도금·금속분무기 조작원,무관,관계없음,상용직,월급 / 296만원 ,인천 검단구오류동,,"(평일)07:30~17:30(~19:30 연장) - 월급제로 급여에 연장수당포함 주52시간준수
(",주5일근무,40,마감일 (2026-09-26),방문   ,이력서   ,032-540-2029,도금,"도금 단순 노무직 
잔업은 일주일에 2~3일 정도 
도금할 제품을 고리에 거는 작업 
제품을 포장해서 옮기는 작업",퇴직연금,고용보험 산재보험 건강보험 국민연금,2026-07-27,,5.0,5.0,20.0,7.4,20.0,7.0,64.4,C
H954202607271946,나눔과 섬김의 센터,[가능동] 3등급 오후 재가요양보호사 구인,재가 간병인,무관,관계없음,상용직(시간제),시급 / 10320원 ,경기 의정부시.,,(근무시간) (오전) 1시 00분 ~ (오전) 4시 00분,주6일근무,18,마감일 (2026-09-26),방문 기타  ,기타   ,031-270-9871,노인 요양복지시설 운영업,"- 가능동 3등급 할머니
- 반찬조리, 청소, 말벗, 병원동행, 목욕도움 등
- 주6일 1시~4시
- 시급 : 10,320원(제수당포함  13,100원)
- 건강검진결과통보서
- 채용담당자: 경찬은 010-6602-2376",퇴직연금,고용보험 산재보험 건강보험 국민연금,2026-07-27,,6.5,5.0,18.0,7.4,20.0,7.0,63.9,C
H954202607271929,행복나눔요양기관,방문요양 요양보호사 모집,재가 간병인,무관,관계없음,상용직(시간제),시급 / 13000원 ,인천 남동구.,,(근무시간) (오후) 2시 30분 ~ (오후) 6시 30분,주6일근무,24,마감일 (2026-09-26),방문 팩스 고용24 입사지원 ,이력서 자기소개서  ,032-460-4837,,"[모집직무]
재가 요양보호사, 요양보호사(노인요양사), 요양보호사

[직무소개]
우리 회사는 어르신들의 건강하고 행복한 삶을 지지하기 위해 다양한 노인 돌봄 서비스를 제공합니다. 본 직무는 방문요양 서비스를 통해 어르신들의 일상생활을 지원하고, 따뜻한 마음으로 편안하고 안전한 환경을 조성합니다.

[주요업무]
- 어르신들의 식사 준비 및 섭취 지원
- 위생 관리 및 일상 생활 지원
- 대화 및 즐거운 시간 제공
- 어르신들의 건강 상태 모니터링 및 기록
- 사회복지기관 및 가족과의 소통 및 협력

1등급 남자어르신",퇴직연금,고용보험 산재보험  ,2026-07-27,,14.5,5.0,18.0,7.4,20.0,7.0,71.9,B
H954202607271918,늘푸른돌봄센터 노원점,요양보호사 구인,재가 간병인,무관,관계없음,상용직(시간제),시급 / 10320원 ,서울 노원구,,(근무시간) (오전) 9시 00분 ~ (정오) 12시 00분,주6일근무,18,마감일 (2026-09-26),방문   ,기타   ,02-956-9620,방문요양. 방문목욕,"- 4등급 여자 어르신
- 주 6일근무 / 9시~12시
- 시급  평균 13,300원(10,320원+주휴수당 등)
- 가사지원 등 일상적인 생활지원",퇴직연금,고용보험 산재보험 건강보험 국민연금,2026-07-27,,6.5,5.0,18.0,7.4,20.0,7.0,63.9,C
H954202607271789,운화실버복지센터,[혜화역인근 아남아파트/ 2등급 할머님/ 오전오후] 재가 요양보호사 채용,재가 간병인,무관,관계없음,상용직(시간제),시급 / 10320원 ,서울 종로구,,평일 오전 6:30-9:30 오후 17:00-19:00 토요일 6:30-12:00,주6일근무,31,마감일 (2026-09-26),방문 팩스  ,기타   ,02-2148-4181,방문요양,"[혜화역인근 아남아파트/ 2등급 할머님] 케어 재가요양사 채용

- 업무: 식사도움, 신체청결도움, 주변정리정돈, 복약도움 등 

- 근로시간: 평일 오전 6:30-9:30 오후 17:00-19:00 토요일 6:30-12:00

- 시급: 10,320원 (각종 수당 포함 13,100원)

-연락 후 방문 지원 ☎010-6360-9464",퇴직연금,고용보험 산재보험 건강보험 국민연금,2026-07-27,,8.0,5.0,18.0,7.4,20.0,7.0,65.4,C
H954202607271712,아리아케어재가방문요양평택송탄센터`,[2등급 여자어르신] 요양보호사 선생님 모십니다,재가 간병인,무관,관계없음,상용직(시간제),시급 / 10320원 ,경기 평택시,,(오후) 2시 30분~(오후) 5시 30분,주6일근무,18,마감일 (2026-09-26),방문 고용24 입사지원  ,기타   ,031-646-1229,의료복지용구 및 방문요양 방문목욕,"대상자 : 2등급 여자 어르신 

주거 환경 :  아파트에서 아드님과 동거 중이시나 낮시간 동안은 혼자 계심

어르신 신체 상태 : 기저귀 착용하고 계시며 준와상으로 누워 계심. 인지 저하 있으시나 대화는 가능함. 난청 있으셔서 대화 시 큰 소리로 대화해야 함. 

업무 내용 : 신체활동 지원(기저귀 케어, 주 1회 몸씻기 등), 정서 및 가사 활동 지원, 주로 어르신 식사와 말벗 지원 
 
근무지 : 평택시 원평로 25번길 63 군문주공 1단지

근무 시간 : 14시30분~17시30분 (월~토, 주 6일)  - 오전에 3시간 근무 들어가서 다횟수로 진행됨

시급 : 10,320원(주휴수당 및 연차수당 포함 13,200원)",퇴직연금,고용보험 산재보험 건강보험 국민연금,2026-07-27,,13.0,5.0,18.0,7.4,20.0,7.0,70.4,B
H954202607271659,드림재가복지센터,"수유시장근처 3등급 여 어르신, 5등급 남어르신 부부케어 / 요양보호사 구인 ",재가 간병인,무관,관계없음,상용직(시간제),시급 / 10320원 ,서울 강북구,,(근무시간) (오전) 9시 00분 ~ (오후) 4시 00분,주6일근무,36,마감일 (2026-09-26),방문   ,기타   ,02-2091-3482,노인복지시설재가요양방문목욕,"* 3등급 여어르신, 5등급 남어르신 부부케어
- 업무 : 여 어르신 기저귀케어/ 혼자서 식사하시고 체위변경하심
           남 어르신 장보기만 동행하시고 케어하실 일 없음 (치매교육 이수자)
* 근무장소 : 수유시장 근처
* 근무시간 : 09:00~12:00, 13:00~16:00,  주5~6일 (시간 조정가능, 1시간 쉬는 텀 없이 쭉 이어서 6시간 가능) 
* 시급10,320원 (주휴수당 등 포함 시 시급 13,100원) ",퇴직연금,고용보험 산재보험 건강보험 국민연금,2026-07-27,,11.5,5.0,18.0,7.4,20.0,7.0,68.9,C
H954202607270697,(주)듀델코리아,평촌초원마을 대림 아파트 미화원 구인,"건물 청소원(공공건물,아파트,사무실,병원,상가,공장 등)",무관,관계없음,계약직,시급 / 10320원 ,경기 안양시.,,(근무시간) (오전) 9시 00분 ~ (오후) 3시 00분,주5일근무,0,마감일 (2026-09-26),방문   ,이력서   ,031-8045-6912,"경비업, 건물청소업","* 평촌초원마을 대림 아파트 미화원 구인
- 근무시간 : 주 5일 근무 / 월~금 :09:00~15:00
  휴게시간 (평일 12:00~13:00 )
- 월 1,351,920원
- 복지카드 소지자 우대
- 신주있음
- 반장님 통화후 면접 진행",퇴직연금,고용보험 산재보험 건강보험 국민연금,2026-07-27,,5.0,5.0,18.0,7.4,20.0,7.0,62.4,C
H954202607271606,도연재가방문요양센터,요양보호사 구인합니다. (3등급 할머니),재가 간병인,무관,관계없음,상용직(시간제),시급 / 10320원 ,경기 파주시105동,,(근무시간) (오전) 9시 00분 ~ (정오) 12시 00분,주6일근무,18,마감일 (2026-09-26),방문   ,이력서 자기소개서  ,031-8071-4248,방문요양. 방문목욕,"방문요양 (식사준비 및 제공, 청소와 정리정돈, 주1회 샤워도움)

*임금지급형태 : 시급10,320원) + 주휴수당 등 = 13,200원

* 실제 서비스 제공기간에 따라 임금을 계산하여 지급하는 형태로 채용시 근로자마다 주 소정근로시간이나 임금,근무(예정)지 등에 차이가 있을 수 있음",퇴직연금,고용보험 산재보험 건강보험 국민연금,2026-07-27,,5.0,5.0,18.0,7.4,20.0,7.0,62.4,C
H954202607270197,주식회사 에이스엠,[영덕동] 기흥푸르지오포레피스 내부미화원 모집,"건물 청소원(공공건물,아파트,사무실,병원,상가,공장 등)",경력,관계없음,계약직(시간제),월급 / 170만원 ,경기 용인시푸르지오 포레피스 아파트,,"평일 (오전) 9시 00분~(오후) 4시 00분
휴게 1시간

토요일 격주근무 (오전) 9",주6일근무,32,마감일 (2026-09-26),기타   ,이력서   ,031-231-7801,"시설경비업,기계경비업","* 월 급 : 1,704.870원
* 근무시간
- 월~금 09:00~16:00 (휴게시간 1시간)
- 토요일 09:00~13:00 (휴게시간 없음. 격주 근무)",퇴직금,고용보험 산재보험 건강보험 국민연금,2026-07-27,,5.0,5.0,20.0,7.4,20.0,7.0,64.4,C
H954202607271591,사랑드림올케어센터,4등급 남자어르신 돌보실 요양보호사 모집 (시흥 목감),재가 간병인,무관,관계없음,상용직(시간제),시급 / 10320원 ,경기 시흥시,,(근무시간) (오전) 8시 30분 ~ (오전) 11시 30분,주6일근무,18,마감일 (2026-09-26),고용24 입사지원   ,이력서   ,032-310-8894,복지서비스,"[모집직종]
재가요양보호사, 가정방문 요양보호사

[근무시간]
남자 / 3등급 
시간: 0830-1130 ( 3시간/ 월화수목금토 주 6일)

[시급]
13,000원(모든 수당 포함) 

[근무지]
경기 시흥시 목감중앙로 20 (조남동, 시흥목감엘에이치7단지)",퇴직연금,고용보험 산재보험 건강보험 국민연금,2026-07-27,,5.0,5.0,18.0,7.4,20.0,7.0,62.4,C
H954202607270238,(주)뉴맨테크,[미사 힐즈파크푸르지오3단지] 실내 미화원 모집,"건물 청소원(공공건물,아파트,사무실,병원,상가,공장 등)",무관,관계없음,계약직,시급 / 10320원 ,경기 하남시,,(근무시간) (오전) 9시 00분 ~ (오후) 4시 00분,주5일근무,0,마감일 (2026-09-26),방문 기타  ,이력서   ,031-790-6886,"아파트 관리, 건물관리","[미사 힐즈파크푸르지오3단지] 실내 미화원 모집
 ㅇ근무시간 : 주5일(월~금) 09:00 ~ 16:00 (휴게시간 1시간)
 ㅇ시급 : 10,320원 (월1,614,358원)

◆전화( 미화반장 010-3603-8253 )상담 후 면접◆",퇴직연금,고용보험 산재보험 건강보험 국민연금,2026-07-27,,5.0,5.0,18.0,7.4,20.0,7.0,62.4,C
H954202607271654,(주)두원에이앤씨,연희푸르지오아파트 외곽미화원 모집,"건물 청소원(공공건물,아파트,사무실,병원,상가,공장 등)",무관,관계없음,계약직,월급 / 175만원 ,서울 서대문구,," 8:30~15:30(평), 08:30-11:30(토)",주6일근무,33,마감일 (2026-09-26),방문   ,이력서   ,02-330-8783,"위생관리, 시설유지관리, 시설경비 등 인력파견업","연희푸르지오 아파트 미화
- 근무시간 : 8:30~15:30(평), 8:30-11:30(토)
- 급여 : 1,749,240원
- 업무 : 외곽청소, 주차장 관리",퇴직금,고용보험 산재보험 건강보험 국민연금,2026-07-27,,8.0,5.0,20.0,7.4,20.0,7.0,67.4,C
H954202607271391,은천방문요양센터,1등급 여자어르신 요양보호사 구인,재가 간병인,무관,관계없음,상용직(시간제),시급 / 10320원 ,서울 동대문구,, (월~금) 08:00~12:00,주6일근무,18,마감일 (2026-09-26),방문   ,이력서   ,02-2004-7061,방문요양센터 및 요양보호사교육원,"*등급:1등급 여자어르신 
*위치: 서울 동대문구 답십리로67길 29
*직무: 개인위생관리 샤워도움포함, 가사지원 반찬준비와 청소,세탁과 정서지원 등 재가서비스
*근무일수: 주6일 18시간
*만근시 별도 주휴, 연차수당 지급
* 중중수당 지급",퇴직연금,고용보험 산재보험 건강보험 국민연금,2026-07-27,,8.0,5.0,18.0,7.4,20.0,7.0,65.4,C
H954202607271013,두드림방문요양센터,요양보호사 구인 - 동두천시,재가 간병인,무관,관계없음,상용직(시간제),시급 / 10320원 ,경기 동두천시102동,,(근무시간) (오전) 7시 00분 ~ (오전) 10시 00분,주6일근무,18,마감일 (2026-09-26),기타   ,기타   ,031-860-1730,,"3등급 여자 대상자

가사지원

시급 : 13,000(수당포함)",퇴직연금,고용보험 산재보험 건강보험 국민연금,2026-07-27,,6.5,5.0,18.0,7.4,20.0,7.0,63.9,C
H954202607270699,참조은재활요양원,요양보호사 모집,간병인(재가 제외),무관,관계없음,상용직,월급 / 240만원 ,경기 의정부시,,(근무시간) (오전) 9시 00분 ~ (오후) 6시 00분,주5일근무,40,마감일 (2026-09-26),방문   ,이력서   ,031-828-0921,노인요양시설,"지원문의: 031-852-8650

요양보호사 업무 및 서류 작성(케어포 프로그램)
입소어르신 전반적인 케어 .
* 경력직, 초보자 선생님 환영합니다.

09시~18시 
야간근무 18시~ 익일 9시
주주야야휴휴 패턴근무",퇴직연금,고용보험 산재보험 건강보험 국민연금,2026-07-27,,8.0,5.0,20.0,7.4,20.0,7.0,67.4,C
H954202607270759,가가호호방문요양센터,[방화동] 재가요양보호사 모집,재가 간병인,무관,관계없음,상용직(시간제),시급 / 10320원 ,서울 강서구.,,(근무시간) (오전) 9시 00분 ~ (정오) 12시 00분,주6일근무,18,마감일 (2026-09-26),방문 기타  ,기타   ,02-2607-8791,방문요양,"방화동, 방화6단지아파트

- 대상자 : 4등급 할아버지
- 근무내용 : 간단한 음식, 청소 등
- 근로시간 : 09:00~12:00/주6일
- 급여: 시급 10,320원 [포괄시급 13,000원]",퇴직연금,고용보험 산재보험 건강보험 국민연금,2026-07-27,,5.0,5.0,18.0,7.4,20.0,7.0,62.4,C
H954202607270805,세심요양원,시설 요양보호사 모집,간병인(재가 제외),무관,관계없음,상용직,월급 / 216만원 ,인천 미추홀구,,"주말근무 및 공휴일 근무  가능자
주간만 근무합니다. (오전)10시~(오후)7시 ",주5일근무,40,마감일 (2026-09-26),방문 고용24 입사지원  ,이력서   ,032-460-4940,노인장기요양보험 장기요양기관,"어르신의 전반적인 케어
요양원 내 청소/목욕/위생관리/기저귀 케어/산책/식사 수발",퇴직연금,고용보험 산재보험 건강보험 국민연금,2026-07-27,,6.5,5.0,20.0,7.4,20.0,7.0,65.9,C
H954202607270822,온유한요양원,온유한 요양원에서 요양보호사 선생님을 모십니다.(주야 2교대),간병인(재가 제외),무관,관계없음,상용직,월급 / 216만원 ,인천 미추홀구1층,,(근무시간) (오전) 8시 30분 ~ (오후) 6시 30분,주5일근무,40,마감일 (2026-09-26),방문   ,이력서   ,032-460-4940,노인요양기관,"요양 보호사 선생님 모십니다. 
어르신 케어에 마음을 다하시는 분이라면 경험자든 초보자든 상관없이 환영합니다.
많은 지원을 기다리겠습니다.

근무형태  주야간 교대 근무",퇴직연금,고용보험 산재보험 건강보험 국민연금,2026-07-27,,6.5,5.0,20.0,7.4,20.0,7.0,65.9,C
H954202607271693,갈현효요양원,시설요양보호사 채용,간병인(재가 제외),무관,관계없음,상용직,월급 / 235만원 ,서울 은평구갈현효요양원,,"근무시간: 주주야야휴휴
9:00~18:00(휴게시간: 12:30~13:30)
18:00~09:00(휴게시간: 19:",주5일근무,40,마감일 (2026-09-26),방문 우편 팩스 ,이력서 경력증명서 기타 ,02-389-2115,노인요양시설 (어르신 돌봄),"- 직무내용: 프로그램보조, 어르신돌봄, 물품관리 등
- 신입, 경력자 모두 지원가능
- 근무시간: 주주야야휴휴
9:00~18:00/18:00~09:00
- 급여: 2,350,000원이상~",퇴직연금,고용보험 산재보험 건강보험 국민연금,2026-07-27,,8.0,5.0,20.0,7.4,20.0,7.0,67.4,C
H954202607270675,안양효재활주간보호센터,대학동 현대아파트 인근 3등급 94세 남자어르신 주6일  하루8시간 10~18시,재가 간병인,무관,관계없음,상용직(시간제),시급 / 10320원 ,서울 관악구신동아파트,,(근무시간) (오전) 10시 00분 ~ (오후) 1시 00분,주6일근무,18,마감일 (2026-09-26),방문 고용24 입사지원  ,이력서   ,02-879-5773,"주간보호, 방문요양, 방문목욕","- 대       상 : 3등급 94세 남자 어르신
- 업무 시간 : 10:00~13:00 (월~토),  13:00~18:00(비급여) 총 8시간
- 어르신 상태 : 인지양호, 거동불편
- 주요 업무 : 기저귀케어. 가벼운 운동, 식사도움등 (취사 없음)
- 근무지 : 신림동 신동아파트
- 시 급 : 포괄시급 13,000원
- 기 타 : 동성 요양보호사 선호

자세한 내용은 전화 문의 주세요~",퇴직연금,고용보험 산재보험 건강보험 국민연금,2026-07-27,,11.5,5.0,18.0,7.4,20.0,7.0,68.9,C
H954202607270472,두손방문요양센터,녹양동  3등급 오후 재가 요양보호사 구인,재가 간병인,무관,관계없음,상용직(시간제),시급 / 10320원 ,경기 의정부시625-16,,(근무시간) (정오) 12시 00분 ~ (오후) 3시 00분,주6일근무,18,마감일 (2026-09-26),방문   ,이력서   ,031-850-5873,방문요양,"*  녹양동 성당  부근  오후 재가 요양보호사 구인 
*  3등급 할머니
*  일상생활가사지원 및  말벗
*  근무시간 : 오후 12시 ~ 15시  /주6일 /  시급) 13,000 (수당포함)
*  면접을 희망하시는 분은 담당자와  통화 후 진행하시기 바랍니다",퇴직연금,고용보험 산재보험 건강보험 국민연금,2026-07-27,,8.0,5.0,18.0,7.4,20.0,7.0,65.4,C
H954202607271557,나라개발시스템주식회사,행당동 서울숲삼부아파트  내부 미화원 모집,"건물 청소원(공공건물,아파트,사무실,병원,상가,공장 등)",무관,관계없음,계약직,월급 / 148만원 ,서울 성동구.,,"평일 09:00~15:00 / 휴게 1시간
토 09:00~12:00",주6일근무,28,마감일 (2026-09-26),방문   ,이력서   ,02-2063-6757,아파트 소독 및  청소,"[ 서울숲 삼부아파트  내부 미화원 모집 ]

- 아파트 내부 미화

- 근무시간 09:00~15:00 (휴게시간 1시간)
               09:00~12:00 (토요일)
- 주 6일

- 급여 1,479,890원

- 장애인복지카드 소지 우대",퇴직금,고용보험 산재보험 건강보험 국민연금,2026-07-27,,5.0,5.0,20.0,7.4,20.0,7.0,64.4,C
H954202607270435,행복노인복지센터,재가요양보호사 (구월동),재가 간병인,무관,관계없음,상용직(시간제),시급 / 10320원 ,인천 남동구.,,(근무시간) (오전) 9시 00분 ~ (정오) 12시 00분,주6일근무,18,마감일 (2026-09-26),방문   ,기타   ,032-469-1251,"방문요양,방문목욕,방문간호","* 4등급 여 어르신
- 근무시간 : 09:00~12:00 (주6일)
  (추가로 저녁 18:00~19:00 저녁식사 및 약복용 도와주길 희망함)
- 근 무 지 : 남촌로 67번길 (남촌동)
- 직무내용 : 전반적인 요양보호사 업무, 부축 및 복약 도움, 식사 등 집안일 지원
- 반려견, 반려묘 없음
- 채용담담자: 032-466-8890",퇴직연금,고용보험 산재보험 건강보험 국민연금,2026-07-27,,8.0,5.0,18.0,7.4,20.0,7.0,65.4,C
H954202607271575,(주)엔에스티,금속피막처리 자동차부품 코팅 생산직 사원 모집합니다.,도금·금속분무기 조작원,무관,관계없음,상용직,월급 / 216만원 ,경기 화성시(주)엔에스티,,(근무시간) (오전) 8시 30분 ~ (오후) 5시 30분,주5일근무,40,마감일 (2026-09-26),고용24 입사지원   ,이력서   ,031-290-0822,금속표면처리,자동차 부품 코팅 업체 입니다.,퇴직금,고용보험 산재보험 건강보험 국민연금,2026-07-27,,5.0,5.0,20.0,7.4,20.0,7.0,64.4,C
H954202607270278,BCC(주),생산관리 모집,제조·생산 관리자,신입,관계없음,상용직,최소연봉 / 3800만원 ,경기 화성시비씨씨(주),,(근무시간) (오전) 8시 30분 ~ (오후) 5시 30분,주5일근무,40,마감일 (2026-09-26),고용24 입사지원   ,이력서 자기소개서  ,031-290-0823,금속표면처리에 관한 약품제조 및 가공,"자동차부품 표면처리업체입니다

생산관리, 출하관리가 주업무입니다.",퇴직연금,고용보험 산재보험 건강보험 국민연금,2026-07-27,,9.5,6.2,20.0,7.4,20.0,7.0,70.1,B
H954202607271142,(주)태강,안전하고 효율적인 물류 운영을 책임질 3.5t 윙바디 운전원을 모집합니다.,화물차·특수차 운전원,무관,관계없음,상용직,월급 / 270만원 ,경기 용인시(주)태강,,(근무시간) (오전) 8시 00분 ~ (오후) 5시 00분,주5일근무,40,마감일 (2026-09-26),고용24 입사지원   ,이력서   ,031-289-2215,골판지,"자사 3.5t 화물 차량 탑차 운전 

지정된 거래처 및 납품처 물품 배송 및 하차 작업

배송 차량 상·하차 보조 및 차량 유지 관리(일일 점검, 청결 유지)",퇴직연금,고용보험 산재보험 건강보험 국민연금,2026-07-27,,6.5,5.0,20.0,7.4,20.0,7.0,65.9,C
H954202607270148,(주)명경수호,(만안구 경비) 안양아삼파워 건물 경비 구인,"건물 경비원(청사,학교,병원,상가,빌딩,공장 등)",무관,관계없음,계약직,시급 / 10320원 ,경기 안양시,,"평일: 18:00~08:00 (휴게시간 : 22:00~06:00) / 토, 공휴일 :08:00~익08:00 (휴게시간 11:0",기타,0,마감일 (2026-09-26),팩스   ,이력서 기타  ,031-8045-6915,시설경비업,"*경비 구인 (2명)
-회사 정문 출입인원 및 차량통제, 시설물 순찰, 화재 및 도난방지
(경비원 신임교육 이수증 필수)
- 급여: 937,000원
- 근무시간 (격일) :평일: 18:00~08:00 (휴게시간 : 22:00~06:00) / 토, 공휴일 :08:00~익08:00 (휴게시간 11:00~14:00 /17:00~21:00 /22:00~07:00 )
-근무지에서 가까운분 우대 
-(지원방법) 이메일 :jin26504@hanmail.com   / 팩스 :02-2694-1197",퇴직연금,고용보험 산재보험 건강보험 ,2026-07-27,,11.5,5.0,18.0,7.4,15.0,7.0,63.9,C
H954202607271814,일산도장,"도당동 분체도장 제조업 현장, 경력자를 구합니다.",금속제품 도장기 조작원,경력,관계없음,상용직,월급 / 300만원 ,경기 부천시1층,,"[근무시간]
월요일부터 토요일까지 09시부터 18시까지 (둘째, 넷째 토요일은",주5일근무,40,마감일 (2026-09-26),고용24 입사지원   ,이력서   ,032-320-8905,제조업,"[모집직무]
제조, 생산, 현장근무, 작업, 공정

[직무소개]
도당동 소재 분체도장 제조업체에서 현장직 경력자를 채용합니다. 


[주요업무]
- 분체도장 제조 공정 참여
- 시설 및 장비 관리

[근무시간]
월요일부터 토요일까지 09시부터 18시까지 (둘째, 넷째 토요일은 휴무/ 근무하는 토요일에는 수당 1.5배 별도 지급)",퇴직금,고용보험 산재보험 건강보험 국민연금,2026-07-27,,8.0,5.0,20.0,7.4,20.0,7.0,67.4,C
H954202607270823,주식회사프리테크,코팅 업무 경력직 모집,자동차 도장기 조작원,경력,관계없음,상용직,월급 / 300만원 ,인천 남동구,,(근무시간) (오전) 9시 00분 ~ (오후) 6시 00분,주5일근무,40,마감일 (2026-09-26),고용24 입사지원   ,이력서   ,032-460-4831,몰리브텐 코팅,"- 도장 스프레이 관련 업무
- 주5일/월300만원~350만원",퇴직연금,고용보험 산재보험 건강보험 국민연금,2026-07-27,,6.5,5.0,20.0,7.4,20.0,7.0,65.9,C
H954202607270269,퍼스트요양병원,요양병원 영양사 구인,영양사,무관,관계없음,상용직,최소연봉 / 2700만원 ,서울 도봉구,,(오전) 9시 00분~(오후) 6시 00분 (월요일 -금요일 ),주5일근무,40,마감일 (2026-09-26),방문 팩스 고용24 입사지원 기타,이력서   ,02-2171-1895,요양병원,영양사 발주 식단메뉴 등,퇴직금,고용보험 산재보험 건강보험 국민연금,2026-07-27,,5.0,5.0,20.0,7.4,20.0,7.0,64.4,C
H954202607270575,수원기독의원,수원기독호스피스에서 함께 일할 직원을 모집합니다. ,영양사,경력,관계없음,상용직,월급 / 250만원 ,경기 수원시,,(근무시간) (오전) 8시 30분 ~ (오후) 5시 30분,주5일근무,40,마감일 (2026-09-26),팩스 고용24 입사지원  ,이력서 자기소개서 졸업증명서 경력증명서,031-231-7906,보건업,"호스피스병원 입원 환자를 대상으로 맞춤형 영양관리 업무를 수행합니다. 
환자의 질환과 상태에 맞는 식단을 계획하고, 조리 과정과 섭취 상태를 모니터링하며,
필요 시 환자 및 보호자에게 여양 상담을 제공합니다. 

또한 병원 직원 급식과 관련된 업무를 관리하고,
의료진과 협력하여 환자의 영양 상태를 평가하고 개선 방안을 제시합니다. 

그 외 환자와 직원의 건강을 위한 영양 관련 업무 전반을 담당합니다.",퇴직연금,고용보험 산재보험 건강보험 국민연금,2026-07-27,,14.5,5.0,20.0,7.4,20.0,7.0,73.9,B
H954202607270643,(주) 온에이치알 (HR),골프장 클럽하우스 락카실 &amp; 미화 직원 모집,오락시설 서비스원,무관,관계없음,계약직,월급 / 230만원 ,경기 여주시남여주GC,,스케줄표 근무,주5일근무,40,마감일 (2026-09-26),방문 고용24 입사지원  ,이력서   ,031-740-6792,골프장 운영,"[모집직무]
오락시설 서비스원

[직무소개]
골프장 내 클럽하우스에서 고객에게 편안하고 즐거운 경험을 제공하는 락카실 및 미화 직원을 찾습니다.

[주요업무]
- 고객 맞이 및 안내
- 락카실 관리 및 물품 보관
- 클럽하우스 및 골프장 내 정리 청소",해당없음,고용보험 산재보험 건강보험 국민연금,2026-07-27,,8.0,5.0,20.0,6.2,20.0,7.0,66.2,C
H954202607270709,아산종합관리(주),관리원구인,경비원(건물 관리원),무관,관계없음,상용직,월급 / 259만원 ,서울 서대문구,,(근무시간) (오전) 6시 00분 ~ (오전) 6시 00분,주5일근무,40,마감일 (2026-09-26),방문 팩스  ,이력서   ,02-2077-3498,"공동주택 검침용역,용역경비업","* 홍은도아더프라임 건물관리원 업무
 
- 경비교육이수자, 소방안전관리1급 소지자 필수
- 급여:2,586,170

근무시간: 6:00~06:00(휴게:12:00~14:00, 18:00~20:00 / 23:00~06:00)
24시간 격일근무",퇴직금,고용보험 산재보험 건강보험 국민연금,2026-07-27,,8.0,5.0,20.0,7.4,20.0,7.0,67.4,C
H954202607271088,케이비엠주택관리,스카이프라자 건물 관리인 모집,경비원(건물 관리원),무관,관계없음,계약직,월급 / 169만원 ,경기 화성시,,(근무시간) (오후) 5시 30분 ~ (오후) 11시 00분,주6일근무,27,마감일 (2026-09-26),방문 기타  ,이력서   ,031-481-2930,"빌딩오피스텔 주택관리업,전기안전관리대행,경비업","- 건물관리업무
- 월~토 17:30~23:00  
- 급여 : 1,691,000원
- 경비원 신임교육이수증 우대",퇴직금,고용보험 산재보험 건강보험 국민연금,2026-07-27,,8.0,5.0,20.0,7.4,20.0,7.0,67.4,C
H954202607270761,하이리치자산관리(주),[초원한양]아파트 미화원 모집,"건물 청소원(공공건물,아파트,사무실,병원,상가,공장 등)",무관,관계없음,계약직,월급 / 161만원 ,경기 안양시초원한양,,"평일 8:00-15:00(휴게12:00-13:30)
토요 9:00-12:00",주6일근무,30,마감일 (2026-09-26),방문 고용24 입사지원  ,이력서   ,031-463-0743,건물시설관리,"-아파트 미화원 모집
-신주 있음
-평일5.5시간,토요3시간 근무
-월 1,614,360",퇴직연금,고용보험 산재보험 건강보험 국민연금,2026-07-27,,5.0,5.0,20.0,7.4,20.0,7.0,64.4,C
H954202607270801,땡큐재활주간보호센터,주간보호센터에서 함께 근무할 요양보호사 선생님을 모집합니다.,간병인(재가 제외),무관,관계없음,상용직,월급 / 216만원 - 면접 후 협의가능 ,경기 고양시삼우빌딩 4층,,(근무시간) (오전) 8시 30분 ~ (오후) 5시 30분,주5일근무,40,마감일 (2026-09-26),고용24 입사지원   ,이력서   ,031-920-3943,노인요양,"[모집직무]
요양보호사

[직무소개]
저희 센터는 노인들의 건강한 삶을 지원하고 함께 즐거운 시간을 보낼 수 있는 환경을 조성합니다.  본 직무는 주간보호센터에서 노인들에게 직접적인 케어를 제공하고 다양한 프로그램을 운영하는 역할입니다.

[주요업무]
- 노인들의 일상생활 지원 (식사, 목욕, 이동 등)
- 요양 및 건강 관리
- 주간 프로그램 계획 및 진행
- 센터 내 관리 및 청소
- 노인들의 상담 및 편안함 도모",퇴직금,산재보험 건강보험 국민연금 ,2026-07-27,,17.5,5.0,20.0,7.4,20.0,7.0,76.9,B
H954202607271308,유한책임회사 굿모닝대양,[도곡동] 프로정형외과 배식및 청소직원 채용,"건물 청소원(공공건물,아파트,사무실,병원,상가,공장 등)",무관,관계없음,계약직(시간제),월급 / 140만원 ,서울 강남구,,(근무시간) (오전) 6시 00분 ~ (오전) 10시 00분,주6일근무,20,마감일 (2026-09-26),방문   ,이력서   ,02-2155-8768,서비스,"- 병원 내 배식 및 청소 업무
- 근무시간: 평일:06:00~10:00/ 격주토: 08:30~11:30 (휴게 30분)
- 급여: 월 1,400,000원
- 문의 및 지원: 010-6261-0886",퇴직금,고용보험 산재보험 건강보험 국민연금,2026-07-27,,8.0,5.0,20.0,7.4,20.0,7.0,67.4,C
H954202607270866,우리행복 요양원,고마운 노인들에게 따뜻함을 나누세요: 요양보호사 채용,간병인(재가 제외),무관,관계없음,계약직,월급 / 227만원 ,경기 안성시우리행복요양원,,"*야간 최소 3번 이상 (협의가능)
-주간(오전) 9시 00분~(오후) 6시 00분 
-야간(",주5일근무,40,마감일 (2026-09-26),고용24 입사지원   ,이력서   ,031-686-1765,노인장기요양원,"[모집직무]
요양보호사(노인요양사), 요양보호사, 재가 요양보호사

[직무소개]
우리 회사는 따뜻한 마음으로 노인들을 돌보는 따뜻한 가족처럼 지지하고 격려하며 행복한 노후를 응원하는 기관입니다.  본 직무는 노인들의 일상생활을 지원하고, 건강과 안전을 지키는 역할을 수행합니다.

[주요업무]
- 노인들의 식사와 생활준비 지원
- 개인위생 관리 및 건강 상태 확인
- 취미활동 및 사회참여 지원
- 노인들의 안전을 위한 적극적인 감독
- 가족 및 관련 기관과의 소통",퇴직연금,고용보험 산재보험 건강보험 국민연금,2026-07-27,,16.0,5.0,20.0,7.4,20.0,7.0,75.4,B
H954202607271521,나엠테크(주),조경시설물 외 놀이터 제조_ 근면 성실 정직 하신 용접기공 모십니다.,용접 사상원 및 보조원,경력,관계없음,계약직,월급 / 350만원 - 면접 후 협의가능 ,경기 양주시.,,"8:00~17:00 (휴게시간 1시간)
격주 토요일근무 ",주6일근무,40,마감일 (2026-09-26),방문   ,이력서 자기소개서  ,031-849-2332,조경건설 시설물,"*놀이터,시설물 파고라,티하우스, 제조 공장입니다.
*격주토요일근무
*경력자 우대 합니다.
*CO2 용접 , 알곤 용접",퇴직금,고용보험 산재보험 건강보험 국민연금,2026-07-27,,5.0,5.0,20.0,7.4,20.0,7.0,64.4,C
H954202607271323,힐링재가복지센터," [수유3동 우체국뒤편 , 3등급 남 어르신 ] /재가요양보호사 구인",재가 간병인,무관,관계없음,계약직(시간제),시급 / 10320원 ,서울 강북구,,(근무시간) (오전) 9시 00분 ~ (정오) 12시 00분,주6일근무,18,마감일 (2026-09-26),방문   ,이력서   ,02-901-7249,방문요양,"- 직무내용 : 청소 정리정돈 샤워도움 등 일상생활지원
- 근무조건 : 09:00 ~ 12:00 , 16:30-18:00 비급여 / 주 6일 근무
- 포괄시급 : 13,100원 (기본:10,320원,주휴수당 등 포함) /비급여 시급15,000원",퇴직연금,고용보험 산재보험 건강보험 국민연금,2026-07-27,,6.5,5.0,18.0,7.4,20.0,7.0,63.9,C
H954202607271503,"은나무(요양원,단기보호),은파요양원",[은파요양원] 요양보호사 구인 : 주주야야휴휴 근무,간병인(재가 제외),무관,관계없음,계약직,월급 / 235만원 ,서울 동대문구해연빌딩 3층,,"주간 : 9시 ~ 18시 / 야간 : 18:00~ 익일 9시, 주주야야휴휴",주5일근무,40,마감일 (2026-09-26),방문 팩스 고용24 입사지원 ,이력서   ,070-4048-6712,요양서비스,"* 동대문구 답십리동 소재
* 시설요양보호사 < 2교대근무 : 주주야야휴휴 >
* 주간근무 : 9시~6시 / 야간근무 : 18:00 ~ 익일 09시
* 급여 : 235만원
* 문의 : 02-2212-3712",퇴직연금,고용보험 산재보험 건강보험 국민연금,2026-07-27,,5.0,5.0,20.0,7.4,20.0,7.0,64.4,C
H954202607271269,한울방문요양센터,[수유중앙시장 인근/ 4등급 남자/ 오전]  재가요양보호사 구인,재가 간병인,무관,관계없음,계약직(시간제),시급 / 10320원 ,서울 강북구수유중앙시장 인근,,(근무시간) (오전) 8시 30분 ~ (오전) 11시 30분,주6일근무,18,마감일 (2026-09-26),방문   ,기타   ,02-901-7247,"방문요양, 방문목욕  기타 재가관련업무","- 수유중앙시장 인근/ 4등급 남자
- 직무내용 : 가사 도움, 청소 등 일상 생활 지원 
- 근무조건 : 08:30~11:30/주 6일
- 포괄시급 : 13,100원 (기본:10,320원, 제 수당 등 포함) ",퇴직연금,고용보험 산재보험 건강보험 국민연금,2026-07-27,,6.5,5.0,18.0,7.4,20.0,7.0,63.9,C
H954202607271859,가원노인요양공동생활가정2호점,시설요양보호사 채용,간병인(재가 제외),무관,관계없음,계약직,월급 / 252만원 ,서울 도봉구 4층,,1일(09시-익일09시)근무 후 2일 휴무[퐁당당 근무제],주5일근무,40,마감일 (2026-09-26),방문   ,이력서   ,02-2091-2923,노인요양공동생활가정,"공동생활가정 입소 어르신(9명) 케어
- 1일(09시-익일09시)근무 후 2일 휴무[퐁당당 근무제] 
- 월급여 2,522,730원
- 식사제공, 생일축하금, 애경사비, 명절떡값",퇴직연금,고용보험 산재보험 건강보험 국민연금,2026-07-27,,5.0,5.0,20.0,7.4,20.0,7.0,64.4,C
H954202607271836,보은재가복지센터,4등급 90세 여자어르신 입주 요양사 구인,재가 간병인,무관,관계없음,상용직,시급 / 10320원 ,경기 남양주시.,,(근무시간) (오전) 9시 00분 ~ (정오) 12시 00분,주6일근무,,마감일 (2026-09-26),방문 고용24 입사지원  ,이력서 경력증명서  ,02-2171-1744,"재가복지, 요양사파견, 공단업무대행","4등급 90세 여자어르신 입주 요양 업무 입니다
주1회 휴무
공단시간 시급은 기타수당 포함 13,000원",퇴직연금,고용보험 산재보험 건강보험 ,2026-07-27,,6.5,5.0,18.0,7.4,16.0,7.0,59.9,C
H954202607271426,대현케어재가센터,여주 금사면 요양보호사 구합니다.,재가 간병인,무관,관계없음,상용직,시급 / 10320원 ,경기 여주시,,(근무시간) (오전) 10시 00분 ~ (오후) 1시 00분,주6일근무,,마감일 (2026-09-26),기타   ,기타   ,032-540-2078,재가,"어르신댁 청소해주시고, 냉장고청소 및 주방청소 해주시면 됩니다. (주로 청소 위주로)
화장실까지 혼자서 이동가능하십니다. 병원동행 및 산책 매일 해주시면 됩니다.
어르신께서 하시는 일을 많지는 않지만 도와주셨으면 좋겠습니다.

근무시간 : 월~토 10:00~13:00(월 78시간)
시급 : 13,170원( 10,320원 + 제수당 포함 ), 교통비 지급

4대보험 및 퇴직연금 적용",퇴직연금,고용보험 산재보험 건강보험 국민연금,2026-07-27,,10.0,5.0,18.0,7.4,16.0,7.0,63.4,C
H954202607271254,(주)드림종합건물관리,[ 별내동 ] 삼광프라자 건물관리원 구인 ,경비원(건물 관리원),경력,관계없음,계약직,월급 / 185만원 ,경기 남양주시,,- 격일 07:00~익일 07:00 (휴게 18:00~20:30 / 22:30~06:00),기타,40,마감일 (2026-09-26),방문 기타  ,이력서   ,031-590-2346,"서비스업, 건물관리 및 건물청소관리","- 건물관리 및 청결유지 업무
- 격일 07:00~익일 07:00 (휴게 18:00~20:30 / 22:30~06:00)
- 월 185만원
- 담당자: 010-6264-9346",퇴직연금,고용보험 산재보험 건강보험 국민연금,2026-07-27,,9.5,6.2,20.0,7.4,15.0,7.0,65.1,C
H954202607270353,(주)태백관리,고려빌딩 상가 미화원 모집,"건물 청소원(공공건물,아파트,사무실,병원,상가,공장 등)",무관,관계없음,상용직,월급 / 166만원 ,서울 노원구,,(근무시간) (오전) 8시 00분 ~ (오후) 3시 30분 / 토요일  : 08:00-12:00,주6일근무,30,마감일 (2026-09-26),팩스   ,이력서   ,02-2116-3502,건물관리,"[직무소개]
고려빌딩은 노원구 상계동에 위치한 건물입니다.  건물 내 공용 구역의 청소를 담당하는 미화원을 모집합니다.

[주요업무]
- 상가 공용부 청소 

[근무시간]
- 평  일(08:00 ~ 15:30) , 토요일(08:00 ~ 12:00) 
[휴게시간]
-11:00 ~ 13:00 (2시간)
급여 : 월 1,661,000원
제출서류 : 이력서
접수방법 : 팩스(031-843-7749)지원
문의 : 070-4603-1921
**팩스지원 후 업체에서 면접자 선정하여 개별연락 하실 겁니다.**",퇴직연금,고용보험 산재보험 건강보험 국민연금,2026-07-27,,14.5,5.0,20.0,7.4,20.0,7.0,73.9,B
H954202607271745,주식회사 씨엔오컨설팅,"단순 섭외 업무 아웃바운드 TM 모집 - 정규직,기본급+인센티브 지급",소규모 매장점장(매장매니저·매장슈퍼바이저),무관,관계없음,상용직,최소연봉 / 2600만원 ,서울 서초구CNO컨설팅,,(근무시간) (오전) 9시 00분 ~ (오후) 6시 00분,주5일근무,40,마감일 (2026-09-26),방문 고용24 입사지원  ,이력서 자기소개서  ,02-580-4917,"경영컨설팅, 사업경영 및 관리자문, 중재 및 공공관계 서비스","㈜씨엔오컨설팅 
전화상담사(스케줄 섭외업무) 아웃바운드 TM 모집 - 정규직, 4대보험  급여+인센티브 제공
㈜씨엔오컨설팅은 2009년에 설립된 회사로 사원수 5명 규모의 중소기업입니다. 서울 서초구 바우뫼로 35길 6, 2층 (양재동, 삼두빌딩)에 위치하고 있으며, 경영컨설팅업, 사업경영 및 관리자문, 중재 및 공공관계 서비스을 하고 있습니다.

★모집분야 및 자격요건★
모집분야 : 섭외 업무 TM 업무
학력 : 학력무관
경력 : 경력무관
우대조건 : 유관업무 경험자(인턴 등), 유관업무 경력자, 즉시출근 가능자 
모집인원 : 2명

업무내용 : 개인사업자 및 법인사업자를 대상으로 정부정책자금 등에 대한 안내를 하여
전문위원님들이 방문상담을 할 수 있도록 상담일정을 잡아주시는 업무입니다.
가족같은 분위기로 하나부터 열까지 다 알려 드리고 있으니 간단한 블로그 작업 가능한 분이라면 지원하세요.

기본급 외에도 인센티브제를 통해 쉽게 도전해서 큰 성과를 얻어가실 수 있습니다. 

서로 아끼는 마음으로 오랫동안 함께 하실분이라면 환영합니다!

근무조건

근무형태 : 정규직(수습:1개월)

근무지 : 서울 > 서초구 > 양재동

근무요일 : 주5일

근무시간 : 09시 00분 ~ 18시 00분, 탄력근무제 가능

급여 : 연봉 2,600만원 + 인센티브(면접 후 결정)


전형절차


서류전형 > 1차면접 > 최종합격 

※ 면접일정은 추후 통보됩니다.
 



접수방법 : 고용24 입사지원 접수 

이력서 : 고용24이력서 
 


제출서류  - 이력서, 자기소개서 제출 
 


기타사항 - 허위사실이 발견될 경우 채용이 취소될 수 있습니다.",퇴직금,고용보험 산재보험 건강보험 국민연금,2026-07-27,,16.0,7.4,20.0,7.4,20.0,7.0,77.8,B
H954202607271123,주식회사더꽃게하우스,[주6일/330만원] 주방보조 모집 ,주방 보조원(일반 음식점),무관,관계없음,상용직,월급 / 330만원 ,인천 부평구,,"평일: 12:00~22:00 / 주말 및 공휴일 : 11:00~22:00
(휴게시간 120분) ",주6일근무,40,마감일 (2026-09-26),고용24 입사지원   ,이력서   ,032-540-5808,수산물 유통 및 오프라인 매장 운영,"직무내용
식재료 전처리 및 조리 보조
식자재 및 재고 관리
주방 위생관리 및 청결 유지
설거지 및 주방 정리
기타 주방 운영 관련 업무

자격요건
학력 및 경력 무관(신입 지원 가능)
성실하고 책임감 있는 분
위생관념이 철저한 분
장기근무 가능하신 분

우대사항
장기근무자 우대",퇴직금,고용보험 산재보험 건강보험 국민연금,2026-07-27,,14.0,5.0,20.0,7.4,20.0,7.0,73.4,B
H954202607271879,뉴알케이(주),전자칠판 및 LED 전광판 설치 및 유지보수 전문가를 모집합니다.,방송장비 설치·수리원,무관,관계없음,상용직,월급 / 300만원 ,경기 부천시402동 1205호,,(근무시간) (오전) 9시 00분 ~ (오후) 6시 00분,주5일근무,40,마감일 (2026-09-26),고용24 입사지원   ,이력서 자기소개서  ,032-320-8902,학교 기자재 납품 및 설치,"[모집직무]
전자칠판 및 LED 전광판 설치 및 AS

[직무소개]
전자칠판과 LED 전광판 설치 및 AS 지원 업무를 책임지실 사람을 찾고 있습니다.
거래처가 학교여서 방학 기간에는 주말 근무 발생(대체휴무 못 쓰는 경우 수당 지급)
회사차량으로 현장 방문을 해야해서 운전면허가 있어야합니다

[주요업무]
- 전자칠판 및 LED 전광판 설치
- 설치 후 테스트 및 점검
- 설비 정비 및 유지보수",퇴직연금,고용보험 산재보험 건강보험 국민연금,2026-07-27,,14.5,5.0,20.0,7.4,20.0,7.0,73.9,B
H954202607271413,평안드림재가노인복지센터,효성사거리 농협 부근 재가요양보호사 모집,재가 간병인,경력,관계없음,상용직(시간제),시급 / 10320원 ,인천 계양구상세 주소 미공개,,(근무시간) (오후) 1시 00분 ~ (오후) 4시 00분,주6일근무,18,마감일 (2026-09-26),방문   ,이력서   ,032-546-5057,어르신 방문요양 서비스,"- 케어대상 : 3등급 할머니
- 근무시간 : 13:00 ~ 16:00 [오후], 주 6일
- 급여 : 13,000원(주휴, 연차수당 포함)
- 근무내용 : 이동 도움, 이동변기 사용, 식사 준비, 청소, 목욕 등
- 채용담당자 : 박은자 센터장 010-5175-7238",퇴직금,고용보험 산재보험 건강보험 국민연금,2026-07-27,,6.5,6.2,18.0,7.4,20.0,7.0,65.1,C
H954202607271270,[어르신]모시는사람들,"[봉천동아아파트] 3등급 여자어르신, 독거,  오전 (09:00~12:00), 주 6일",재가 간병인,경력,관계없음,상용직(시간제),시급 / 10320원 ,서울 관악구202동,,(근무시간) (오전) 9시 00분 ~ (정오) 12시 00분,주6일근무,18,마감일 (2026-09-26),방문   ,기타   ,02-879-5045,장기요양 재가기관,"[봉천동아아파트] 3등급 여자어르신, 독거, 
 - 근무시간:  오전 (09:00~12:00), 주 6일 [08:40~11:40로도 변경 가능]
 - 직무: 약복용도움 및 일상생활도움
 - 시급: 13,600원(주휴수당, 연차수당 포함)",퇴직금,고용보험 산재보험 건강보험 국민연금,2026-07-27,,5.0,5.0,18.0,7.4,20.0,7.0,62.4,C
H954202607271717,태진자산관리(주),이마트에브리데이 이수점 오픈조 미화원 구인,"건물 청소원(공공건물,아파트,사무실,병원,상가,공장 등)",무관,관계없음,계약직,월급 / 213만원 ,서울 동작구이마트에브리데이 이수점,,"1.근무시간 
   오픈조 : 08시~16시  


2. 휴무일 (월6회)
    매주 1회 휴무
 ",주5일근무,36,마감일 (2026-09-26),방문 고용24 입사지원  ,이력서   ,02-2047-9922,건물관리,"1.업무내용: 매장 청결 유지 및 청소 
                  화장실 각1개 (남. 여) 관리, 매장 바닥 관리, 쓰레기 수거 등

2.근무요일: 주6일 근무자: 월6회 휴무 -  매 월 대형매장 의무휴업일(둘째,넷째 일요일)  월 2번 휴무
                                                        매 주 평일 1회 휴무 
                   

3. 근무시간: 오픈조 08시~16시",퇴직연금,고용보험 산재보험 건강보험 국민연금,2026-07-27,,13.0,5.0,20.0,7.4,20.0,7.0,72.4,B
H954202607270447,물빛데이케어센터,물빛데이케어센터 요양보호사 모십니다.,간병인(재가 제외),신입,관계없음,상용직,월급 / 216만원 ,서울 은평구,,(근무시간) (오전) 9시 00분 ~ (오후) 6시 00분,주5일근무,40,마감일 (2026-09-26),고용24 입사지원   ,이력서   ,02-2077-3472,재가노인복지시설,"1. 모집분야 : 요양보호사

2. 모집기간 : 2026.08.01~2026.08.31
  - 지원 순서대로 면접 진행 및 적임자 채용
   * 조기 마감될 수 있음

3. 모집인원 : 요양보호사 1명

4. 응시자격 
  - 요양보호사 자격증 소유자

  - 경력 및 연령 : 무관
   * 운전가능자 우대
   * 인근거주자 우대
   * 엑셀 및 한글 사용자 우대

5. 담당 업무
  - 요양보호사 : 요양보호사 업무, 송영, 송영보조
 
6. 근무지역 : 서울특별시 은평구 수색로 256 2층

7. 채용형태 : 정규직

8. 근무시간 : 09:00~18:00
                   08:00 ~ 17:00
                  10:00 ~ 19:00  교대근무
   * 토요일 근무 시 주중 1일 휴무
   * 근무시간 조정 가능

9. 급여 : 2,160,000원 (면접 후 협의 결정)

10. 제출서류 
 - 이력서, 자격증 사본

11. 접수방법 : 고용24(워크넷)",퇴직연금,고용보험 산재보험 건강보험 국민연금,2026-07-27,,14.5,5.0,20.0,7.4,20.0,7.0,73.9,B
H954202607271198,으뜸노인복지센터,요양보호사 1급 자격증 소지자 모집,재가 간병인,경력,관계없음,상용직(시간제),시급 / 10320원 ,경기 고양시4층,,(근무시간) (오전) 11시 00분 ~ (오후) 3시 00분,주6일근무,24,마감일 (2026-09-26),고용24 입사지원   ,이력서   ,031-860-0433,방문복지서비스업,"- 2등급, 72세 남자어르신

- 시간 조정 가능
- 차량소지자 우대
- 
[요양지원 > 일상생활수행지원]
- 인지지원, 일상생활함께하기
- 급여 13,500 : 10,320원 + 주휴수당( 중증수당 1일6,000원)",퇴직금,고용보험 산재보험 건강보험 국민연금,2026-07-27,,6.5,5.0,18.0,7.4,20.0,7.0,63.9,C
H954202607270757,주식회사 금속을더하다,생산직원 모집합니다,용접 사상원 및 보조원,신입,관계없음,상용직,시급 / 10500원 - 면접 후 협의가능 ,경기 파주시,,(근무시간) (오전) 8시 00분 ~ (오후) 5시 00분,주5일근무,,마감일 (2026-09-26),고용24 입사지원   ,이력서   ,031-860-0433,금속가구,"금속가구 및 금속인테리어 제조공장에
제품제작 보조 및 용접사상작업 및 포장업무입니다",퇴직금,고용보험 산재보험 건강보험 국민연금,2026-07-27,,6.5,5.0,18.0,7.4,16.0,7.0,59.9,C
H954202607271640,(주)금강엔터프라이즈,아침 파트타임 4시간 사무실 청소원 모집 ,"건물 청소원(공공건물,아파트,사무실,병원,상가,공장 등)",무관,관계없음,계약직,월급 / 128만원 ,"서울 용산구더엠빌딩3층, 4층, 5층",,(근무시간) (오전) 7시 00분 ~ (오전) 11시 00분,주5일근무,17,마감일 (2026-09-26),   ,이력서 자기소개서  ,02-2077-3408,인테리어,"[모집직무]
건물 사무실 청소원

[직무소개]
금강엔터프라이즈는 40년간 인간과 환경을 중심으로 쾌적하고 실용적인 공간을 추구해왔습니다. 우리는 아침 시간대에 활약하는 사무실 청소원을 통해 직원들의 업무 환경을 더욱 향상시키고자 합니다.

[주요업무]
- 사무실 내 계단, 복도, 화장실 청소 및 관리
- 옥상 청소 및 유지
- 청소 도구 관리 및 보관",퇴직연금,고용보험 산재보험 건강보험 국민연금,2026-07-27,,9.5,5.0,20.0,7.4,20.0,4.0,65.9,C
H954202607271306,유한책임회사 화이트시스템,[ 신내동 ] 신내9단지아파트 실내 미화원 구인,"건물 청소원(공공건물,아파트,사무실,병원,상가,공장 등)",무관,관계없음,계약직,월급 / 148만원 ,서울 중랑구,,(근무시간) (오전) 9시 00분 ~ (오후) 3시 30분,주5일근무,27,마감일 (2026-09-26),방문 기타  ,이력서   ,02-2094-2244,"건물관리(미화),시설경비(경비)","[ 신내동 ] 신내9단지아파트 실내 미화원

- 신주없음, 복도 샷시 없음

- 09:00~15:30 / 주5일 (휴게시간:11:40~13:00)

- 월 1,479,890원 


-채용담당자:010-4779-9033",퇴직연금,고용보험 산재보험 건강보험 국민연금,2026-07-27,,6.5,5.0,20.0,7.4,20.0,7.0,65.9,C
H954202607271044,(주)지성이엔지,판교 스카이파크호텔 시설기계과장 모집,보일러 설치·정비원,경력,관계없음,상용직,월급 / 370만원 ,경기 성남시B5 시설관리사무소,,(근무시간) (오전) 9시 00분 ~ (오후) 6시 00분,주5일근무,40,마감일 (2026-09-26),방문 고용24 입사지원  ,이력서   ,02-2047-9925,건물종합관리,"담당업무 : 스카이파크호텔 시설관리과장
                -냉난방시설관리, 전기시설영선관리, 객실시설물관리
근무기간 : 월~금 (주5일)
근무시간 : 주간근무 (09:00~18:00/점심 1시간 휴무)


관련경력 : 1년이상",퇴직연금,고용보험 산재보험 건강보험 국민연금,2026-07-27,,9.5,5.0,20.0,7.4,20.0,7.0,68.9,C
H954202607270162,애슬런트,환경인허가 및 기술인력 채용 공고,,경력,관계없음,계약직,최소연봉 / 3000만원 ,경기 시흥시502호(미래빌딩),,(근무시간) (오전) 9시 00분 ~ (오후) 6시 00분,주5일근무,40,마감일 (2026-09-26),고용24 입사지원   ,이력서 자기소개서  ,031-412-6918,"통합환경허가, 화학사고예방관리계획서, 공정안전보고서, 환경컨설팅, 환","[모집직무]
환경 컨설턴트, 환경 인허가 전문가, 환경 시설 설계, 환경 관리 전문가, 환경 시스템 엔지니어, 환경 연구원

[직무소개]
우리 회사는 환경 분야에서 다양한 서비스를 제공하는 기업입니다. 다양한 환경 규제와 인허가 관련 업무를 수행하며, 환경 오염 방지 시설 설계 및 관리에도 전문성을 갖추고 있습니다.

1) 직무 구분
    직무1 : 환경인허가(대기, 수질, 폐기물 외)
               통합환경관리 인허가 업무
               화학물질관리법 인허가(화방서작성 외)
               유해위험방지계획서 업무
               환경경영컨설팅 업무
               관할 지자체 및 유역(지방)환경청 등 대관업무

    직무2 : 환경오염방지시설 설계, 시공, 관리업무
               환경오염방지시설 연구용역 수행
               방지시설 지원사업 서류작성


2) 우대사항 : 
       환경공학, 화학공학, 공학계열 졸업자
       공학관련자격증 소지(대기,수질환경, 폐기물처리, 화공, 산업위생관리 등)
       OA(CAD 2D, 3D 등) 자격증
       환경인증관련 경험자


필수 : 해당업무 경력 1년 이상",퇴직금,고용보험 산재보험 건강보험 국민연금,2026-07-27,,17.5,5.0,20.0,7.4,20.0,7.0,76.9,B
H954202607271120,으뜸노인복지센터,요양보호사 1급 자격증 소지자 모집,재가 간병인,경력,관계없음,상용직(시간제),시급 / 10320원 - 면접 후 협의가능 ,경기 파주시1층,,(근무시간) (오전) 9시 00분 ~ (정오) 12시 00분,주6일근무,18,마감일 (2026-09-26),고용24 입사지원   ,이력서   ,031-860-0433,방문복지서비스업,"- 5등급, 87세 여자어르신

- 시간 조정 가능
- 차량소지자 우대
- 치매교육이수자 필수

[요양지원 > 일상생활수행지원]
- 인지지원, 일상생활함께하기
- 급여 13,500 : 10,320원 + 주휴수당",퇴직금,고용보험 산재보험 건강보험 국민연금,2026-07-27,,6.5,5.0,18.0,7.4,20.0,7.0,63.9,C
H954202607270528,골드필드주간보호센터,골드필드 주간보호센터에서 따뜻한 요양보호사 선생님을 모십니다.,간병인(재가 제외),경력,관계없음,상용직,월급 / 216만원 ,경기 양주시골드필드주간보호센터,,(근무시간) (오전) 9시 00분 ~ (오후) 6시 00분,주5일근무,40,마감일 (2026-09-26),   ,이력서   ,031-849-2332,요양기관,"[직무소개]
골드필드 주간보호센터는 4월에 오픈한 신설기관으로 어르신들의 건강과 삶의 질을 향상시키기 위해 노력하고 있습니다.  본 직무는 노인들의 일상생활을 지원하고 안정적인 환경을 제공하는 역할을 담당합니다.

[주요업무]
- 노인들의 식사 및 목욕 지원
- 일상생활 활동 돕기
- 사회활동 및 여가활동 프로그램 참여 지원
- 노인 대상 대화 및 정서적 안정 제공",퇴직연금,고용보험 산재보험 건강보험 국민연금,2026-07-27,,16.0,5.0,20.0,7.4,20.0,4.0,72.4,B
H954202607270949,미소요양원,(급구!!!)미소요양원 주간 요양보호사 선생님을 모십니다.,간병인(재가 제외),경력,관계없음,상용직,월급 / 216만원 ,경기 파주시,,(근무시간) (오전) 9시 00분 ~ (오후) 6시 00분,주5일근무,40,마감일 (2026-09-26),방문 고용24 입사지원  ,이력서   ,031-860-0411,노인복지시설,"요양원 입소 어르신의 일상생활 지원 및 신체활동 지원 업무를 담당할 주간 요양보호사 선생님을 모집합니다.

어르신 식사 도움 및 수분 섭취 도움

어르신 배설 케어 및 기저귀 교체

어르신 이동 도움 및 휠체어 이동 보조

침상 정리 및 생활실 환경 정리

목욕, 세면, 구강관리 등 개인위생 도움

체위변경 및 욕창 예방을 위한 기본 케어

낙상 예방을 위한 이동 시 지켜보기 및 안전관리

프로그램 참여 보조 및 정서적 말벗 지원

어르신 상태 변화 관찰 및 담당자에게 보고",퇴직연금,고용보험 산재보험 건강보험 국민연금,2026-07-27,,17.5,5.0,20.0,7.4,20.0,7.0,76.9,B
H954202607270776,안양방문요양센터,(안양8동) 방문요양보호사 구인 ,재가 간병인,경력,관계없음,상용직(시간제),시급 / 10320원 ,경기 안양시-,,(근무시간) (정오) 12시 00분 ~ (오후) 3시 00분,주6일근무,18,마감일 (2026-09-26),방문 고용24 입사지원  ,이력서 기타  ,031-463-0743,"방문요양, 방문목욕","- 대상자 : 여자, 83세, 4등급
- 어르신 상태 :  초기 치매, 낙상으로 보행 불편
- 근무장소 : 성결대학로46번길 (삼아연립)
- 근무시간 : 월~ 토, 12:00~15:00(3시간, 시간 변경 가능)
- 시급 : 13,000원 이상 (연차수당 및 주휴수당 포함)
- 근무형태 : 주6일 근무
- 직무내용 : 식사 준비, 가사지원, 병원동행, 말벗
- 자격면허 : 요양보호사1급",퇴직금,고용보험 산재보험 건강보험 국민연금,2026-07-27,,11.5,5.0,18.0,7.4,20.0,7.0,68.9,C
H954202607271119,아리아케어 주야간보호 계산센터,주간보호센터 요양보호사 구인,간병인(재가 제외),경력,관계없음,상용직,월급 / 216만원 ,인천 계양구4층 (계산동 예일아트빌),,(근무시간) (오전) 8시 30분 ~ (오후) 5시 30분,주5일근무,40,마감일 (2026-09-26),팩스   ,이력서   ,032-450-5528,재가 장기 요양,"<< 주간보호센터 요양 보호사 구인 >> 

* 직무내용 : 주간보호센터 수급자 케어, 수급자 관리, 프로그램 보조 송영 업무
* 근무시간 : 8시 30분 ~ 17시 30분 (휴게시간 12시 ~13시) 
* 근 무 일  : 주5일 / 40시간 스케줄 근무/ (월~토) 토요일 격주 근무 (평일 대체휴무)  
* 자동차 운전면허 2종 이상 필수
* 월급 : 2,160,000원 ",퇴직연금,고용보험 산재보험 건강보험 국민연금,2026-07-27,,13.0,5.0,20.0,7.4,20.0,7.0,72.4,B
H954202607270423,(주)굿모닝노인복지센터,[여수동] 센트럴타운 3등급  할머니 케어,요양 보호사 및 간병인,무관,관계없음,상용직(시간제),시급 / 10320원 ,경기 성남시센트럴타운,,(근무시간) (오후) 4시 00분 ~ (오후) 7시 00분,주5일근무,15,마감일 (2026-09-26),방문 기타  ,기타   ,031-729-7419,재가노인복지,"- 주5일근무, 16:00~19:00(15:30~18:30 가능)
- 시급 13000원(기타수당 등 포함)
- 일상생활지원 등


* 실제 서비스 제공기간에 따라 임금을 계산하여 지급하는 형태로 채용 시 근로자마다 주 소정근로시간이나 임금, 근무(예정)지 등에 차이가 있을 수 있음",퇴직금,고용보험 산재보험 건강보험 국민연금,2026-07-27,,6.5,5.0,18.0,7.4,20.0,7.0,63.9,C
H954202607270749,안양방문요양센터,(안양동 남부시장) 방문요양보호사  구인,재가 간병인,경력,관계없음,상용직(시간제),시급 / 10320원 ,경기 안양시151 SD타워,,(근무시간) (오전) 8시 00분 ~ (오전) 11시 00분,주6일근무,18,마감일 (2026-09-26),방문 고용24 입사지원  ,이력서   ,031-463-0743,"방문요양, 방문목욕","- 대상자 : 여자, 84세, 4등급, 독거어르신
- 근무장소 : 안양로 268번길 18, 151 SD타워 (안양제일교회 뒤, 남부시장)
- 근무시간  : 월~토요일, 08:00~11:00(3시간)
- 시급 : 13,000원 이상 (주휴수당, 연차수당 포함)
- 직무내용 : 식사 준비, 가사 및 일상생활지원",퇴직금,고용보험 산재보험 건강보험 국민연금,2026-07-27,,6.5,5.0,18.0,7.4,20.0,7.0,63.9,C
H954202607270875,삼부정밀(주),품질 관리 및 서류 작성 전문가를 찾습니다.,,경력,관계없음,상용직,최소연봉 / 3200만원 ,경기 화성시B동,,(근무시간) (오전) 8시 30분 ~ (오후) 5시 30분,주5일근무,40,마감일 (2026-09-26),방문 팩스 고용24 입사지원 ,이력서 졸업증명서 경력증명서 ,031-290-0823,자동차부품,"[모집직무]
품질 관리, 인증 문서, 보고서 작성,  의사소통

[직무소개]
우리 회사는 고품질 제품과 서비스를 제공하기 위해 끊임없이 노력하고 있습니다. 
본 직무는 품질 관리 프로세스를 수행하고 관련 서류를 작성하여 기업의 운영 효율성을 높이는 데 기여합니다.

[주요 업무]

- 품질관리
- 검사 및 성적서 작성
- 품질 관련 업체 대응(선별 등)
- 불량 검사
- SQ(협력사 품질 보증) 서류 업무

*운전면허 필수*",퇴직연금,고용보험 산재보험 건강보험 국민연금,2026-07-27,,16.0,5.0,20.0,7.4,20.0,7.0,75.4,B
H954202607271182,(주)케이에프앤에스,[KT우면연구개발센터] 미화직원 모집,"건물 청소원(공공건물,아파트,사무실,병원,상가,공장 등)",무관,관계없음,계약직,월급 / 216만원 ,서울 서초구....,,(근무시간) (오전) 6시 30분 ~ (오후) 4시 00분,주5일근무,40,마감일 (2026-09-26),방문 기타  ,이력서   ,02-2155-8767,시설 보안 미화,"- KT우면연구개발센터 미화
- 근무시간 : 06:30~16:00 /주5일근무
- 휴게시간 : 09:00~09:30
- 점심시간 : 12:00~13:00
- 급여 : 월 2,156,880원
- 지원 : 010-2888-8443
- 교통 : 양재역 외에 4호선 선바위역에서 마을버스18번/과천 안양 등 4호선 라인 

유의사항

ㆍ 입사지원 서류에 허위사실이 발견될 경우, 채용확정 이후라도 채용이 취소될 수 있습니다.

□ 채용서류 반환 관련(「채용절차의 공정화에 관한 법률」 제11조)
 - 구직자는 채용 여부가 확정된 날로부터 14일 이내에 채용서류 반환을 청구할 수 있으며, 본인 확인 절차를 거친 후 반환해 드립니다.
 - 반환 청구는 채용공고에 기재된 담당자 이메일 또는 연락처를 통해 신청하실 수 있습니다.
 - 홈페이지, 이메일 등 전자적 방법으로 제출된 서류 또는 구직자가 당사 요구없이 자발적으로 제출한 서류는 반환 대상에서 제외됩니다.

□  채용서류의 파기
 채용서류 반환 청구 기간이(180일) 경과한 경우,「개인정보 보호법」등 관련 법령에 따라 해당 서류를 안전하게 파기합니다.
 관련 법령 준수를 위해 반드시 반영하여 주시기 바라며, 협조에 감사드립니다.",퇴직연금,고용보험 산재보험 건강보험 국민연금,2026-07-27,,14.5,5.0,20.0,7.4,20.0,7.0,73.9,B
H954202607271384,명신토건,[명신토건]건설현장(토목) 경력직(정규직),건설·채굴 단순 종사원,경력,관계없음,상용직,최소연봉 / 6000만원 ,경기 남양주시211호,,"평일 (오전) 7시 30분~(오후) 4시 30분
격주 토요일 휴무 (월 2회)
협의 가능",주6일근무,40,마감일 (2026-09-26),고용24 입사지원   ,이력서 자기소개서 경력증명서 ,031-560-1965,"토공사업,건설업","* 토목 현장 관리 [서울 및 수도권 현장] 경력자

* 차장,부장,소장,이사

* 공무(견적), 캐드, 측량
 
*경력증명서 필히 첨부요함.
* 우대 사항
관련 자격증 보유자 

격주 토요일 휴무 (월 2회)",퇴직금,고용보험 산재보험 건강보험 국민연금,2026-07-27,,6.5,5.0,20.0,7.4,20.0,7.0,65.9,C
H954202607270292,온누리종합복지센터,[안양 관양동]주간보호센터 요양보호사 구인,요양 보호사 및 간병인,무관,관계없음,상용직,월급 / 220만원 ,경기 안양시,,(근무시간) (오전) 9시 00분 ~ (오후) 6시 00분,주5일근무,40,마감일 (2026-09-26),방문 고용24 입사지원 기타 ,이력서 기타  ,031-463-0743,방문 요양,"[온누리재활주야간보호센터 요양보호사] 

- 관양사거리 위치
- 주간보호센터내 요양보호사 업무
- 운전가능자 
- 주5일 / 9:00~18:00 (휴게 1시간) 협의가능
- 월 220 만원 (식대포함)
- 주간보호센터 근무 경력자 우대
- 요양보호사 자격증 소지자 (필수)",퇴직금,고용보험 산재보험 건강보험 국민연금,2026-07-27,,6.5,5.0,20.0,7.4,20.0,7.0,65.9,C
H954202607271827,게비온블럭(주),기계설계및설비 경력자,기타 용접원,경력,고등학교,계약직,최소연봉 / 3600만원 ,경기 여주시연양동 게비온블럭(주),,"월~금  :  오전 7시30분~오후5시 30분   휴계시간 2시간

토요일 격주근무",주5일근무,45,마감일 (2026-09-26),방문   ,이력서 자기소개서 졸업증명서 경력증명서,031-740-6792,게비온(돌망태)블럭 완제품 제조 생산.판매,1. 생산설비 설계가능하신분,퇴직금,고용보험 산재보험 건강보험 국민연금,2026-07-27,,5.0,7.4,20.0,7.4,20.0,7.0,66.8,C
H954202607271216,주식회사 은성전자,PBA업체 납땜 경력자 모집,납땜원,경력,관계없음,상용직,시급 / 10320원 ,경기 평택시,,(근무시간) (오전) 9시 00분 ~ (오후) 6시 00분,주5일근무,,마감일 (2026-09-26),고용24 입사지원   ,이력서   ,031-646-1243,전자관 및 기타전자부품 제조업,"납땜 리터치 , 수땜 
3개월 수습후 정규직 전환가능
단기 근무도 가능 근무일자와 시간 협의 가능",퇴직금,고용보험 산재보험 건강보험 국민연금,2026-07-27,,5.0,6.2,18.0,7.4,16.0,7.0,59.6,C
H954202607271921,더나은재가복지센터,[산내마을1단지]4등급 독거할머니케어 재가요양보호사 모집,재가 간병인,신입,관계없음,상용직(시간제),시급 / 10320원 ,경기 파주시101동,,(근무시간) (오전) 9시 00분 ~ (정오) 12시 00분,주6일근무,18,마감일 (2026-09-26),방문 팩스  ,기타   ,031-8071-4245,"방문요양,방문목욕","*4등급 독거할머니케어
-일상생활지원, 식사 및 청소 도움
-팬티형 기저귀 착용, 월1회 집근처 병원동행
*주6일 9-12시(3시간), 시급10,320원+주휴수당=13,000원

* 실제 서비스 제공기간에 따라 임금을 계산하여 지급하는 형태로 채용시 근로자마다 주 소정근로시간이나 임금,근무(예정)지 등에 차이가 있을 수 있음",퇴직금,고용보험 산재보험 건강보험 국민연금,2026-07-27,,6.5,5.0,18.0,7.4,20.0,7.0,63.9,C
H954202607270564,더행복한 재가요양센터,[산곡동] 재가요양보호사 모집,요양 보호사 및 간병인,무관,관계없음,상용직(시간제),시급 / 10320원 ,인천 부평구,,(근무시간) (오후) 1시 00분 ~ (오후) 4시 00분,주5일근무,15,마감일 (2026-09-26),방문 기타  ,기타   ,032-719-3960,"재가 방문요양, 방문목욕","▶산곡동, 인평자동차고등학교 근처.
- 4등급 여자어르신
- 1시~4시. 주5일. 
- 시급: 13,000원(각종수당포함)
- 식사준비, 청소 등 일상생활지원",퇴직금,고용보험 산재보험  ,2026-07-27,,6.5,5.0,18.0,7.4,20.0,7.0,63.9,C
H954202607270869,썬앤문스퀘어주식회사,서울 서초동 생활형숙박시설 미화반장님 모집(분리수거·주차장·외곽 청소 담당),"건물 청소원(공공건물,아파트,사무실,병원,상가,공장 등)",무관,관계없음,계약직,월급 / 221만원 ,서울 서초구지젤시그니티 서초,,"근무 : 주말포함 주5일 + 3주 1회 주휴일 근무

근무 시간
 - 주말포함 주 5",주5일근무,33,마감일 (2026-09-26),고용24 입사지원   ,이력서   ,02-2004-7061,비주거용 부동산 관리업,"서울 서초동 생활형숙박시설 미화반장님 모집(분리수거·주차장·외곽 청소 담당)

현장명 : 지젤시그니티 서초
근무 : 주말포함 주5일 + 3주 1회 주휴일 근무

근무 시간
 - 주말포함 주 5일 근무시간 : 08:00~16:00 (휴게 1.5h)
 - 3주 1회 주휴일 근무시간 : 08:00~13:00(휴게 1h)

급여 : 2,208,670원",퇴직연금,고용보험 산재보험 건강보험 국민연금,2026-07-27,,6.5,5.0,20.0,7.4,20.0,7.0,65.9,C
H954202607270346,효원주간보호,스타리아 송영 가능한 주간보호센터 요양보호사님 모십니다.,간병인(재가 제외),경력,관계없음,계약직,월급 / 221만원 ,경기 평택시 중앙1로 84 리치빌딩 4층,,"07:00~16:00 or 08:00~17:00 (월~토), 주 5일 근무 (주중 1회 휴무)",주5일근무,40,마감일 (2026-09-26),고용24 입사지원   ,이력서 자기소개서  ,031-646-1229,장기요양 등급 어르신 케어,"1. 모집인원 및 응시자격  
가. 모집부문 : 요양보호사
나. 모집인원 : 1명  
다. 자격기준 : 요양보호사 자격증(필수), 운전면허 소지자(필수)
                    주간보호센터센터 유경험자(우대)

2. 근무사항 
가. 근무시간 : 07:00~16:00 or 08:00~17:00 (월~토), 주 5일 근무 (주중 1회 휴무)
나. 급여조건 : 사회보험 포함, 퇴직연금 별도 
다. 근무개시 : 협의 후 바로
라. 담당업무 : 어르신 케어, 식사케어, 송영서비스, 업무관련 서류 작성, 프로그램 진행, 환경관리 등

3. 제출서류  
가. 지원 시: 이력서(사진포함) 및 자기소개서 1부. 
나. 합격 시: 요양보호사 자격증 사본 1부, 노인학대관련 범죄 경력 조회, 범죄경력조회, 장애인 범죄경력 조회, 성범죄경력조회, 건강검진, 기타 자격증 사본 등

4. 접수방법 및 채용절차  
가. 제출기간 : 2026. 7. 27. ~ 채용시
나. 접수방법 : 메일 또는 팩스 (031) 655-5909 
다. 채용절차 : - 1차 서류전형 합격자에 한하여 2차 면접 실시 
                     - 면접 후 합격자 개별통보",퇴직연금,고용보험 산재보험 건강보험 국민연금,2026-07-27,,16.0,5.0,20.0,7.4,20.0,7.0,75.4,B
H954202607271515,행복한방문요양센터,요양보호사 모집합니다.(근무지 : 도척면 노곡리),재가 간병인,신입,관계없음,상용직(시간제),시급 / 10320원 ,경기 광주시다가구주택,,(근무시간) (오전) 9시 00분 ~ (정오) 12시 00분,주6일근무,18,마감일 (2026-09-26),방문 우편 팩스 고용24 입사지원,이력서   ,031-799-2754,방문요양,"방문요양센터입니다.

* 대상 어르신
-  도척면사무소 근처 다가구 주택 거주 
-  여성  (3등급),  60대 후반
   식사도움, 운동도움, 개인위생관리, 청소등 생활환경관리의 일상생활지원 서비스 원하십니다 

* 근무시간 : 주 6회 (09:00~12:00)
  
* 시      급 : 10,320원
   교통비 소액 추가 지급, 주6일근무

[실제 서비스 제공기간에 따라 임금을 계산하여 지급하는 형태로, 채용 시 근로자마다 주 소정 근로시간이나 임금, 근무(예정)지 등에 차이가 있을 수 있음]",퇴직금,고용보험 산재보험 건강보험 국민연금,2026-07-27,,13.0,5.0,18.0,7.4,20.0,7.0,70.4,B
H954202607271811,허수아비돈까스,[남부터미널역 인근 허수아비돈까스] 주방 보조원 구인,주방 보조원,무관,관계없음,상용직,월급 / 320만원 ,서울 서초구지하1층,,근무시간: 오전 09:00~ 오후 20:20 (월~토) (주6일) [휴게시간: 14:00~16:00 (2시간)],주6일근무,40,마감일 (2026-09-26),방문   ,이력서   ,02-879-5045,분식,"[남부터미널역 인근 허수아비돈까스] 주방 보조원 구인
-직무내용:재료 손질 및 주방 안에서 보조
-근무 시간: 오전 09:00~ 오후 20:20(월~토) (주 6일) [휴게시간 14:00~16:00] 
*월 6회 휴무, 2식 제공
-월 320만",퇴직연금,고용보험 산재보험 건강보험 국민연금,2026-07-27,,5.0,5.0,20.0,7.4,20.0,7.0,64.4,C
H954202607270570,가온재가복지센터,재가 요양보호사 채용(한일병원),재가 간병인,신입,관계없음,상용직(시간제),시급 / 10320원 ,서울 도봉구한일병원 정문근처,,(근무시간) (오전) 9시 00분 ~ (오후) 1시 00분,주6일근무,24,마감일 (2026-09-26),방문   ,이력서   ,02-2091-2925,방문요양,"한일병원 정문쪽 2등급 할머니 방문요양
부부동거
기저귀케어, 식사도움과 주변정리 등
9-13시(시간조정 가능)/주6일/시급10,320원(주휴수당 등 포함 13,600원)+중증수당 별도",퇴직금,고용보험 산재보험 건강보험 국민연금,2026-07-27,,5.0,5.0,18.0,7.4,20.0,7.0,62.4,C
H954202607271029,리본플러스 데이케어센터,신규오픈 데이케어센터 요양보호사모집,간병인(재가 제외),경력,고등학교,계약직,월급 / 216만원 ,경기 의정부시,,(근무시간) (오전) 9시 00분 ~ (오후) 6시 00분,주5일근무,40,마감일 (2026-09-26),방문 고용24 입사지원  ,이력서   ,031-828-0923,데이케어센터,"[모집직무]
요양보호사 (운전가능 환영)

[직무소개]
우리 기관은 노인들의 건강과 복지를 위해 노력하는 곳입니다.  본 직무는 노인들의 일상 생활을 돕고, 건강 관리를 지원하는 역할을 수행합니다.

[주요업무]
- 노인들의 식사, 목욕, 배변 등 일상생활 지원
- 노인들의 건강 상태를 정기적으로 확인하고 기록",퇴직연금,고용보험 산재보험 건강보험 국민연금,2026-07-27,,11.0,5.0,20.0,7.4,20.0,7.0,70.4,B
H954202607271901,ALSolution,PLC PROGRAM &amp; 전장 배선 관련 인원 모집,전기·전자 설비 조작원,경력,고등학교,상용직,최소연봉 / 3500만원 ,경기 화성시(주)에이엘솔루션,,(근무시간) (오전) 8시 30분 ~ (오후) 5시 30분,주5일근무,40,마감일 (2026-09-26),고용24 입사지원   ,이력서 자기소개서 졸업증명서 경력증명서,031-290-0823,자동화기기 제조,"기술영업부 : 제어팀 : 2명
  1. 담당 업무
      1.1  전장 설계 및 제어 배선 업무
      1.2  PLC 프로그램 유 경험자 선호
      1.3  스테이지 연동 센서 비젼 알고리즘 경험자 선호 
     
  2. 해당 역량 :  고졸 및 2년제 이상 관련 기계,전자,전기,산공,물리 졸업자,군필자
     2.1  전기 및 제어 관련지식
     2.2  전기 ,전자 관련 부품 선정 관련 지식
     2.3  전장 관련 경험
     2.4  전력 및 배전 관련 안전 지식",퇴직금,고용보험 산재보험 건강보험 국민연금,2026-07-27,,13.0,5.0,20.0,7.4,20.0,7.0,72.4,B
H954202607271301,주식회사케이에스메이트,전기설비 종합시험자 책임시험원 채용,전기·전자 설비 조작원,경력,관계없음,계약직,최소연봉 / 4200만원 - 면접 후 협의가능 ,서울 용산구,,(근무시간) (오전) 9시 00분 ~ (오후) 6시 00분,주5일근무,40,마감일 (2026-09-26),고용24 입사지원   ,이력서 자기소개서 경력증명서 ,02-2077-3477,"시설유지관리, 시설,미화,보안,주차, 조경관리","전기설비 종합시험자 책임시험원 채용
ㅇ 직무내용 : 자가용전기설비 직무고시점검
ㅇ 자격조건
   - 공통사항 : 한국전기안전공사에서 검사업무(사용전검사/정기검사) 3년 이상 수행 경력 보유자
   - 전기기사 취득후 실무경력(검사업무/안전관리/안전진단/감리 등) 9년 이상
   - 전기산업기사 취득후 실무경력(검사업무/안전관리/안전진단/감리 등) 11년 이상
ㅇ 근무조건 : 상주 또는 비상주
ㅇ 급여조건 : 면접시 협의",퇴직연금,고용보험 산재보험 건강보험 국민연금,2026-07-27,,14.5,5.0,20.0,7.4,20.0,7.0,73.9,B
H954202607270549,(주)케어네이션 과천센터,4등급 부부어르신 요양보호사 구인,간병인(재가 제외),무관,관계없음,상용직,시급 / 10320원 - 면접 후 협의가능 ,경기 과천시1151-5,,(근무시간) (오전) 9시 00분 ~ (오후) 3시 00분,주6일근무,0,마감일 (2026-09-26),방문 기타  ,이력서 기타  ,02-3677-2985,재가요양센터,"* 과천시 희망4길 중앙동  4등급 90대 부부 케어
* 케어 대상 부부 치매 증상 있음/ 
* 주 6일 / 09:00~15:00
* 토요일 근무 가능자. 또는 주 2회 토요일 근무 가능자 선호. 
* 치매에 대한 이해가 있으신분 희망
*시급10,320원+주수당포함 14,000원
*  010-7657-1864 지원문의",퇴직금,고용보험 산재보험 건강보험 국민연금,2026-07-27,,6.5,5.0,18.0,7.4,20.0,7.0,63.9,C
H954202607270514,가가호호방문요양센터,햇빛마을18단지 2등급 여자 어르신 방문요양보호사 구인,재가 간병인,신입,관계없음,상용직,시급 / 10320원 ,경기 고양시,,(근무시간) (오전) 9시 00분 ~ (오후) 1시 00분,주6일근무,,마감일 (2026-09-26),고용24 입사지원   ,기타   ,031-920-3914,방문요양,"식사, 약 도움, 일상생활지원, 기저귀케어, 말벗 정서적 지원, 등
- 월 ~ 토요일
- 오전 09:00 ~ 13:00 
- 시급 13,100 + 중증가산수당",퇴직금,고용보험 산재보험 건강보험 국민연금,2026-07-27,,6.5,5.0,18.0,7.4,16.0,7.0,59.9,C
H954202607271419,(주)삼호엔지니어링,품질관리  부서장 채용(영주출장 가능자),,경력,고등학교,상용직,월급 / 400만원 ,인천 연수구E동1001호,,(근무시간) (오전) 8시 00분 ~ (오후) 7시 00분,주5일근무,40,마감일 (2026-09-26),고용24 입사지원   ,이력서 자기소개서 졸업증명서 경력증명서,054-639-1127,베어링부품,"품질 관리팀 총괄 관리

사내 품질 개선

고객사 대응

IATF-16949,ISO-14001 인증 관리",퇴직금,고용보험 산재보험 건강보험 국민연금,2026-07-27,,6.5,5.0,20.0,7.4,20.0,7.0,65.9,C
H954202607270092,어부바골든라이프,[ 별내동 ] 4등급 할머님 재가요양보호사 구인 ,재가 간병인,신입,관계없음,상용직,시급 / 13000원 ,경기 남양주시,,(근무시간) (오전) 1시 00분 ~ (오전) 4시 00분,주6일근무,,마감일 (2026-09-26),방문 고용24 입사지원  ,기타   ,031-590-2346,노인요양복지시설,"- 4등급 할머님 일상생활지원 도움
- 병원동행 및 말벗 도움
- 주6일, 13~16시
- 담당자: 010-7243-5750",퇴직금,고용보험 산재보험 건강보험 국민연금,2026-07-27,,8.0,5.0,18.0,7.4,16.0,7.0,61.4,C
H954202607270635,라온재가복지센터,구산동 3등급 할아버지 오전 9시~12시 요양,요양 보호사 및 간병인,무관,관계없음,상용직(시간제),시급 / 10320원 ,서울 은평구,,(근무시간) (오전) 9시 00분 ~ (정오) 12시 00분,주5일근무,15,마감일 (2026-09-26),기타   ,기타   ,02-351-6858,재가방문요양,"- 구산동 3등급 할아버지 오전 9시~12시 요양

- 시급 10320원 + 수당 = 13300원",퇴직금,고용보험 산재보험 건강보험 국민연금,2026-07-27,,5.0,5.0,18.0,7.4,20.0,7.0,62.4,C
H954202607271937,올리사랑재가복지센터,재가요양보호사 모집 (서대문구 홍제동),재가 간병인,무관,관계없음,상용직(시간제),시급 / 10320원 ,서울 서대문구자세한 주소는 구인처 문의 ,,(근무시간) (오전) 10시 00분 ~ (오후) 1시 00분,주6일근무,18,마감일 (2026-09-26),방문 기타  ,이력서 기타  ,032-540-2030,"방문요양, 방문목욕","<구인내용>
*업무 : 4등급 할아버지
*근무시간 : 09:30~12:30(주 5~6일 근무)
*급여 : 시급 10,320원(기본급, 주휴수당,연차수당 포함 = 13,400원)
*일상생활 가사지원,식사준비, 어르신 정서지원, 운동보조
*홍제동, 남양아파트 거주",퇴직금,고용보험 산재보험 건강보험 국민연금,2026-07-27,,8.0,5.0,18.0,7.4,20.0,7.0,65.4,C
H954202607271861,이삭실버재가복지센터,4등급 여자어르신 케어하실 요양보호사님 구함 ,재가 간병인,무관,관계없음,상용직(시간제),시급 / 10320원 ,인천 부평구,,(근무시간) (오후) 2시 00분 ~ (오후) 5시 00분,주6일근무,18,마감일 (2026-09-26),기타   ,이력서 기타  ,032-540-5762,노인복지업,"안녕하세요. 
이삭실버재가복지센터 입니다.

4등급 여자어르신 케어해 주실 요양보호사 선생님 모집합니다.


근무예정지 : 부평구 갈산주공아파트


근무조건 : 주6회(월~토), 14시-17시(3시간)  
시       급 : 13,700원 (주휴, 연차, 기타수당 포함)",퇴직금,고용보험 산재보험 건강보험 국민연금,2026-07-27,,5.0,5.0,18.0,7.4,20.0,7.0,62.4,C
H954202607271831,참사랑전문케어,재가요양보호사모집 - 구로구 신도림동/1등급/여,재가 간병인,무관,관계없음,상용직(시간제),시급 / 10320원 ,서울 구로구신도림동주민센터근처,,10:00~14:00 / 주6일 (매주 화요일 10:00~18:00 근무),주6일근무,28,마감일 (2026-09-26),기타   ,이력서 기타  ,02-2670-3799,재가장기요양,"[재가요양보호사 모집] 
-직무: 1등급 여자 어르신 돌봄 

-근무시간: 10:00~14:00 / 주6일 (매주 화요일 10:00~18:00 근무)

-근무처: 서울특별시 구로구 신도림로 56-13 (신도림동, 신도림7차e-편한세상)

-시급: 10,320원 (주휴수당 2,064원, 연차수당 594원, 기타수당 22원, 중증수당6,000원 별도)

* 전화지원(010-3107-6188)",퇴직금,고용보험 산재보험 건강보험 국민연금,2026-07-27,,11.5,5.0,18.0,7.4,20.0,7.0,68.9,C
H954202607271760,사랑나무방문요양센터,[불광동/오전/2등급 여] 요양보호사구인,재가 간병인,무관,관계없음,상용직(시간제),시급 / 13100원 ,서울 은평구.,,(근무시간) (오전) 8시 00분 ~ (정오) 12시 00분,주6일근무,24,마감일 (2026-09-26),방문 팩스 기타 ,기타   ,070-4808-1461,"방문요양,방문목욕","[불광동/오전/여]
-대상: 2등급
-내용:투석병원동행(화목토), 취사, 가사일상생활도움, 말벗(월수금)
-시간:8시-12시(주6일, 비급여 1시간 포함)
-급여:13,100원(비급여 14,000원)
-근무지:통일로 780, 미성아파트",퇴직금,고용보험 산재보험 건강보험 국민연금,2026-07-27,,5.0,5.0,18.0,7.4,20.0,7.0,62.4,C
H954202607270795,한영재가장기요양기관, 요양보호사 선생님을 모십니다,간병인(재가 제외),무관,관계없음,상용직,월급 / 216만원 ,경기 안성시,,"- 주 5일 근무
토요일 근무시 주중 1일 휴무

- 기타 수당 있음 ",주5일근무,40,마감일 (2026-09-26),방문 우편 팩스 ,이력서 기타  ,031-686-1765,주간 및 방문요양보호,"한영재가장기요양기관(한영주간보호센터)에서는 함께 근무할 요양보호사 선생님을 모십니다.
주간보호센터 요양보호사 모집 합니다.

채용인원 : 요양보호사0명 
필요서류 : 1. 이력서
                2. 자격증
                3. 건강검진(채용시)
                4. 노인학대 범죄경력조회
                    장애인학대 범죄경력조회(채용시)

접수방법 : 전화접수 방문접수 우편접수 팩스접수 

채용담당 :  / T 031-673-0817 / F 031-672-1414/
               hanyoungcc@naver.com",퇴직금,고용보험 산재보험 건강보험 국민연금,2026-07-27,,11.5,5.0,20.0,7.4,20.0,7.0,70.9,B
H954202607271711,더시크릿방문요양센터,따뜻한 마음으로 어르신을 돕는 재가 요양보호사를 모집합니다.,재가 간병인,무관,관계없음,상용직(시간제),시급 / 10320원 ,경기 수원시,,(근무시간) (오전) 9시 00분 ~ (정오) 12시 00분,주6일근무,18,마감일 (2026-09-26),방문 고용24 입사지원 기타 ,이력서 기타  ,031-231-7977,방문요양,"[모집직무]
재가 요양보호사, 재가 간병인, 노인 돌봄 종사원

[직무소개]
70세 3등급 남자 어르신을 위한 방문요양 및 재가센터에서 따뜻한 마음으로 어르신을 돌보는 데 힘쓰는 재가 요양보호사를 찾고 있습니다.  당신의 관심과 배려가 어르신의 삶의 질을 높이는 데 큰 도움이 될 것입니다.

[주요업무]
- 어르신의 신체활동지원
- 일상생활 활동 돕기
- 기존 건강 상태 관리 및 의료기관과의 협조
- 칭찬과 격려를 통해 어르신의 정신적인 안정감 제공",퇴직금,고용보험 산재보험 건강보험 국민연금,2026-07-27,,14.5,5.0,18.0,7.4,20.0,7.0,71.9,B
H954202607271806,대성화학공업(주),"자동차부품회사 생산직조립원, 검사원 및  현장관리자 인원모집",고무제품 조립원 및 검사원,무관,관계없음,상용직,시급 / 10320원 ,경기 화성시디에스씨아이(주),,"[공정 별 근무시간이 다름]
근무시간 : 
월,화,목,금 :  (오전) 8시 00분~(오후",주5일근무,,마감일 (2026-09-26),방문 고용24 입사지원  ,이력서 자기소개서  ,031-290-0823,"자동차부품,철도차량부품,고무제품 제조","디에스씨아이(주)는  자동차고무부품을  생산하는  제조회사입니다. 

당사에서는 자동차부품과 보일러 관련  HOSE부품을 생산하고 있으며  그외  자동차 관련  고무부품을 생산하고 있습니다.

다양한  생산라인이 있어  근로자의 여건에 맞는  생산라인에서 일할 수 있는 장점이 있습니다.

지원자분들의 많은 관심과 지원을 바랍니다.




[ 단순조립 및 검사원근로자 및 현장관리자 ]

지원자격   :   신입  /  경력 3년 이상( 사원,  팀원, 주임급 )

1.  호스조립 및 검사 라인  :  총 3명
2.  호스라인 현장관리자  :  총 1명
3.  고무성형라인 현장관리자 : 1명
                       

근무시간 : 8:00 ~ 20:10 (월,화,목,금) / (주 52시간 적용)
                8:00 ~ 16:40 (수)

최저임금법에 따라 시급을  10,320원 이나 경력에 따라 면접후 조정 가능",퇴직연금,고용보험 산재보험 건강보험 국민연금,2026-07-27,,13.0,6.2,18.0,7.4,16.0,7.0,67.6,C
H954202607270673,(주)부림약품,부림약품 영업관리부 직원 모집,노무 사무원,무관,관계없음,상용직,월급 / 230만원 ,경기 김포시김포고촌물류센터,,(근무시간) (오전) 9시 00분 ~ (오후) 6시 00분,주5일근무,40,마감일 (2026-09-26),방문 팩스 고용24 입사지원 ,이력서   ,031-981-2091,의약품도매업,"부림약품 영업관리부 직원 모집
근무시간 : 09:00 ~ 18:00 (휴게시간 12:00 ~ 13:00)
급여 : 월 230만원",퇴직금,고용보험 산재보험 건강보험 국민연금,2026-07-27,,6.5,5.0,20.0,7.4,20.0,7.0,65.9,C
H954202607271706,소율방문요양복지센터,[개봉1동] 재가요양보호사 모집,재가 간병인,무관,관계없음,상용직(시간제),시급 / 10320원 ,서울 구로구,,(근무시간) (오전) 8시 00분 ~ (오전) 11시 00분,주6일근무,18,마감일 (2026-09-26),방문   ,이력서 기타  ,02-860-2500,재가요양센터,"개봉1동, 개봉주민센터 인근

- 대상자: 4등급 할머니, 독거, 거동가능
- 직무내용: 청소, 식사도움, 가사 및 일상생활지원 등
- 근로시간 : 08:00~11:00 (주5~6일)
- 급여:  시급 10,320원[포괄시급 13,000원]
* 교포 지원 가능",퇴직금,고용보험 산재보험 건강보험 국민연금,2026-07-27,,6.5,5.0,18.0,7.4,20.0,7.0,63.9,C
H954202607271681,해드림재가센터,3등급 남자어르신 재가요양보호사 모집,재가 간병인,무관,관계없음,상용직(시간제),시급 / 10320원 ,인천 남동구,,(근무시간) (오후) 4시 00분 ~ (오후) 7시 00분,주6일근무,6,마감일 (2026-09-26),방문 기타  ,이력서 기타  ,032-517-1664,요양,"- 3등급 할아버지
- 16:00 ~ 19:00 ,주6일
- 시급 13,400원(제수당 포함)
- 방문요양(식사도움, 주변 청소 및 정리정돈, 세탁 등)
- 문의 010-3181-7170",퇴직금,고용보험 산재보험  ,2026-07-27,,5.0,5.0,18.0,7.4,20.0,7.0,62.4,C
H954202607271657,새소망재가복지센터,[전농동] 3등급 할머님 (37년생)재가요양보호사 구인[13~16시주6일/ 월4회 연장근무 협의],재가 간병인,무관,관계없음,상용직(시간제),시급 / 10320원 ,서울 동대문구,,13:00~16:00(월~토),주6일근무,18,마감일 (2026-09-26),방문   ,이력서 기타  ,02-2047-9925,방문요양,"3등급 할머님주6일 ( 13:00~16:00) /월 4회 연장근무 협의(17시까지)시급10,030원(기본시급 외 각종수당 별도지급)",퇴직금,고용보험 산재보험 건강보험 국민연금,2026-07-27,,5.0,5.0,18.0,7.4,20.0,7.0,62.4,C
H954202607271652,솔솔재가복지센터,서하리 근무하실 요양보호사 선생님 모십니다.,재가 간병인,무관,관계없음,상용직(시간제),시급 / 10320원 ,경기 광주시,,(근무시간) (오전) 9시 00분 ~ (정오) 12시 00분,주6일근무,18,마감일 (2026-09-26),방문 팩스 고용24 입사지원 ,이력서   ,031-799-2703,재가복지센터,"한결같은 마음으로 오래 함께 하실 요양보호사 선생님 모십니다.
1. 근무장소: 서하리 
2. 대상자정보:  90대 초반 4등급 여자 어르신  
    인지 양호, 거동 가능, 독거
3. 근무내용: 요양급여제공 내역에 따른 서비스 제공
4. 근무시간: 09:00~12:00(시간 조정 가능)
5. 급여: 시급 10,320원+주휴수당+연차수당+기타수당 =총 13,500원    
    * 4대보험  및 퇴직금     
    * 실제 서비스 제공 기간에 따라 임금을 계산하여 지급하는 형태로  소정 근로 시간이나 임금, 근무지 등에 차이가 있을 수 있음",퇴직금,고용보험 산재보험 건강보험 국민연금,2026-07-27,,10.0,5.0,18.0,7.4,20.0,7.0,67.4,C
H954202607270929,은방울재가방문복지센터,답십리로(전농동) 4등급/ 할머니 09:00~12:00 .주6일 방문요양보호사 모집.,간병인(재가 제외),무관,관계없음,상용직(시간제),시급 / 10320원 ,서울 동대문구,,(근무시간) (오전) 9시 00분 ~ (정오) 12시 00분,주6일근무,18,마감일 (2026-09-26),방문   ,기타   ,02-2127-4920,방문요양.방문목욕,"90대 독거 할머니.  주6일. 3시간 
거동 가능하심.  인지악화예방활동 
일상생활 지원 및 병원동행",퇴직금,고용보험 산재보험 건강보험 국민연금,2026-07-27,,6.5,5.0,18.0,7.4,20.0,7.0,63.9,C
H954202607271349,고운손 방문요양간호센터,군포 당동/ 1등급/61세 여성 오전 방문요양 요양보호사 모집,간병인(재가 제외),무관,관계없음,상용직(시간제),시급 / 10320원 ,경기 군포시2층,,(근무시간) (오전) 8시 00분 ~ (정오) 12시 00분,주6일근무,24,마감일 (2026-09-26),방문 고용24 입사지원  ,기타   ,031-463-0743,.,"-시급 14000원+중증수당= 6000원/하루

-월~금 아침8시~12시(4시간)
-식사도움 위주
-가사도움
-산소 마스크 사용",퇴직금,고용보험 산재보험 건강보험 국민연금,2026-07-27,,5.0,5.0,18.0,7.4,20.0,7.0,62.4,C
H954202607271439,정재가복지센터,호매실 요양보호사 선생님을 모십니다(4등급 여자 어르신),간병인(재가 제외),무관,관계없음,상용직(시간제),시급 / 10320원 ,경기 수원시,,(근무시간) (오전) 10시 00분 ~ (오후) 1시 00분,주6일근무,18,마감일 (2026-09-26),고용24 입사지원   ,기타   ,031-739-3112,재가요양서비스,"4둥급 여자 어르신
근무시간 : 오전 10시~13시
신체지원, 정서지원, 가사지원",퇴직금,고용보험 산재보험 건강보험 국민연금,2026-07-27,,6.5,5.0,18.0,7.4,20.0,7.0,63.9,C
H954202607271627,서울한마음재가복지센터,[궁동] 재가요양보호사 모집,재가 간병인,무관,관계없음,상용직(시간제),시급 / 10320원 ,서울 구로구,,(근무시간) (오전) 9시 00분 ~ (정오) 12시 00분,주6일근무,18,마감일 (2026-09-26),방문 기타  ,이력서 기타  ,02-860-2500,방문요양,"궁동 예촌빌라내 (궁동종합사회복지관 인근)

- 대상자: 4등급 할머니, 독거(주변에 가족들 거주)
- 직무내용: 가사 및 일상활동지원, 청소, 식사지원, 말벗등
- 근로시간 : 09:00~12:00(주6일)
- 급여:  시급 10,320원[포괄 시급 13,000원]

*교포 비희망",퇴직금,고용보험 산재보험 건강보험 국민연금,2026-07-27,,6.5,5.0,18.0,7.4,20.0,7.0,63.9,C
H954202607270780,호수그린오피스텔관리단,장항동 호수그린오피스텔 시설관리(기전실) 직원 모집,빌딩 전기관리원,무관,관계없음,계약직,월급 / 250만원 ,경기 고양시,,"주: 8시~5시  
야: 8시~ 다음날 아침 8시 교대.
비: 비번
 *주야비로 돌다가 ",기타,40,마감일 (2026-09-26),고용24 입사지원   ,이력서 자기소개서  ,031-920-3943,"업태 : 운수업, 도소매, 서비스종목 : 주차장 운영업, 재활용수입, 광고수입","장항동 오피스텔 시설관리(기전실) 업무(신입, 경력 지원 가능) 

/ 현재 기사3명 근무 주.야 .비 3교대근무 / 수습3개월 250만원 그뒤 5%인상 2,625,000
/ 휴계시간:  주간: 점심식사시간1시간(12-1시).
                야간: 점심식사1시간. 저녁식사1시간 , 오후10-다음날 아침 6시

/ 3개월 수습기간후 9개월 계약. 그뒤 1년씩 계약",퇴직연금,고용보험 산재보험 건강보험 국민연금,2026-07-27,,14.5,6.2,20.0,7.4,15.0,7.0,70.1,B
H954202607271599,경기도노인전문시흥병원,병원 조리원 구인,주방 보조원,신입,중학교,상용직,최소연봉 / 3320만원 ,경기 시흥시,,(오전) 7시 00분 ~ (오후) 7시 00분,주5일근무,40,마감일 (2026-09-26),방문   ,이력서 자기소개서  ,031-310-6283,노인전문병원,"- 식사배식, 상차림, 세척 등
- 초보 가능 
- 주말 근무 있음/월 8회 휴무 
- 조리사자격증 무관
- 수당은 별도 지급함

- 사전 통화 후 면접 진행하시길 바랍니다.   031-500-7340~7341",퇴직금,고용보험 산재보험 건강보험 국민연금,2026-07-27,,5.0,5.0,20.0,7.4,20.0,7.0,64.4,C
H954202607271615,가정복지센터,(암사동/4등급/오전 또는 오후)재가요양보호사 모집,재가 간병인,무관,관계없음,상용직(시간제),시급 / 10320원 - 면접 후 협의가능 ,서울 강동구(8호선 암사역사공원역 부근) 면접시 상세주소 안내 예정,,09:00~12:00(주5~6일) / 희망 시간 선택 가능 ,주6일근무,18,마감일 (2026-09-26),기타   ,기타   ,02-3425-5834,"노양장기요양(방문요양, 방문목욕)","- 요양보호대상자: 4등급 할머님 (만 86세, 독거)
- 직무내용: 일상가사지원, 신체활동지원
- 장기요양급여 적용 근로시간 : 09:00~12:00(주5~6일) / 희망 시간 선택 가능 
- 장기요양급여 적용 시급: 시급 10,320원 (주차 및 연차, 기타수당 충족시, 시급 13,000원)
- 지원방법: 통화 후, 내방(010-6234-8181)",퇴직금,고용보험 산재보험 건강보험 국민연금,2026-07-27,,6.5,5.0,18.0,7.4,20.0,9.0,65.9,C
H954202607271359,씨제이프레시웨이주식회사,이오테크닉스 직원식당 단시간 조리원 구인,주방 보조원,무관,관계없음,계약직(시간제),시급 / 10400원 ,경기 안양시이오테크닉스 직원식당,,(근무시간) (오전) 10시 00분 ~ (오후) 2시 30분,주5일근무,20,마감일 (2026-09-26),고용24 입사지원 기타  ,이력서   ,031-289-2298,기타음식료품 외,"● 근무형태
- CJ프레시웨이 자체계약직

● 근무조건
- 업무내용 : 전처리, 세척등 구내식당 전반적인 업무
- 근무요일 : 월~금 주 5일 근무
- 근무시간 : 10:00~14:30 
- 급여조건 : 월 1,182,000원정도 (시급 10,400원)

● 지원조건 
- 연령무관, 유사업무 경험 우대, 보건증 소지자

● CJ프레시웨이 복리후생 (* 근속 3개월 이후 적용)
- 4대보험 가입 및 퇴직금 지급
-내부 규정에 따름",퇴직금,고용보험 산재보험 건강보험 국민연금,2026-07-27,,14.5,5.0,18.0,7.4,20.0,7.0,71.9,B
H954202607271334,만도공업사,"[만도특장] 탑 수리기사 모집(냉장탑,냉동탑,윙바디 등)","전기용접원(아크,알곤,티그용접원)",경력,관계없음,상용직,월급 / 320만원 ,인천 계양구55-345(2필지),,"(오전) 9시 00분~(오후) 6시 00분
토요일 격주휴무(9시~16시) 
일요일 휴무",주5일근무,40,마감일 (2026-09-26),기타   ,이력서   ,032-540-5808,자동차 정비,"업무 : 현장직(냉장탑,냉동탑,윙바디 등 수리)
주요기술 : 용접(일반,co2,알곤), 판금,커팅,드릴,실리콘 등 현장기술 

* 특장업체 경력자분 우대 합니다.",퇴직금,고용보험 산재보험 건강보험 국민연금,2026-07-27,,6.5,5.0,20.0,7.4,20.0,7.0,65.9,C
H954202607271550,소나무 노인방문 요양센터,묵동) 4등급 여자 어르신 요양사 구인,재가 간병인,무관,관계없음,상용직(시간제),시급 / 10320원 ,서울 중랑구,,(근무시간) (오후) 3시 30분 ~ (오후) 6시 30분,주6일근무,18,마감일 (2026-09-26),방문   ,기타   ,02-2171-1847,"재가 방문요양, 방문목욕","38년생 / 여자 / 4등급 / 독거

근무시간 : 15:30~18:30 (월 ~ 토 / 월 24회))
근무내용 : 청소, 세탁, 식사도움(장보기 포함)
시급 : 13,050(기본급, 연차, 휴일수당포함)",퇴직금,고용보험 산재보험 건강보험 국민연금,2026-07-27,,5.0,5.0,18.0,7.4,20.0,7.0,62.4,C
H954202607271203,(주)듀델코리아,아파트미화원구인,"건물 청소원(공공건물,아파트,사무실,병원,상가,공장 등)",무관,관계없음,계약직,월급 / 175만원 ,경기 김포시,,월~금 08:30~15:30  (휴게 1시간) /토 08:30~11:30,주6일근무,33,마감일 (2026-09-26),방문   ,이력서   ,031-5186-3636,"경비업, 건물청소업","-김포시 장기동 한강센트럴자이아파트트 미화원 구인(복지카드우대)
-건물 내부 청소 (복도, 계단, 화장실 등)

-근무지 : 경기도 김포시 태장로 845(장기동, 한강센트럴자이1단지)

-근무시간 : 월~금 08:30~15:30  (휴게 1시간) /토 08:30~11:30

-급여 : 월 1,748,940원",퇴직금,고용보험 산재보험 건강보험 국민연금,2026-07-27,,5.0,5.0,20.0,7.4,20.0,7.0,64.4,C
H954202607270879,한일모터스 푸조서비스센터,자동차정비,자동차 정비원,경력,관계없음,상용직,최소연봉 / 4000만원 ,경기 평택시,,(근무시간) (오전) 9시 00분 ~ (오후) 6시 00분,주5일근무,40,마감일 (2026-09-26),팩스   ,이력서 자기소개서  ,031-646-1243,"자동차수리, 금속열처리도금,도장제조,자동변속기,재제조업,정비기술연구","자동차 정비원 1명

1급자동차종합수리업체 / 수입차/국내차 정비

※ 관련직종 : 자동차 정비원

1. ■주 5일근무
    ■연봉 4000 ~ 4500만원. 면접 후 결정

2. ■정비기능사자격증소지 필수/차체바디얼라이먼트/휠얼라이먼트/오텔/스코프진단정비
       (엔진+전기+섀시+차체+전기차 회사 아카데미 교육)

3. ■실무경력자 5년이상 실무경력자 모집

4. ■주5일 근무/공휴일 휴무/년차수당지급/성과금지급

5. ■접수방법 : 회사메일 6553967@naver.com. 팩스 031-657-3967",퇴직금,고용보험 산재보험 건강보험 국민연금,2026-07-27,,11.5,6.2,20.0,7.4,20.0,7.0,72.1,B
H954202607271528,안토(ANTO)재가복지센터,(길동/4등급/오전)재가요양보호사 모집,재가 간병인,무관,관계없음,상용직(시간제),시급 / 10320원 ,서울 강동구면접시 상세주소 안내 예정,, 09:00~12:00(주6일),주6일근무,18,마감일 (2026-09-26),기타   ,기타   ,02-3425-5834,방문 요양서비스 제공,"- 요양보호대상자: 4등급 할머님 (만 88세, 독거)
- 직무내용: 일상생활지원, 신체활동 지원 등
- 장기요양급여 적용 근로시간 : 09:00~12:00(주6일)
- 시급 10,320원(주휴 및 연차, 기타수당 충족시, 시급 13,000원)
- 지원방법: 통화 후, 내방(02-489-4500)",퇴직금,고용보험 산재보험 건강보험 국민연금,2026-07-27,,6.5,6.2,18.0,7.4,20.0,7.0,65.1,C
H954202607271378,보람노인복지센터,[오남읍] 4등급 재가요양보호사 모집,재가 간병인,무관,관계없음,상용직(시간제),시급 / 10320원 ,경기 남양주시00,,(근무시간) (오전) 9시 00분 ~ (정오) 12시 00분,주6일근무,18,마감일 (2026-09-26),방문   ,기타   ,031-560-1965,방문요양 및 운영 등,"[오남읍] 재가요양보호사 모집

- 4등급 할아버지케어
- 가사활동도움(반찬및청소), 신체활동도움, 일상생활도움, 말벗
- 주6일(09:00-12:00)
- 시급 13,000원(10,320+기타수당포함)",퇴직금,고용보험 산재보험 건강보험 국민연금,2026-07-27,,5.0,5.0,18.0,7.4,20.0,7.0,62.4,C
H954202607271348,엄마품방문요양센터,구월동 재가 요양보호사 구인,재가 간병인,무관,관계없음,상용직(시간제),시급 / 10320원 ,인천 남동구.,,(근무시간) (오전) 9시 00분 ~ (오후) 6시 00분,주6일근무,36,마감일 (2026-09-26),고용24 입사지원 기타  ,기타   ,032-460-4940,방문요양,"1등급 남자 어르신 재가요양보호사 모집
배우자와 함께 거주중
시급 : 13,100원(기본 10,320원+각종수당포함)
중증수당 추가 있음(6000원)
근무일 : 주6일 2회 09:00 ~ 12:00 / 15:00 ~ 18:00 -시간조정가능
요양보호사 자격증 필수
건강검진서 필수(채용시)",퇴직금,고용보험 산재보험 건강보험 국민연금,2026-07-27,,5.0,5.0,18.0,7.4,20.0,7.0,62.4,C
H954202607271346,사랑나무방문요양센터,[갈현동/오후/2등급 여] 요양보호사구인,재가 간병인,무관,관계없음,상용직(시간제),시급 / 13100원 ,서울 은평구.,,(근무시간) (정오) 12시 00분 ~ (오후) 4시 00분,주6일근무,24,마감일 (2026-09-26),방문 팩스 기타 ,기타   ,070-4808-1461,"방문요양,방문목욕","[갈현동/오후/여]
-대상: 2등급
-내용:식사, 기저귀케어(화장실 이동가능), 일상생활지원, 말벗
-시간:12시-16시(주6일)
-급여:13100원
-근무지:연서로 29길 34-5",퇴직금,고용보험 산재보험 건강보험 국민연금,2026-07-27,,6.5,5.0,18.0,7.4,20.0,7.0,63.9,C
H954202607270469,농업회사법인조인팜스(주)강남지점,부화장 직원모집,,무관,관계없음,상용직,시급 / 10320원 ,경기 용인시,,(근무시간) (오전) 8시 00분 ~ (오후) 5시 00분,주5일근무,,마감일 (2026-09-26),고용24 입사지원   ,이력서   ,031-289-2215,부화,"부화장 청소, 병아리 부화업무",퇴직금,고용보험 산재보험 건강보험 국민연금,2026-07-27,,6.5,5.0,18.0,7.4,16.0,7.0,59.9,C
H954202607271387,딤딤섬 이스트폴점,[딤딤섬 구의점] 주방조리 및 보조업무 ,주방 보조원,무관,관계없음,상용직,월급 / 225만원 - 면접 후 협의가능 ,서울 광진구,," 1. 주방
오픈조 : 8:00~17:00
마감조 : 12:00~21:00
격주 교대 및 스케줄 근무",주5일근무,40,마감일 (2026-09-26),   ,이력서 자기소개서  ,02-6350-1506,중식,"주방 조리 및 보조

*딤딤섬에서 같이 근무하실 주방 직원분을 모십니다.

* 근무장소 :
1. 이스트폴점(구의역) 딤딤섬
  
경력 조건 : 관계없음(경력자 우대)

* 고용형태 : 정직원 및 파트타이머
* 근무기간 : 12개월 계약 후 상용직 전환검토
* 근무요일: 주말 스케쥴근무 2조 2교대 주40시간 주5일(협의가능)

* 근무시간 : 
 1. 주방
오픈조 : 8:00~17:00
마감조 : 12:00~21:00
격주 교대 및 스케줄 근무

* 직무내용 : 전반적인 딤섬 재료 손질 및 제조,발주등 주방업무
* 급여 :  2,250,000~3,000,000(경력직 협의가능)

* 복리후생  : 4대보험,퇴직금,주휴수당,연차수당,연차,휴일근로수당,야간근로수당,장기근속수당,
  성과금,연장근로시간,중식제공,생일자상품권 지급,명절 상품권 지급,근무복 지급

* 성과금 제도 : 연2회(상,하반기) 영업실적에 따른 성과금 차등지급 (115만원~250만원) 150~200%지급",퇴직금,고용보험 산재보험 건강보험 국민연금,2026-07-27,,13.0,5.0,20.0,7.4,20.0,4.0,69.4,C
H954202607271321,비지팅엔젤스 동작방문요양지점,[사당5동 총신대인근 / 3등급 / 할아버님 / 08:00~11:00] 재가요양보호사 채용,재가 간병인,무관,관계없음,상용직(시간제),시급 / 10320원 ,서울 동작구23-13,,(근무시간) (오전) 8시 00분 ~ (오전) 11시 00분,주6일근무,18,마감일 (2026-09-26),방문 기타  ,기타   ,02-2148-4181,"노인실버사업, 방문요양, 방문목욕","[사당5동 총신대학교 인근] 3등급 할아버님 재가요양

○직무내용: 어르신 말벗, 산책, 주변청소, 식사 차리기 등
○근무시간:  주6일/ 08:00~11:00
○시      급 : 10,320원 (수당포함 13,500원)
○지원방법 :연락 후 방문 / 010-9676-2593",퇴직금,고용보험 산재보험 건강보험 국민연금,2026-07-27,,6.5,6.2,18.0,7.4,20.0,7.0,65.1,C
H954202607271336,온누리종합복지센터,[관양사거리] 주간보호센터 조리보조원 구인,주방 보조원,무관,관계없음,상용직,월급 / 216만원 - 면접 후 협의가능 ,경기 안양시,,(근무시간) (오전) 7시 00분 ~ (오후) 5시 00분,주5일근무,40,마감일 (2026-09-26),방문 기타  ,이력서   ,031-8045-3861,방문 요양,"[ 온누리재활주야간보호센터 조리보조 구인]

[ 업 무 ]
- 단체급식 조리보조
- 식재료 준비 어르신 음식 조리보조
- 주방청소 및 위생 관리

[ 근무시간 ]
- 주5일 / 오전07:00~17:00 (휴게시간 2시간)  / 주말근무시 주중 대체휴가

[ 급 여 ]
- 월 216 만원

* 조리사 자격증 무관
* 신입/경력 지원가능
* 8월부터 출근가능하신 분

[ 지원문의]
- 센타장님 010-7296-8880",퇴직금,고용보험 산재보험 건강보험 국민연금,2026-07-27,,13.0,5.0,20.0,7.4,20.0,7.0,72.4,B
H954202607271298,봄날재가요양센터,미추홀구 관교동 2등급 여자어르신 모실 요양보호사 선생님 구인합니다.,재가 간병인,무관,관계없음,상용직(시간제),시급 / 10320원 ,인천 미추홀구성지아파트,,근무시간 협의 가능합니다. ( 주6회 4시간 ),주6일근무,24,마감일 (2026-09-26),기타   ,기타   ,032-421-8303,재가요양보호,"- 2등급 여자 어르신 (42년생)
- 거동 어려움. 신체 지원 활동. 일상 활동. 식사 준비 및 주변 환경 정리
- 시간 : 시간 조율 가능 (주6회 4시간)
- 시급 : 13,300원(기본 10,320원+ 주휴 등 기타수당 포함)",퇴직금,고용보험 산재보험 건강보험 국민연금,2026-07-27,,6.5,5.0,18.0,7.4,20.0,7.0,63.9,C
H954202607270880,주식회사 영화미래관리,강서구 집합건물 방재실(기전실) 시설기사(2교대) 구인,빌딩 전기관리원,경력,관계없음,계약직,월급 / 230만원 ,서울 강서구대룡드림타워1,,"근무형태 : 2교대 (08:00~익일08:00)

휴게시간 :
주간5.5시간
(14:00~16:00,18:00~19",기타,43,마감일 (2026-09-26),팩스   ,이력서 자기소개서  ,02-2063-6725,건물 청소원 모집,"강서구 집합건물 대룡드림타워 방재실 시설기사(2교대) 구인

-근무지: 서울시 강서구 강서로 462, 대룡드림타워1
-근무시간: 08:00 ~ 익일 08:00 
-휴게시간: 주 5.5시간, 야6시간 = 11.5시간
-월급: 2,300,000원
-이력서 접수: 팩스(02-3661-8567) 또는 이메일(daeryong_25@naver.com)


● 지원 시 대룡드림타워 시설지원 꼭 기재 부탁드립니다 ●",퇴직금,고용보험 산재보험 건강보험 국민연금,2026-07-27,,11.5,5.0,20.0,7.4,15.0,7.0,65.9,C
H954202607271239,가영재가복지센터,영흥면 방문요양보호사선생님 모집,재가 간병인,무관,관계없음,상용직(시간제),시급 / 10320원 ,인천 옹진군주택,,(근무시간) (정오) 12시 00분 ~ (오후) 3시 00분,주6일근무,18,마감일 (2026-09-26),고용24 입사지원   ,기타   ,031-289-2214,방문요양,"*4등급 62세 남자대상자
*내1리마을회관 인근
*근무시간 : 월-토 12-15시(3시간, 평일기준 월 24일 근무)
*시급(기타수당 포함) : 13,500원
*신체활동지원, 가사활동지원, 정서지원

*요양보호사 자격증, 판정일 기재된 1년이내 건강검진 결과표 소지자",퇴직금,고용보험 산재보험 건강보험 국민연금,2026-07-27,,6.5,5.0,18.0,7.4,20.0,7.0,63.9,C
H954202607271703,가나안재가복지센터,[풍납동/3등급할머니/시간협의] 재가 요양보호사 모집,재가 간병인,무관,관계없음,상용직(시간제),시급 / 10320원 ,서울 송파구풍납동,,시간협의(주6일),주6일근무,15,마감일 (2026-09-26),방문 기타  ,기타   ,02-2147-3681,방문요양서비스,"- 대상자 : 4등급 할머니 풍납동 , 입주
- 직무 내용 : 위생관리 및 말벗 일상생활지원 이동도움 식사도움 말벗 주변정리
- 근무시간 :시간협의(주6일)

* 지원 문의 : 전화(010-4006-7496)",퇴직금,고용보험 산재보험 건강보험 국민연금,2026-07-27,,8.0,5.0,18.0,7.4,20.0,7.0,65.4,C
H954202607271212,지키미재가복지센터,재가요양보호사 구인,재가 간병인,무관,관계없음,상용직(시간제),시급 / 10320원 - 면접 후 협의가능 ,인천 남동구.,,(근무시간) (오후) 12시 30분 ~ (오후) 3시 30분,주6일근무,18,마감일 (2026-09-26),기타   ,기타   ,032-453-5987,재가노인복지시설,"- 3등급 남자어르신
- 신체, 가사 활동 위주
- 시급 13,000원(제수당포함)
- 월,수,금 오전에 투석으로 오후 근무 희망",퇴직금,고용보험 산재보험 건강보험 국민연금,2026-07-27,,5.0,5.0,18.0,7.4,20.0,7.0,62.4,C
H954202607271191,다온재가노인복지센터,(소사본동) 방문요양보호사,재가 간병인,무관,관계없음,상용직(시간제),시급 / 10320원 ,경기 부천시.,,(근무시간) (오전) 9시 00분 ~ (정오) 12시 00분,주6일근무,18,마감일 (2026-09-26),방문   ,기타   ,032-625-8434,"방문요양,방문목욕","* 4등급할머니
* 근무시간 09:00~12:00
* 주6일
* 시급 : 13,000원(시급+제수당포함)
- 일상생활지원",퇴직금,고용보험 산재보험  ,2026-07-27,,6.5,5.0,18.0,7.4,20.0,7.0,63.9,C
H954202607271188,참행복재가복지센터,양촌읍 요양보호사 구인,재가 간병인,무관,관계없음,상용직(시간제),시급 / 10320원 ,경기 김포시,,(근무시간) (오후) 1시 00분 ~ (오후) 4시 00분,주6일근무,18,마감일 (2026-09-26),방문   ,기타   ,031-981-2091,방문요양,"-모집직종: 요양보호사
-직무내용: 4등급 여자어르신 요양 
-임금: 기본급 10,320원 + 기타수당 =13,300원
-근무시간: 13:00~16:00 (주 6일 18시간)
-근무장소: 김포시 양촌읍 양곡로 467번길 52 양곡8단지

** 실제 서비스 제공기간에 따라 임금을 계산하여 지급하는 형태로 채용 시 근로자마다 주 소정근로시간이나 임금, 근무(예정)지 등에 차이가 있을 수 있음.",퇴직금,고용보험 산재보험 건강보험 국민연금,2026-07-27,,10.0,5.0,18.0,7.4,20.0,7.0,67.4,C
H954202607271099,평강재가노인복지센터,(검암동)재가 요양보호사 선생님 모집 합니다.,재가 간병인,무관,관계없음,상용직(시간제),시급 / 10320원 ,인천 서해구해피하임빌,,"- 월~토 하루 3시간 근무 ( 근무시간 : 10:30시 ~ 13:30시 )
- 장애활동보조.월~금 ",주6일근무,33,마감일 (2026-09-26),방문 고용24 입사지원  ,기타   ,032-540-2078,재가 방문요양,"요양보호사 및 장애인활동보조 자격증필수
- 4등급  할아버지 독거어르신 
- 월~토 하루 3시간 근무 ( 근무시간 : 10:30시 ~ 13:30시 )
- 장애활동보조.월~금 3시간 (13.40~16.40분)
- 2가지 자격증 있으신분이 6시간 근무가능 하신분. 
-점심식사 제공
- 근무 예정지 : 검암1지구
- 일상생활지원 식사지원. 요양보호사 업무.화장실 출입가능하심
-상냥하시고 말벗 잘해주시는분
-시급 각종수당 포함 13.000원",퇴직금,고용보험 산재보험 건강보험 국민연금,2026-07-27,,13.0,5.0,18.0,7.4,20.0,7.0,70.4,B
H954202607271086,와부효방문요양센터,[수택동] 재가요양보호사 구인,재가 간병인,무관,관계없음,상용직(시간제),시급 / 10320원 ,경기 구리시,,(근무시간) (오전) 9시 00분 ~ (정오) 12시 00분,주6일근무,18,마감일 (2026-09-26),방문 기타  ,기타   ,031-550-2317,요양보호사 파견업,"- 3등급 할머니 장시간 케어
- 주6일. 09:00~12:00
- 일상생활 지원, 식사 도움, 약복용 도움, 목욕, 기저귀 케어 
- 시급 13,000원 (기본시급  + 기타수당 포함)


【실제 서비스 제공기간에 따라 임금을 계산하여 지급하는 형태로 채용시 근로자마다 주소정근로시간이나 임금,근무예정지등에 차이가 있을 수 있음】",퇴직금,고용보험 산재보험 건강보험 국민연금,2026-07-27,,6.5,5.0,18.0,7.4,20.0,7.0,63.9,C
H954202607271078,수정실버케어센터,[면목동] 재가요양보호사 모집,재가 간병인,무관,관계없음,상용직(시간제),시급 / 10320원 ,서울 중랑구,,(근무시간) (오전) 9시 00분 ~ (정오) 12시 00분,주6일근무,18,마감일 (2026-09-26),방문 기타  ,기타   ,02-860-2500,"방문요양,장기요양","면목5동주민센터인근

- 대상자:  3등급 남 성 어르신, 독거, 거동가능
- 직무내용: 가사지원, 청소, 인지양호
- 근로시간: 09:00 - 12:00/(주6일)               
- 시급: 10,320원[포괄 시급 13,100원]",퇴직금,고용보험 산재보험 건강보험 국민연금,2026-07-27,,6.5,5.0,18.0,7.4,20.0,7.0,63.9,C
H954202607271070,새하늘 노인복지센터,재가요양보호사 구인(서구 석남동),재가 간병인,무관,관계없음,상용직(시간제),시급 / 10320원 ,인천 서해구,,(근무시간) (오전) 9시 00분 ~ (정오) 12시 00분,주6일근무,18,마감일 (2026-09-26),방문 고용24 입사지원 기타 ,기타   ,070-5067-0321,방문요양서비스 제공,"-4등급 할머니(독거)
-근무시간 09:00~12:00(주 6일)
-시급 10,320+기타 수당=13,000원",퇴직금,고용보험 산재보험 건강보험 국민연금,2026-07-27,,5.0,6.2,18.0,7.4,20.0,7.0,63.6,C
H954202607271905,디자인 담금,금속집기 제작및 시공,"전기용접원(아크,알곤,티그용접원)",경력,관계없음,상용직,최소연봉 / 3500만원 - 면접 후 협의가능 ,경기 하남시디자인담금,,(근무시간) (오전) 8시 30분 ~ (오후) 5시 30분,주5일근무,40,마감일 (2026-09-26),방문 고용24 입사지원  ,이력서   ,031-730-7003,금속인테리어(금속집기제작및 시공),"금속집기를 전문으로 제작및 시공하는 업체로서
주업무는 알곤용접및 사상이 가능한분을 모십니다
경력직및 운전가능한분",퇴직금,고용보험 산재보험 건강보험 국민연금,2026-07-27,,6.5,5.0,20.0,7.4,20.0,7.0,65.9,C
H954202607270738,주식회사 이레행복재가복지센터,여자방문요양보호사모집(이레행복재가복지센터) ,요양 보호사 및 간병인,무관,관계없음,상용직(시간제),시급 / 10320원 ,경기 안양시5층,,(근무시간) (오전) 9시 00분 ~ (정오) 12시 00분,주5일근무,15,마감일 (2026-09-26),방문 팩스 고용24 입사지원 ,이력서   ,031-463-0743,.,"ㅇ채용대상 : 여자요양보호사
ㅇ돌봄대상 : 74세 4등급 여자어르신
ㅇ근무지 : 안양시 동안구 관악대로 천진빌딩
ㅇ근무간 : 월~금요일 / 09:00~12:00 (3시간)
ㅇ시 급 : 13,500원(주휴수당+연차수당+기타수당 등 포함)
ㅇ직무내용 : 일상생활지원, 이동도움 등
ㅇ대중교통 : 거주지 인근 100~300미터 이내 버스정류소 위치",퇴직금,고용보험 산재보험 건강보험 국민연금,2026-07-27,,6.5,5.0,18.0,7.4,20.0,7.0,63.9,C
H954202607271050,섬기는재가복지센터,재가요양보호사 모집 - 1등급 / 여자어르신 / 신길동 ,재가 간병인,무관,관계없음,상용직(시간제),시급 / 10320원 ,서울 영등포구,, 09:00~13:00 / 주6일 ,주6일근무,24,마감일 (2026-09-26),기타   ,기타   ,02-2670-3797,재가복지시설,"[재가요양보호사 모집]

직무: 1등급 여자어르신 돌봄 - 34년생 어르신, 기저귀케어 필요, 와상, 신체지원, 가사지원 및 일상생활 지원 등 

근무시간: 09:00~13:00 / 주6일 

시급: 10,320원 ( + 주휴수당 2,064원 + 연차수당 594 + 기타수당 22원 )

*전화지원: 010-2598-4911",퇴직금,고용보험 산재보험 건강보험 국민연금,2026-07-27,,6.5,5.0,18.0,7.4,20.0,7.0,63.9,C
H954202607271005,더시크릿방문요양센터,따뜻한 마음으로 어르신을 돕는 재가 요양보호사를 모집합니다.,재가 간병인,무관,관계없음,상용직(시간제),시급 / 10320원 ,경기 수원시,,(근무시간) (오전) 9시 00분 ~ (정오) 12시 00분,주6일근무,18,마감일 (2026-09-26),방문   ,이력서 기타  ,031-231-7977,방문요양,"[모집직무]
재가 요양보호사, 재가 간병인, 노인 돌봄 종사원

[직무소개]
92세 4등급 여성 어르신을 위한 방문요양 및 재가센터에서 따뜻한 마음으로 어르신을 돌보는 데 힘쓰는 재가 요양보호사를 찾고 있습니다.  당신의 관심과 배려가 어르신의 삶의 질을 높이는 데 큰 도움이 될 것입니다.

[주요업무]
- 어르신의 식사 및 생활 간호 지원
- 일상생활 활동 돕기
- 기존 건강 상태 관리 및 의료기관과의 협조
- 칭찬과 격려를 통해 어르신의 정신적인 안정감 제공",퇴직금,고용보험 산재보험 건강보험 국민연금,2026-07-27,,14.5,5.0,18.0,7.4,20.0,7.0,71.9,B
H954202607271446,(주)대원운수,[ 진건읍 ] 대원운수 구내식당 급식조리원 구인 ,,무관,관계없음,상용직,월급 / 250만원 ,경기 남양주시대원운수,,"- 06:00 ~ 15:00 , 08:00~17:00, 11:30 ~20:30 ( 스케줄 교대 근무)
  휴게 13:00 ~14:00
- 격",주6일근무,40,마감일 (2026-09-26),방문   ,이력서 자기소개서  ,031-590-2346,시내버스,"- 업무 내용 : 구내식당에서 조리 , 전처리, 설거지등 단체급식 전반적인 업무
- 06:00 ~ 15:00 , 08:00~17:00, 11:30 ~20:30 (스케줄 교대 근무)
  (휴게 12~13시)
- 격주 토요일 근무
- 정년있음(만60세 정년) / 정년이후 촉탁근무로 연장가능함 
- 문의 010-9699-1755",퇴직금,고용보험 산재보험 건강보험 국민연금,2026-07-27,,8.0,5.0,20.0,7.4,20.0,7.0,67.4,C
H954202607271066,(주)삼정맨파워,백암고등학교(양천구 신정동) 경비원 계약직 모집,"건물 경비원(청사,학교,병원,상가,빌딩,공장 등)",경력,관계없음,계약직,월급 / 197만원 ,서울 양천구백암고등학교,,"근무시간 : (오전) 8시 00분~익일(오전) 8시 00분, 격일제 근무 2명 맞교대
휴",기타,36,마감일 (2026-09-26),팩스 고용24 입사지원  ,이력서   ,02-2639-2172,건물종합관리,"[모집직무]
경비원 모집 

[주요업무]
- 학교 내외부 순찰 및 감시
- 재난 상황 발생 시 신속한 대처
- 학교 시설 및 물품 보호
- 방문자 관리 및 안내 등",해당없음,고용보험 산재보험 건강보험 국민연금,2026-07-27,,8.0,5.0,20.0,6.2,15.0,7.0,61.2,C
H954202607270828,수정실버케어센터,[종로구 혜화동] 재가요양보호사 모집,재가 간병인,무관,관계없음,상용직(시간제),시급 / 10320원 ,서울 종로구,,(근무시간) (오전) 8시 00분 ~ (오전) 11시 00분,주6일근무,18,마감일 (2026-09-26),방문 기타  ,기타   ,02-860-2500,"방문요양,장기요양","종로구 혜화동, 도광루미네스 내, 아이들극장 인근

-대상자:  4등급 할머니 (독거) / 거동가능
-직무내용: 가사지원, 말벗, 병원동행 등
-근로시간: 08:00 - 11:00 (주 6일)               
-시급: 10,320원[포괄 시급 13,100원]
* 이용자의 상황에 따라 근로시간 외 추가시간(2시간)이 있을 수 있음.",퇴직금,고용보험 산재보험 건강보험 국민연금,2026-07-27,,6.5,5.0,18.0,7.4,20.0,7.0,63.9,C
H954202607271108,남평화상가(주),[신당동/동대문역7번출구] 상가 미화업무 모집,"건물 청소원(공공건물,아파트,사무실,병원,상가,공장 등)",무관,관계없음,상용직,월급 / 262만원 ,서울 중구남평화상가,,"- 근무시간 : 주간 07:00 ~ 15:00   
                야간 20:00 ~ 07:00     ",주5일근무,38,마감일 (2026-09-26),고용24 입사지원   ,이력서 자기소개서  ,02-2148-4181,"시장관리,서비스","[신당동] 상가 미화업무 모집

- 직무내용 : 상가청소업무
- 모집인원 : 주야간 격주 근무자 1명
- 근무시간 : 주간 07:00 ~ 15:00 (1시간 휴게)
                야간 20:00 ~ 07:00 (3시간 휴게)    
- 근무일 : 주5일 / 주간 7시간 근무 야간 8시간 근무 
- 급여:   주야간근무자 - 2,620,000원  
     * 상여금 별도 (100만원) ",퇴직연금,고용보험 산재보험 건강보험 국민연금,2026-07-27,,11.5,5.0,20.0,7.4,20.0,7.0,70.9,B
H954202607271664,주식회사 테론,골든하버호텔 레스토랑 홀 서빙원 채용,일반 음식점 서빙원,신입,관계없음,상용직,월급 / 250만원 - 면접 후 협의가능 ,경기 평택시,,(근무시간) (오전) 6시 00분 ~ (오후) 2시 00분,주5일근무,40,마감일 (2026-09-26),고용24 입사지원   ,이력서 기타  ,031-646-1243,.,"[모집직무]
일반 음식점 접객서빙원, 호텔·레스토랑 웨이터·웨이트리스, 양식 조리사

[직무소개]
골든하버호텔은 고급스럽고 편안한 분위기의 레스토랑을 운영하고 있습니다. 다양한 메뉴를 제공하며 손님들에게 최상의 식사 경험을 선사하기 위해 전문적인 서빙원을 모집 중입니다.

[주요업무]
- 손님 맞이 및 안내
- 주문 접수 및 메뉴 설명
- 음식 및 음료 제공
- 테이블 정리 및 관리
- 손님 응대 및 만족도 향상",퇴직금,고용보험 산재보험 건강보험 국민연금,2026-07-27,,14.5,5.0,20.0,7.4,20.0,7.0,73.9,B
H954202607270760,강서홈케어 재가노인복지센터,[화곡2동] 재가요양보호사 모집,재가 간병인,무관,관계없음,상용직(시간제),시급 / 10320원 ,서울 강서구,,(근무시간) (오전) 10시 00분 ~ (오후) 1시 00분,주6일근무,18,마감일 (2026-09-26),방문 기타  ,이력서   ,02-860-2500,방문요양서비스,"화곡2동, 신정초등학교인근/현대하이츠빌

- 대상자: 3등급 할머니, 독거
- 근무내용: 개인위생, 가사 및 일상생활지원, 청소, 및 정리정돈, 말벗, 식사지원
- 근무시간: 10:00~13:00/주6일
- 시급: 10,320원[포괄 시급14,000원]",퇴직금,고용보험 산재보험 건강보험 국민연금,2026-07-27,,6.5,5.0,18.0,7.4,20.0,7.0,63.9,C
H954202607270543,에스엔디산업,성실하고 책임감 강한 인재를 구합니다. (검사/포장),플라스틱제품 조립원 및 검사원,무관,관계없음,계약직,월급 / 216만원 ,경기 남양주시,,(근무시간) (오전) 8시 30분 ~ (오후) 5시 30분,주5일근무,40,마감일 (2026-09-26),방문 팩스 고용24 입사지원 ,이력서 자기소개서  ,031-560-1965,자동차부품 .플라스틱부품제조,"제품 검사/포장 업무

자동차 플라스틱 부품 검사 및 포장 업무

꼼꼼하고 성실한 분 환영합니다.",퇴직연금,고용보험 산재보험 건강보험 국민연금,2026-07-27,,6.5,6.2,20.0,7.4,20.0,7.0,67.1,C
H954202607270947,주)유니하이테크,냉장 쇼케이스 수리하실분 채용합니다,전기·전자 부품·제품 조립원,무관,관계없음,상용직,시급 / 10320원 ,경기 파주시,,(근무시간) (오전) 8시 30분 ~ (오후) 5시 30분,주5일근무,,마감일 (2026-09-26),방문 팩스 고용24 입사지원 ,이력서   ,031-860-0411,냉장냉동쇼케이스,"*냉장,냉동 쇼케이스 생산 조립
*주5일(08:30~17:30)/시급 10,320원
*잔업가능자
*상여금 별도 50%지급
*1달 만근시 10만원 지급
*문산읍 통근버스 운행
*담당자 유선 통화후 방문면접가능(070-7165-9300)",퇴직연금,고용보험 산재보험 건강보험 국민연금,2026-07-27,,6.5,5.0,18.0,7.4,16.0,7.0,59.9,C
H954202607270740,행복한재가복지센터,재가요양보호사 구인,재가 간병인,무관,관계없음,상용직(시간제),시급 / 10320원 ,경기 고양시.,,(근무시간) (오전) 9시 00분 ~ (정오) 12시 00분,주6일근무,18,마감일 (2026-09-26),방문   ,기타   ,032-540-2031,재가,"-  고양시 일산서구 주엽동 81 강선마을 1302동
 -  신체, 가사, 정서, 개인활동 지원  (워커로 이동가능)
 -  4등급 여자어르신  
 - 시간당 : 13,000원(수당 포함)
 - 근무시간 : 09:00~12:00",퇴직금,고용보험 산재보험 건강보험 국민연금,2026-07-27,,6.5,5.0,18.0,7.4,20.0,7.0,63.9,C
H954202607270723,스마일시니어가온재가방문요양센터,요양보호사 구인,재가 간병인,무관,관계없음,상용직(시간제),시급 / 10320원 ,경기 여주시,,(근무시간) (오전) 10시 00분 ~ (오후) 2시 00분,주6일근무,24,마감일 (2026-09-26),고용24 입사지원 기타  ,기타   ,031-740-6792,재가 방문요양,"요양보호사님을 구인합니다.

2등급 여자어르신
근무지 : 여주시 세종대왕면 내양2길
근무시간 : 10시~14시
시급 : 수당 포함 13,000원
주6일근무
식사준비, 약복용도움,일상생활도움
 

전화주시고 센터로 방문해주세요~",퇴직금,고용보험 산재보험 건강보험 국민연금,2026-07-27,,5.0,5.0,18.0,7.4,20.0,7.0,62.4,C
H954202607270449,우리집 데이케어센터,인천 서구 우리집 데이케어센터(주야간보호센터) *조리원(조리보조)* 모집 공고,기타 조리사,무관,관계없음,계약직,월급 / 216만원 ,인천 검단구,,(근무시간) (오전) 9시 00분 ~ (오후) 6시 00분,주5일근무,40,마감일 (2026-09-26),방문 팩스 고용24 입사지원 ,이력서 기타  ,032-540-2031,주간보호센터,"안녕하세요. 우리집 데이케어센터 입니다.
47명 정원의 시설로 식수 인원은 최대 49식 이며, 조리의 질을 높이고자 조리원을 충원 합니다.

주요 업무는 주간보호센터에서 ""조리보조 및 조리 업무, 배식, 정리"" 등 업무 입니다.

주간보호센터, 요양원, 어린이집 급식 및 식당 운영경험 등 대량 급식 경험자 우대 합니다.",퇴직연금,고용보험 산재보험 건강보험 국민연금,2026-07-27,,8.0,5.0,20.0,7.4,20.0,7.0,67.4,C
H954202607270203,제이테크,용접사 채용,"전기용접원(아크,알곤,티그용접원)",무관,관계없음,상용직,월급 / 280만원 - 면접 후 협의가능 ,경기 시흥시3바514호,,(근무시간) (오전) 7시 30분 ~ (오후) 4시 30분,주5일근무,44,마감일 (2026-09-26),방문 고용24 입사지원  ,이력서   ,031-496-1913,골프카트 프레임,지게차 부품 용접,퇴직금,고용보험 산재보험 건강보험 국민연금,2026-07-27,,5.0,5.0,20.0,7.4,20.0,7.0,64.4,C
H954202607271233,바라봄케어방문요양,[압구정동/4등급 할머니/주6일 08:00~11:00] 요양보호사 모집,재가 간병인,무관,관계없음,상용직(시간제),시급 / 10320원 ,서울 강남구...,,(근무시간) (오전) 8시 00분 ~ (오전) 11시 00분,주6일근무,18,마감일 (2026-09-26),기타   ,기타   ,02-2147-3691,방문요양서비스,"º 대 상 자  : 압구정 현대아파트/4등급 할머니(독거)
              -  거동가능, 일반식, 인지양호, 당뇨있음, 팬티기저귀 착용.         
º 직무내용 :  신체활동 지원, 말벗, 일상생활지원 등

★ 지원 문의: 010-7572-3517",퇴직금,고용보험 산재보험 건강보험 국민연금,2026-07-27,,6.5,5.0,18.0,7.4,20.0,7.0,63.9,C
H954202607270698,무지개재가복지센터,관악 드림타운/3등급 여자어르신 케어 재가요양보호사 구인,재가 간병인,무관,관계없음,상용직(시간제),시급 / 10320원 ,서울 관악구147동,,(근무시간) (오전) 10시 00분 ~ (오후) 1시 00분,주6일근무,18,마감일 (2026-09-26),방문 기타  ,이력서   ,070-4048-7015,장기요양기관,"관악드림타운 아파트 3등급 독거 여자어르신(65세)

- 신체활동, 정서지원, 가사 및 일상생활지원, 외출동행 
- 시급 13,200원 (기본 시급 10,320원+주휴 및 기타수당 포함)
- 10시-13시/주6일",퇴직금,고용보험 산재보험 건강보험 국민연금,2026-07-27,,6.5,5.0,18.0,7.4,20.0,7.0,63.9,C
H954202607270877,제일씨앤에스(주),[잠실동] 리센츠아파트청소원 모집,"건물 청소원(공공건물,아파트,사무실,병원,상가,공장 등)",무관,관계없음,계약직,월급 / 175만원 ,서울 송파구잠실동 리센츠아파트,,08:00~15:30/08:00~11:00(주6일),주6일근무,32,마감일 (2026-09-26),방문 기타  ,이력서   ,02-2147-3681,"위생관리 용역, 근로자 파견","잠실동 리센츠아파트 청소 
근무시간:08:00~15:30/08:00~11:00(주6일) 휴게시간:1시간
급여:1,749,000원",퇴직금,고용보험 산재보험 건강보험 국민연금,2026-07-27,,5.0,5.0,20.0,7.4,20.0,7.0,64.4,C
H954202607270663,다사랑방문요양센터,(신림동/3등급/오후)재가요양보호사 모집,재가 간병인,무관,관계없음,상용직(시간제),시급 / 10320원 ,서울 관악구(신림로 22길 2-7) 면접시 상세주소 안내 예정,,13:00~16:00(주6일) ,주6일근무,18,마감일 (2026-09-26),기타   ,기타   ,02-3425-5834,"방문요양, 방문목욕 등 관리 및 운영","- 요양보호대상자: 3등급 할머님 (만 82세, 독거)
- 직무내용: 일상가사지원, 신체활동지원
- 장기요양급여 적용 근로시간 : 13:00~16:00(주6일) 
- 장기요양급여 적용 시급: 시급 10,320원 (주차 및 연차, 기타수당 충족시, 시급 13,300원)
- 지원방법: 통화 후, 내방(010-7773-3120, 02-477-0355)",퇴직금,고용보험 산재보험 건강보험 국민연금,2026-07-27,,6.5,5.0,18.0,7.4,20.0,7.0,63.9,C
H954202607270552,GL노인복지센터,{양지병원 부근} 2등급 여자어르신 주6일 오후(12:30~16:30) 4시간,재가 간병인,무관,관계없음,상용직(시간제),시급 / 10320원 ,서울 관악구4동 104호,,(근무시간) (오후) 12시 30분 ~ (오후) 4시 30분,주6일근무,24,마감일 (2026-09-26),방문   ,기타   ,02-879-5774,"방문요양,방문목욕외","{관악구 양지병원 부근} 2등급 여자어르신
- 부부거주(배우자:2등급 요양보호사 따로 있음)
- 방문요양서비스(가사도움, 정서지원, 말벗,신체청결 지원 등)
- 오후 4시간(12:30~16:30) / 주 6일 
- 시급: 13,500원(주휴/연차 수당 포함)
- 중증수당: 6,000원",퇴직금,고용보험 산재보험 건강보험 국민연금,2026-07-27,,6.5,5.0,18.0,7.4,20.0,7.0,63.9,C
H954202607271637,우리들어르신복지센터,주야간보호 요양보호사 선생님을 모십니다,요양 보호사 및 간병인,무관,관계없음,상용직,월급 / 216만원 ,경기 용인시,,"08:00~17:00(휴게시간:1시간)
08:30~17:30(휴게시간:1시간)
08:00~17:30(휴게시간:1시",주5일근무,40,마감일 (2026-09-26),방문 고용24 입사지원  ,이력서 자기소개서  ,031-289-2215,"재가노인장기요양(주.야간보호, 방문요양, 방문목욕)",요양보호사 주간보호 어르신 캐어 업무,퇴직금,고용보험 산재보험 건강보험 국민연금,2026-07-27,,6.5,5.0,20.0,7.4,20.0,7.0,65.9,C
H954202607270571,(주)비엠에스종합개발,아파트 내부 미화원 구인,"건물 청소원(공공건물,아파트,사무실,병원,상가,공장 등)",무관,관계없음,계약직,월급 / 162만원 ,인천 미추홀구더샵아르테 아파트,,(주중) 09:00~15:30 / (토) 09:00~12:00,주6일근무,30,마감일 (2026-09-26),방문   ,이력서   ,032-453-5988,건물관리 및 유지업,"- 더샵아르테 아파트 내부 청소
- 주6일근무
- 월~금 09:00~15:30(휴게시간 12:00~13:00) / 토 09:00~12:00 ",퇴직금,고용보험 산재보험 건강보험 국민연금,2026-07-27,,5.0,5.0,20.0,7.4,20.0,7.0,64.4,C
H954202607271073,명은전기(주),영업지원 직원 모집(사무실 영업 관련 업무),노무 사무원,무관,관계없음,상용직,최소연봉 / 3000만원 - 면접 후 협의가능 ,경기 광주시,,(근무시간) (오전) 9시 00분 ~ (오후) 6시 00분,주5일근무,40,마감일 (2026-09-26),방문 우편 팩스 고용24 입사지원,이력서   ,031-799-2754,"조명장치기구, 배관류 외",영업 사무실 지원 업무,퇴직연금,고용보험 산재보험 건강보험 국민연금,2026-07-27,,8.0,5.0,20.0,7.4,20.0,7.0,67.4,C
H954202607270964,희망재가복지센터,"(부림중학교) 4등급할아버지, 오전10~오후1, 주5",요양 보호사 및 간병인,무관,관계없음,상용직(시간제),시급 / 10320원 ,"경기 안양시,",,(근무시간) (오전) 10시 00분 ~ (오후) 1시 00분,주5일근무,15,마감일 (2026-09-26),방문 기타  ,이력서   ,031-8045-4818,"방문요양, 방문목욕","- 4등할아버지(61)-파킨슨증상, 이동시 부축 필요
- 오전10~오후1/주5
- 아파트 근처 운동 동행, 식사챙겨드리기/배우자계시나 출근함
- 산책시 휠체어 사용함, 병원동행은 착한 수레 이용
- 수당포함 시급 :13,100
- 샛별한양아파트

- 지원 및 문의 9031-8045-4818)",퇴직금,고용보험 산재보험 건강보험 국민연금,2026-07-27,,6.5,5.0,18.0,7.4,20.0,7.0,63.9,C
H954202607271451,(주)에스아이엠,용접직 직원 모집,가스용접원(산소용접원),경력,관계없음,계약직,월급 / 287만원 - 면접 후 협의가능 ,경기 김포시,,(근무시간) (오전) 8시 00분 ~ (오후) 5시 00분,주5일근무,40,마감일 (2026-09-26),팩스 고용24 입사지원  ,이력서 자기소개서  ,031-999-0922,"중장비 부품(두산인프라 코어 지게차 운전석,후드, 팬더)및 중장비 엔진 부품(머플러) 전문 회사입니다.","* CO2 용접 가능사 

근무부서 : 시작실

* 경력자 우대  / 사원급, 최소3년이상
* 타사 공무팀 근무경력자 우대 3년이상자 우대
* 면접 후 결정
* 수습기간 3개월 
* 면접시 간단한 용접 테스트 있습니다. ",퇴직연금,고용보험 산재보험 건강보험 국민연금,2026-07-27,,5.0,6.2,20.0,7.4,20.0,7.0,65.6,C
H954202607270515,남형방문요양복지센터,요양보호사 선생님을 모십니다. ,재가 간병인,무관,관계없음,상용직(시간제),시급 / 10320원 ,경기 양평군,,(근무시간) (오전) 9시 00분 ~ (정오) 12시 00분,주6일근무,16,마감일 (2026-09-26),방문   ,기타   ,031-560-1965,재가 방문요양 서비스,"수급자 신체 활동 지원
일상생활 수행  도움
4등급 여자 어르신 케어 해 주실  선생님을 구합니다.",퇴직금,고용보험 산재보험 건강보험 국민연금,2026-07-27,,6.5,6.2,18.0,7.4,20.0,7.0,65.1,C
H954202607270489,기쁨사랑복지센터,[광명7동] 1등급 할머니/재가요양보호사모집,재가 간병인,무관,관계없음,상용직(시간제),시급 / 10320원 ,경기 광명시,,(근무시간) (오전) 9시 00분 ~ (오후) 1시 00분,주6일근무,24,마감일 (2026-09-26),방문 기타  ,이력서   ,02-860-2500,장기요양기관,"광명7동, 광명중앙하이츠아파트

- 대상자: 1등급 할머니, 와상, 기저귀착용, 인지좋으심, 장루있음, 손녀와 거주, 어르신 성품 좋음, 체격 왜소하심
- 직무내용: 기저귀케어, 목욕도움, 식사(일반,죽,미음), 신체지원, 가사 및 일상생활지원
- 근무시간: 09시-13시/주6일
- 급여: 시급 10,320원[포괄 시급 13,000원], 중증수당 1일 6,000원
*  교포 비희망
* 이용자의 상황에 따라 근로시간 외 추가시간(4시간)이 있을 수 있음.",퇴직금,고용보험 산재보험 건강보험 국민연금,2026-07-27,,11.5,5.0,18.0,7.4,20.0,7.0,68.9,C
H954202607271303,다정재가노인복지센터,[답십리동/3등급/할머니/13~16시 주5일] 재가요양보호사 모집,요양 보호사 및 간병인,무관,관계없음,상용직(시간제),시급 / 10320원 ,서울 동대문구..,,(근무시간) (오후) 1시 00분 ~ (오후) 4시 00분,주6일근무,15,마감일 (2026-09-26),방문 팩스 기타 ,이력서   ,02-2286-5409,노인장기요양보험에서 등급 받으신 어르신께 돌봄서비스 제공,"노인장기요양등급 3등급 받으신 할머니댁 요양서비스 제공

근무시간 : 주5일 13:00~16:00

시급 : 10,320원 (주휴수당, 연차수당 별도지급)",퇴직금,고용보험 산재보험 건강보험 국민연금,2026-07-27,,5.0,6.2,18.0,7.4,20.0,7.0,63.6,C
H954202607270483,널스홈케어 간호요양센터,[감일스윗시티6단지] 3등급 여자 어르신 재가요양보호사 모집,재가 간병인,무관,관계없음,상용직(시간제),시급 / 10320원 ,경기 하남시,,(근무시간) (오전) 9시 00분 ~ (오후) 1시 00분,주6일근무,24,마감일 (2026-09-26),기타   ,기타   ,031-790-6897,노인 요양 복지시설,"[감일스윗시티6단지] 3등급 여자(27년생) 어르신 재가요양보호사 모집

 ㅇ독거, 보행 가능, 식사제공 및 가사 도움, 샤워도움 등
 ㅇ근무시간 : 주6일(월~금) 09:00 ~ 13:00
 ㅇ급여 : 기본시급 10,320원 + 기타수당 포함 = 시급 13,000원

◆전화( 02-451-4528 )상담 후 지원◆",퇴직금,고용보험 산재보험 건강보험 국민연금,2026-07-27,,6.5,5.0,18.0,7.4,20.0,7.0,63.9,C
H954202607270468,비지팅엔젤스 금천방문요양지점,"독산1동] 5등급 여, 9~12시, 주6일, 치매교육이수자(필수)",재가 간병인,무관,관계없음,상용직(시간제),시급 / 10320원 ,서울 금천구,,(근무시간) (오전) 9시 00분 ~ (정오) 12시 00분,주6일근무,18,마감일 (2026-09-26),방문 기타  ,기타   ,02-2627-1919,"노인실버사업, 방문요양, 방문목욕","○ 치매교육이수자(필수)

○ 5등급  여

○ 포괄 시급 13000원",퇴직금,고용보험 산재보험 건강보험 국민연금,2026-07-27,,5.0,6.2,18.0,7.4,20.0,7.0,63.6,C
H954202607270429,다비다재가복지센터,[계양구] 계양1동 주민센터 뒤 아름빌라 (4등급) 여자 어르신 요양보호사님 구합니다.,재가 간병인,무관,관계없음,상용직(시간제),시급 / 10320원 ,인천 계양구8동,,(근무시간) (오전) 9시 30분 ~ (오후) 12시 30분,주6일근무,15,마감일 (2026-09-26),방문   ,기타   ,032-540-5764,방문요양재가서비스,"-대상 :4등급 여자 어르신(거동가능)
-직무내용: 일상생활지원서비스
-근무시간 :오전 09:30~12:30 또는 12:30~15:30/주6일
-시급 13,100
-근무지:계양구 장제로1289번길 8-4 (장기동)
-마음 따뜻한 요양 보호사님  많이 지원해주세요~^^",퇴직금,고용보험 산재보험 건강보험 국민연금,2026-07-27,,6.5,5.0,18.0,7.4,20.0,7.0,63.9,C
H954202607270373,스마일시니어 시흥재가방문요양센터,재가 요양보호사 구인,재가 간병인,무관,관계없음,상용직(시간제),시급 / 10320원 ,경기 시흥시,,(근무시간) (오전) 9시 00분 ~ (정오) 12시 00분,주6일근무,18,마감일 (2026-09-26),기타   ,기타   ,031-310-4477,방문복지서비스제공업,"* 3등급 할머니/독거
* 09:00~12:00, 주6일
* 시급(주휴수당등 포함) 13,000원
* 거동, 인지 양호",퇴직금,고용보험 산재보험 건강보험 국민연금,2026-07-27,,5.0,6.2,18.0,7.4,20.0,7.0,63.6,C
H954202607270367,늘푸른돌봄센터 노원점,요양보호사 구인,재가 간병인,무관,관계없음,상용직(시간제),시급 / 10320원 ,서울 성동구,,(근무시간) (오전) 9시 00분 ~ (정오) 12시 00분,주6일근무,18,마감일 (2026-09-26),방문   ,기타   ,02-956-9620,방문요양. 방문목욕,"- 4등급 남자 어르신
- 주 6일근무 / 9시~12시
- 시급  평균 13,358원(10,320원+주휴수당 등)
- 병원동행, 심부름, 간단한 가사(청소, 원하실 때만 반찬만들기)",퇴직금,고용보험 산재보험 건강보험 국민연금,2026-07-27,,5.0,5.0,18.0,7.4,20.0,7.0,62.4,C
H954202607270321,다원복지센터,재가) 요양보호사 구인,재가 간병인,무관,관계없음,상용직(시간제),시급 / 10320원 ,경기 시흥시,,(오후) 4시 00분~(오후) 7시 00분,주6일근무,18,마감일 (2026-09-26),방문   ,이력서   ,031-496-1912,방문요양,"- 장곡동 LH19단지

- 4등급 / 70대 / 여자어르신

- 월~ 토 / 16:00 ~ 19:00

- 월 24회

- 급여 : 시급 13,000원  ( 기본시급 10,320 + 주휴수당 2,064원 + 연차수당 594 )",퇴직금,고용보험 산재보험 건강보험 국민연금,2026-07-27,,5.0,5.0,18.0,7.4,20.0,7.0,62.4,C
H954202607270250,(주)건강한 어르신들의 세상,[신도림동] 재가 요양보호사 모집,재가 간병인,무관,관계없음,상용직(시간제),시급 / 10320원 ,서울 구로구,,(근무시간) (오전) 9시 00분 ~ (오후) 1시 00분,주6일근무,24,마감일 (2026-09-26),방문 기타  ,기타   ,02-860-2159,"장기요양, 경영컨설팅외","[신도림동] 

-대상자: 2등급 할머니 / 거동가능하나 휠체어 사용 
-근무내용: 신체지원, 가사 및 일상생활지원 등
-근무시간: 09~13시 또는 13~17시 / 주6
- 시급: 10,320원[포괄 시급 13,000원]
* 교포 비희망",퇴직금,고용보험 산재보험 건강보험 국민연금,2026-07-27,,6.5,5.0,18.0,7.4,20.0,7.0,63.9,C
H954202607270218,더평안노인복지센터,[권선동] 요양보호사 모집,재가 간병인,무관,관계없음,상용직(시간제),시급 / 10320원 ,경기 수원시,,(근무시간) (오전) 8시 30분 ~ (오후) 12시 30분,주6일근무,24,마감일 (2026-09-26),방문 기타  ,이력서 기타  ,031-5191-8624,"재가복지센터(방문요양,방문목욕)","- 2등급 여자어르신
- 개인위생도움, 일상생활지원, 가사지원, 식사챙겨드리기, 정서지원, 말벗
- 주6일
- 근무시간: 08:30~12:30(4시간)
- 시급 : 10,320원(주휴수당,기타수당 포함 13,000원/ 중증가산금 별도)
=> 전화문의 후 지원 ( 031-213-8898/010-6672-8674) 바랍니다",퇴직금,고용보험 산재보험 건강보험 국민연금,2026-07-27,,6.5,5.0,18.0,7.4,20.0,7.0,63.9,C
H954202607270211,새희망노인복지센터,방문요양보호사(임학동),재가 간병인,무관,관계없음,상용직(시간제),시급 / 10320원 ,인천 계양구.,,(근무시간) (오전) 10시 00분 ~ (오후) 1시 00분,주6일근무,18,마감일 (2026-09-26),방문 팩스  ,기타   ,032-517-1620,방문요양외,"<3등급 남 어르신 / 독거 >
-근무시간: 10:00 ~13:00 ( 주6일 일3시간) 
- 근무지: 임학동
- 시급 10,320원(시13,000 제수당 포함)
- 업무내용: 식사챙기기, 기본적인 가사지원 등",퇴직금,고용보험 산재보험 건강보험 국민연금,2026-07-27,,8.0,5.0,18.0,7.4,20.0,7.0,65.4,C
H954202607270185,가연노인복지센터,"[송산동] 3,4등급 부부 어르신 요양보호사 ",재가 간병인,무관,관계없음,상용직(시간제),시급 / 14000원 ,경기 화성시168-19,,"11시~17시 30분(휴게시간 30분)
*근무시간 협의가능",주6일근무,36,마감일 (2026-09-26),방문 기타  ,기타   ,031-892-0242,"방문요양, 방문목욕","[송산동] 3,4등급 부부 어르신 요양보호사 

▣ 근무 내용 : 방문요양(3등급-여자 어르신, 4등급-남자 어르신)
▣ 근무 시간 :  11시~17시 30분(휴게시간 30분)/1일 6시간 *근무시간 협의 가능
▣ 임금 : 시급 14000원
▣ 근무지 : 경기도 화성시 병점구 용주로32번길 49(송산동) 168-19",퇴직금,고용보험 산재보험 건강보험 국민연금,2026-07-27,,5.0,5.0,18.0,7.4,20.0,7.0,62.4,C
H954202607270121,늘푸른방문요양,양주 덕계동 방문 요양보호사 선생님을 모십니다. (4등급 여자 어르신),재가 간병인,무관,관계없음,상용직(시간제),시급 / 10320원 ,경기 양주시.,,(근무시간) (오전) 9시 00분 ~ (정오) 12시 00분,주6일근무,18,마감일 (2026-09-26),방문 고용24 입사지원  ,이력서   ,031-828-0921,재가요양센터,"늘푸른 방문요양센터에서 따뜻한 마음으로 어르신을 모실 요양보호사 선생님을 모십니다. 


？ 대상자 : 4등급 여자 어르신

？ 근무지 :  양주시 평화로1416번길 14 (덕계동, 신우아파트)

？ 근무일 : 월요일~토요일 (월 24회) 

？ 근무시간 :  오전 9시부터 ~ 12시 
      
？ 급  여 : 포괄시급 13,000원
            (2026년 기본시급？10,320원？+？주휴수당？+？연차수당？+？기타수당)

？ 주요업무 : 일상생활 지원",퇴직금,고용보험 산재보험 건강보험 국민연금,2026-07-27,,13.0,5.0,18.0,7.4,20.0,7.0,70.4,B
H954202607270058,정성다해복지센터,[개봉1동] 재가요양보호사 모집,재가 간병인,무관,관계없음,상용직(시간제),시급 / 10320원 ,서울 구로구245,,(근무시간) (오전) 9시 00분 ~ (정오) 12시 00분,주6일근무,18,마감일 (2026-09-26),방문 기타  ,이력서 기타  ,02-860-2500,재가요양센터,"개봉1동, 개봉1동사거리인근 

- 대상자: 4등급 할머니, 거동가능
- 직무내용: 식사 및 간식준비, 청소 등 가사 및 일상생활지원 등 전반적인 요양서비스
- 근로시간: 09:30~12:30 / 주6일 
- 급여:  시급 10,320원[포괄 시급 13,000원]",퇴직금,고용보험 산재보험 건강보험 국민연금,2026-07-27,,6.5,5.0,18.0,7.4,20.0,7.0,63.9,C
H954202607270084,동양판넬공업(주),건축자재 패널 생산직 사원 모집,제조 단순 종사원,무관,관계없음,상용직,최소연봉 / 3200만원 ,경기 양주시,,"(월~금) 08:30~17:30 (17:30 ~ 19:00 까지 별도수당 지급)

- 한달에 한번 토요일 근",주5일근무,40,마감일 (2026-09-26),고용24 입사지원   ,이력서   ,031-849-2332,단열재판넬,단순노무직(건축자재 패널 제조 생산),퇴직금,고용보험 산재보험 건강보험 국민연금,2026-07-27,,5.0,5.0,20.0,7.4,20.0,7.0,64.4,C
H954202607271481,영전산업(주),건설.전기공사 분야 관련 영업직 사무원(경력직) 구합니다.,노무 사무원,경력,전문대학,계약직,최소연봉 / 3500만원 - 면접 후 협의가능 ,경기 화성시1동,,(근무시간) (오전) 8시 00분 ~ (오후) 5시 00분,주5일근무,40,마감일 (2026-09-26),방문 우편 팩스 고용24 입사지원,이력서 자기소개서 졸업증명서 ,031-290-0822,"전원공급장치(smps), 케이블트레이.케이블닥트","**제품견적 및 업체 영업(판매)관리**

**업체 영업관리 **

(관련 근무 경험자 우대)
업무용 차량제공

[일반영업 > 영업 계약체결관리]
계약조건 검토하기,계약 협상하기,계약서 작성하기,계약 수주 통지하기

[일반영업 > 영업 계약이행관리]
계약 변경 사항 관리하기,납품 · 인도 관리하기,수금 관리하기

[일반영업 > 영업 유지관리]
업체 관리하기",퇴직연금,고용보험 산재보험 건강보험 국민연금,2026-07-27,,8.0,5.0,20.0,7.4,20.0,7.0,67.4,C
H954202607271562,성북힐요양원,성북힐요양원에서 요양보호사 선생님을 모십니다.(주주야야휴휴),요양 보호사 및 간병인,무관,관계없음,계약직,월급 / 225만원 ,서울 성북구성북힐요양원,,"[주주야야휴휴] (명절무관)

09시 ~ 18시/ 18시 ~ 익일 09시 / 휴무
주간 09:00 ~ ",주5일근무,40,마감일 (2026-09-26),방문 팩스 고용24 입사지원 ,이력서 자기소개서  ,02-3406-0941,노인 요양 시설,"성북힐요양원에서 요양보호사 선생님을 모집합니다. 

면접 시 일정 조율합니다.

09시 ~ 18시/ 18시 ~ 익일 09시 / 휴무
주간 09:00 ~ 18:00 (휴게시간 12시~13시) 
야간 18:00 ~ 익일 09:00 (휴게시간 22시~익일 04시 익일 06시~07시) 
주주야야휴휴 (명절무관) 

본 구인은 주주야야휴휴 구인임을 밝힙니다.

지원 전, 요양원 위치를 꼭 확인해주세요. 

한성대입구역 6번출구에서 1111, 1112, 2112 승차 후 
회차지점 <서울 다원학교, 한용운 활동터>에서 하차 후 5분 거리에 있습니다. 

요양보호사 자격증은 필수 입니다.",퇴직금,고용보험 산재보험 건강보험 국민연금,2026-07-27,,11.5,5.0,20.0,7.4,20.0,7.0,70.9,B
H954202607271153,(주)대진에스에이,판금 용접원 구인합니다!!,용접원,무관,관계없음,상용직,월급 / 216만원 ,경기 화성시(주)대진에스에이,,(근무시간) (오전) 7시 30분 ~ (오후) 4시 30분,주5일근무,40,마감일 (2026-09-26),방문 우편 팩스 ,이력서 자기소개서 경력증명서 ,031-290-0823,판금및후레임,"(주) 대진에스에이 생산부 용접원 모집합니다.

<우리 회사는 1996년 대진공업을 시작으로 설립된 반도체, 디스플레이, 배터리 장비 판금 및 프레임 가공 전문기업으로, 화성시 팔탈면에 위치하고 있습니다.>


？？ 자격요건 및 주요업무

1. 도면 보는법에 능숙하거나 경력자 지원가능(급여협의)

2. 학력무관, 성별무관, 졸업 예정자 지원가능

3. 신입(초보자 환영합니다^^교육 해드립니다.) 

4. 주요업무

1) SUS, 스틸 판금 용접 (알곤용접)
2) 레이저 용접도 있어서 알려드립니다.
3. 도면 보시고 도면에 맞게 용접

？？ 근무조건

？ 고용형태 : 정규직

？ 급여 : 면접시 협의

？ 근무지 : 경기도 화성시 만세구 팔탄면 석포로68-39

？ 근무시간(조정가능)
  - 월,화,목,금  : 07시30분~17시 / 야근 : 17시30분~20시
  - 수 : 07시30분~16시30분


？？ 복지 및 혜택

？ 리프레시 : 연차

？ 급여제도 : 퇴직연금, 4대 보험？ 교육/생활 : 점심식사 제공 / 회사 내 기숙사 제공 가능

？ 선물 : 명절선물

？ 근무 환경 : 현장직


？？ 채용절차

？ 접수기간 
: 2026-03-17  ~ 채용시

？ 제출서류 
: 이력서, 자기소개서, 경력증명서

？ 접수방법  
e-mail : djsy7615@naver.com 
FAX 지원 :  031-359-9024

？ 전형절차 
: 서류전형 → 1차면접 → 최종합격


？？？ 유의사항

？ 입사지원 서류에 허위사실이 발견될 경우, 채용확정 이후라도 채용이 취소될 수 있습니다.

？ 채용시 마감됩니다.",퇴직연금,고용보험 산재보험 건강보험 국민연금,2026-07-27,,13.0,5.0,20.0,7.4,20.0,7.0,72.4,B
H954202607271003,(주)메트로패밀리,[M프라자] 대규모 건물 인사·총무/관리비 부과 경력직 채용,총무 및 일반 사무원,경력,관계없음,계약직,월급 / 250만원 - 면접 후 협의가능 ,경기 평택시M프라자,,(근무시간) (오전) 9시 00분 ~ (오후) 6시 00분,주5일근무,40,마감일 (2026-09-26),고용24 입사지원   ,이력서   ,031-646-1269,"통신기기 및 잡화. 임대, 영화관/","대규모 집합건물 관리 운영을 함께할 숙련된 관리 실무자(경력직)를 모십니다.
관리비 부과 운영부터 인사·노무, 제반 총무 업무까지 전반적인 운영 실무를 차질 없이 이끌어주실 인재의 많은 지원 바랍니다.

1. 담당 업무
[관리비 부과 및 수분양자 관리] (필수)
- 대규모 건물 관리비 계산, 정산 및 부과 명세서 발급
- 수분양자/입주자 전출입 관리 및 관련 민원·업무 대응
- 관리비 미수금(체납) 현황 관리, 독촉, 미수채권 회수 관련 실무

[인사 / 노무 / 급여 관리]
- 직원 급여 계산, 4대 보험 취득/상실 및 변경 신고
- 퇴직금 정산, 원천세 신고, 사업소득 및 연말정산 실무
- 근태 관리 및 연차유급휴가 발생·사용·정산 관리

[건물 관리 총무 및 기타]
- 건물 종합보험(화재, 영업배상책임 등) 가입, 갱신 및 사고 처리
- 기타 운영에 필요한 행정 및 총무 지원 업무

2. 지원 자격 및 우대 사항
필수 자격 요건
- 대규모 건물/집합건물 관리비 계산 및 부과 실무 경력 필수
- 학력: 무관
- 경력: 관련 경력 3년 이상 

우대 사항
- 대규모 지식산업센터, 상가, 오피스, 아파트형 공장 관리단/위탁사 근무 경험자
- 관리비 부과 전산 프로그램(빌딩마스타) 숙련자
- 인사/노무/급여 실무 전반에 대한 이해도가 높고 정확한 일 처리가 가능한 분
- 수분양자 및 입주민과의 원활한 소통 능력을 갖추신 분

3. 근무 조건
- 근무 형태: 정규직 (수습기간 3 개월)
- 근무 요일: 주 5일 (월~금) 09:00 ~ 18:00
- 근무지: 경기도 평택시 중앙로46, 4008호(평택동,M-프라자)
- 급여: 면접 후 결정 (희망 연봉 기재 요망)",퇴직금,고용보험 산재보험 건강보험 국민연금,2026-07-27,,20.5,5.0,20.0,7.4,20.0,7.0,79.9,B
H954202607271249,(주)365올케어 재무회계,장기요양기관 재무회계 담당자 채용,회계 사무원,경력,관계없음,상용직,월급 / 216만원 - 면접 후 협의가능 ,서울 마포구,,(근무시간) (오전) 9시 00분 ~ (오후) 6시 00분,주5일근무,40,마감일 (2026-09-26),고용24 입사지원   ,이력서 자기소개서  ,02-2077-3498,사업자등록번호 (685-85-03014)  - 개업년월일: 2025.7.16.   - 업종: 기타 전문 서비,"[주요업무]
？ 장기요양기관(비영리) 재무회계 전반적인 업무
？ 경력자의 경우에 내부직원 교육


[우대사항]
？ 장기요양기관 경력자
？ 장기요양기관 회계업체 경력자 

[회사소개]
365재무회계는 25년 새롭게 출범한 회사로서
각 기관의 운영 특성을 반영한 맞춤형 재무·회계 서비스를 제공하는
장기요양기관 맞춤형 프로그램 회사입니다.

[홈페이지 소개]
https://365allcare.kr/",퇴직금,고용보험 산재보험 건강보험 국민연금,2026-07-27,,13.0,6.2,20.0,7.4,20.0,7.0,73.6,B
H954202607271671,주식회사 엔젤스태프,[서남병원]  2교대 병동보조 모집,요양 보호사 및 간병인,무관,고등학교,계약직,월급 / 226만원 ,서울 양천구,,"D 6:30-14:30, E 14:00-22:00 / 주 40시간 스케줄 근무",주5일근무,40,마감일 (2026-09-26),   ,이력서 자기소개서  ,02-2692-4549,"위생관리용역, 시설경비업,청소, 미화","모집직종: 병동보조, 요양보호사(3명)
직무내용: - 환자 활동지원(신체 등)
- 간호보조(자세변경, 위생관리, 식사보조 등)
- 기타 간호사 및 조무사 지시업무
근무지: 서울 양천구 신정이펜1로 20(신정동) 서울서남병원
근무시간: D 6:30-14:30, E 14:00-22:00 
(월~일, 주 5일 40시간)
급여: 월급 2,256,880원
비고: 계약직(24개월), 4대보험, 퇴직금
* 요양보호사 우대 
지원방법: 이력서, 자기소개서,서류,면접",퇴직금,고용보험 산재보험 건강보험 국민연금,2026-07-27,,14.5,5.0,20.0,7.4,20.0,4.0,70.9,B
H954202607270878,세무법인대명,세무사사무실 직원 초빙합니다,회계 사무원(회계·세무 사무소),경력,관계없음,상용직,최소연봉 / 3500만원 ,서울 강서구우림블루나인 A동 906호,,(근무시간) (오전) 9시 30분 ~ (오후) 5시 30분,주5일근무,35,마감일 (2026-09-26),   ,이력서   ,02-2063-6725,세무사업,업무내용 : 장부기장 및 각종 세무신고,퇴직금,고용보험 산재보험 건강보험 국민연금,2026-07-27,,6.5,5.0,20.0,7.4,20.0,4.0,62.9,C
H954202607270239,영시큐리티,문촌마을1단지우성아파트 미화원 모집합니다. [복지카드 소지자 우대],"건물 청소원(공공건물,아파트,사무실,병원,상가,공장 등)",무관,관계없음,계약직,월급 / 135만원 ,경기 고양시문촌마을1단지아파트,,(근무시간) (오전) 8시 00분 ~ (오후) 1시 00분,주6일근무,25,마감일 (2026-09-26),고용24 입사지원   ,이력서   ,031-739-3116,종합시설관리,"*문촌마을1단지 우성아파트 미화원 모집합니다 
(경기도 고양시 일산서구)

급여 :  월 1,351,920원
근무시간 : 평일 : 08시 ~ 13시 (휴게 10:30~11:00 : 30분포함)
               토요일 : 09시 ~ 12시

[복지카드소지자 우대]
[아파트 미화 경력자 우대, 신주경험자 우대]
연령제한 x
성실하게 오랫동안 같이하실분~",퇴직연금,고용보험 산재보험 건강보험 국민연금,2026-07-27,,10.0,5.0,20.0,7.4,20.0,7.0,69.4,C
H954202607271238,(주)365올케어 재무회계,장기요양기관 세무업무 경력자를 채용합니다.,회계 사무원(회계·세무 사무소),경력,관계없음,상용직,월급 / 216만원 - 면접 후 협의가능 ,서울 마포구,,(근무시간) (오전) 9시 00분 ~ (오후) 6시 00분,주5일근무,40,마감일 (2026-09-26),고용24 입사지원   ,이력서 자기소개서  ,02-2077-3498,사업자등록번호 (685-85-03014)  - 개업년월일: 2025.7.16.   - 업종: 기타 전문 서비,"[주요업무]
？ 4대보험 취득 및 상실 관련 업무
？ 원천세 신고 업무
？ 연말정산 업무


[우대사항]
？ 장기요양기관 경력자
？ 세무법인 경력자
？ 노무법인 경력자
？ 4대보험 실무경력자
？ 장기요양기관 회계업체 경력자 

[회사소개]
365재무회계는 25년 새롭게 출범한 회사로서
각 기관의 운영 특성을 반영한 맞춤형 재무·회계 서비스를 제공하는
장기요양기관 맞춤형 프로그램 회사입니다.

[홈페이지 소개]
https://365allcare.kr/",퇴직금,고용보험 산재보험 건강보험 국민연금,2026-07-27,,13.0,6.2,20.0,7.4,20.0,7.0,73.6,B
H954202607270983,비앤지컨설팅,[경기 화성시] 한울초등학교 미화원 모집,"건물 청소원(공공건물,아파트,사무실,병원,상가,공장 등)",경력,관계없음,상용직,시급 / 10320원 ,경기 화성시한울초등학교 ,,"근무시간 : 08:00~16:00
- 근무시간 5.35시간(식사시간:1시간 별도 휴게시간: 1.65",주5일근무,,마감일 (2026-09-26),고용24 입사지원 기타  ,이력서   ,02-3406-0942,"아웃소싱, 인력관리","[한울초등학교 미화원 모집]

- 근무지 : 한울초등학교 미화원 모집 (경기도 화성시 향남읍 행정중앙1로 25)

- 업무내용 : 학교 건물 공용 부분 청소 (외곽 청소 등)
- 근무시간 : 08:00~16:00 / 실근무시간 5.35시간(식사시간:1시간 휴게시간: 1.65시간 적용) 

- 급여 : 1,439,450원 (10,320원(최저시급) x 139.482시간 (월근무시간(주휴시간포함)))

- 출근일 : 면접 시 안내


* 청소경험 없으셔도 지원 가능 합니다.",퇴직금,고용보험 산재보험 건강보험 국민연금,2026-07-27,,13.0,5.0,18.0,7.4,16.0,7.0,66.4,C
H954202607270677,(주)신우비엠,[다산동] 에이스 병원 실내미화원 모집.,"건물 청소원(공공건물,아파트,사무실,병원,상가,공장 등)",무관,관계없음,계약직(시간제),월급 / 163만원 ,경기 남양주시,,"평일 07:00-14:00 (휴게 09:30~11:30, 12:00~13:30),
토요일 07:00-12:00 (휴게 10:00~11:00)
근",주6일근무,27,마감일 (2026-09-26),방문 팩스 고용24 입사지원 기타,이력서   ,031-560-5834,부동산관리,"- 병원 청소 업무(2~7층)- 병실,사무실,복도,화장실 청소(2개층 담당)  
- 주6일, 평일 07:00-14:00 (휴게시간 09:30~11:30, 12:00~13:30)  토요일 07:00-12:00 (휴게시간 10:00~11:00)
- 점심제공
- 근무시간 조정가능",퇴직연금,고용보험 산재보험 건강보험 국민연금,2026-07-27,,8.0,5.0,20.0,7.4,20.0,7.0,67.4,C
H954202607271471,일신환경(주),[서창동] 서창남로소재 이편한세상 아파트 외곽미화직 구인 ,"건물 청소원(공공건물,아파트,사무실,병원,상가,공장 등)",무관,관계없음,계약직(시간제),월급 / 195만원 ,인천 남동구소재,,월~금 08:30~16:00 (휴게시간 1시간)/ 토요일 08:30~11:30 ,주6일근무,32,마감일 (2026-09-26),방문   ,이력서   ,032-719-3956,청소,"[남동구] 서창남순환로 이편한세상 아파트 외곽미화원 모집
* 아파트 외곽 청소 / 실내. 실외 공용부분 청소 및 재활용. 음식물쓰레기 등 정리
* 근무시간  : 월~금 08:30~16:00 (휴게시간 1시간)/ 토요일 08:30~11:30      
* 급  여 : 1,953,400원 ",퇴직연금,고용보험 산재보험 건강보험 국민연금,2026-07-27,,5.0,5.0,20.0,7.4,20.0,7.0,64.4,C
H954202607271121,힐링하우스 실버요양센터,힐링하우스 실버요양센터에서 시설관리인을 모집 합니다,빌딩 전기관리원,무관,관계없음,계약직,월급 / 250만원 ,경기 용인시,,(근무시간) (오전) 9시 00분 ~ (오후) 6시 00분,주5일근무,40,마감일 (2026-09-26),고용24 입사지원   ,이력서   ,031-289-2215,노인 복지시설,요양원 시설 관리인,퇴직연금,고용보험 산재보험 건강보험 국민연금,2026-07-27,,6.5,5.0,20.0,7.4,20.0,7.0,65.9,C
H954202607271569,주식회사 삼오종합관리,[성남시 중원구 상대원동] 하이콘 1공장 미화조장(외곽 청소 및 분리수거) 모집 ,"건물 청소원(공공건물,아파트,사무실,병원,상가,공장 등)",경력,관계없음,계약직,월급 / 236만원 ,경기 성남시하이콘 1공장,,(근무시간) (오전) 9시 00분 ~ (오후) 6시 00분,주5일근무,40,마감일 (2026-09-26),기타   ,이력서   ,031-729-4884,"건물종합관리, 청소위생관리, 시설경비업, 주차관리, 인력공급업","- 경기도 성남시 중원구 상대원동 하이콘 1공장 미화조장 모집

- 주  소 : 경기도 성남시 중원구 사기막골로 117(상대원동 138-3), 하이콘 1공장

- 모집인원 : 미화조장 1명

- 근무시간 : 09:00~18:00(근무시간 조정 예정), 휴게 1시간

- 근무일 : 주 5일제

- 급  여 : 2,364,870원

- 근무조건 : 분리수거 및 외곽 청소

- 우대조건 : 경력자, 인근거주자, 복지카드 소지자(별도 수당 지급) 등 우대

- 이력서 사진 찍어서 문자전송",퇴직금,고용보험 산재보험 건강보험 국민연금,2026-07-27,,10.0,5.0,20.0,7.4,20.0,7.0,69.4,C
H954202607270574,(주)예스종합관리,[대륭테크노타운6차] 미화원  _ 경력자,"건물 청소원(공공건물,아파트,사무실,병원,상가,공장 등)",경력,관계없음,계약직,월급 / 234만원 ,서울 금천구대륭테크노타운6차,,(근무시간) (오전) 6시 30분 ~ (오후) 3시 30분,주5일근무,40,마감일 (2026-09-26),팩스 기타  ,이력서   ,02-2627-1919,근로자파견업/ 건물 시설유지관리업/경비업/위생관리업 외,"○ 지식산업센터  청소원 2명, 경력6개월이상(필수), 월급 2,335,010원

○ 외곽 청소 1명 (청소차, 돌돌이 가능자), 경력1년이상 (필수), 월급 2,371,640원

○ 팩스(02-2108-5883)로 이력서 접수 후 면접 진행",퇴직금,고용보험 산재보험 건강보험 국민연금,2026-07-27,,5.0,5.0,20.0,7.4,20.0,7.0,64.4,C
H954202607271047,(주)하이원,운전기사 (방문목욕 차량) 모집,경·소형 화물차 운전원,경력,관계없음,상용직,시급 / 10320원 ,인천 제물포구현대상가 305호,,(근무시간) (오전) 6시 00분 ~ (오후) 3시 00분,주6일근무,,마감일 (2026-09-26),방문 팩스 고용24 입사지원 ,이력서   ,032-460-4837,"방문요양,방문목욕","복지센터 방문목욕차 운전
기사 1명, 요양보호사 2명이 3인 1조로 함께 근무함, 운전기사 모집 

기본급 : 10,320 식대 별도 지급
수당 포함하여 건당 15,400 원
하루 8명 제공시 5000원 추가 지급
한달 급여 250-280만원",퇴직금,고용보험 산재보험 건강보험 국민연금,2026-07-27,,5.0,5.0,18.0,7.4,16.0,7.0,58.4,C
H954202607271483,범창기업주식회사,[정자동] 상가 미화원 채용,"건물 청소원(공공건물,아파트,사무실,병원,상가,공장 등)",경력,관계없음,계약직,월급 / 95만원 ,경기 수원시,,직무내용 참고,주6일근무,17,마감일 (2026-09-26),방문 팩스  ,이력서   ,031-289-2264,건물(빌딩) 시설물 종합관리,"-선일3차 프라자 공용부분 청소
-근무시간: 주6일 08:00~12:00(휴게시간 09:30~10:30)/토08:00~10:00
-급여 : 월950,000원",퇴직연금,고용보험 산재보험 건강보험 국민연금,2026-07-27,,5.0,5.0,20.0,7.4,20.0,7.0,64.4,C
H954202607271421,백금선세무회계사무소,"세무회계사무소에서 근무할 신입, 경력직 구합니다.",회계 사무원(회계·세무 사무소),경력,관계없음,상용직,최소연봉 / 3000만원 - 면접 후 협의가능 ,경기 고양시923호 (장항동),,(근무시간) (오전) 9시 00분 ~ (오후) 6시 00분,주5일근무,40,마감일 (2026-09-26),고용24 입사지원   ,이력서   ,031-920-3943,기장및 세무대리,"거래처 기장업무. 

 세무, 회계, 무역관련 전공자 우대

 한글 엑셀 자격증 소지자 우대

 연봉 : 신입 : 3,000만원 이상
          경력 : 경력에 따라 협의 가능",퇴직연금,고용보험 산재보험 건강보험 국민연금,2026-07-27,,6.5,5.0,20.0,7.4,20.0,7.0,65.9,C
H954202607270430,주식회사 케이식스,지식산업센터 미화원 모집,"건물 청소원(공공건물,아파트,사무실,병원,상가,공장 등)",경력,관계없음,계약직,월급 / 175만원 ,경기 수원시,,(근무시간) (오전) 7시 30분 ~ (오후) 3시 00분,주5일근무,32,마감일 (2026-09-26),팩스   ,이력서   ,031-5191-8624,"위생관리용역, 건물시설관리","[영통아이파크 디어반 지식산업센터] 건물 미화원 모집
- 담당업무 : 건물 실내외 청소
- 근무시간 : 주 5일 근무
- 근무시간 :  07:30~15:00 (휴게시간:12:00~13:00)
- 급여 : 월 175만원(세전)
- 근무지 : 수원시 영통구 신원로 250번길 53(영통아이파크디어반 지식산업센터)
- 제출서류 : 이력서
- 지원방법 : 팩스: 031-295-9261  이메일 접수(yturban0830@naver.com) /",퇴직금,고용보험 산재보험 건강보험 국민연금,2026-07-27,,14.5,5.0,20.0,7.4,20.0,7.0,73.9,B
H954202607271523,주식회사 벗이(Versi),(장애인만 채용)용인 정신병원 내 카페첼로에서 바리스타 모집,음료 조리사(바리스타 포함),무관,관계없음,계약직,월급 / 108만원 ,경기 용인시용인정신병원 내 카페첼로,,(근무시간) (오전) 8시 00분 ~ (오후) 2시 00분,기타,20,마감일 (2026-09-26),고용24 입사지원 기타  ,이력서 자기소개서  ,031-289-2266,용인정신병원,"병원 내 카페첼로에서 바리스타 업무 및 매점관리, 발주, 포스업무

근무시간 8시~14시/주 4일근무(토,일근무 가능자, 스케줄근무)

성실하고 오래 일할 장애인 직원 구인합니다.",퇴직금,고용보험 산재보험 건강보험 국민연금,2026-07-27,,8.0,5.0,20.0,7.4,15.0,7.0,62.4,C
H954202607270406,(주)씨엠시설관리,[대치동/삼성역인근] 빌딩 미화원 모집,"건물 청소원(공공건물,아파트,사무실,병원,상가,공장 등)",경력,관계없음,계약직,월급 / 173만원 ,서울 강남구 세안빌딩,,06:30~13:30/주5일(휴게2.5시간),주5일근무,28,마감일 (2026-09-26),방문 기타  ,이력서   ,02-2094-2247,"경비업,청소업,소독업","삼성역 인근 빌딩 공용부분 청소
06:30~13:30/주5일(휴게2.5시간)
월1,725,000원

* 담당자 유선 통화 후 면접(010-6341-2517)",퇴직금,고용보험 산재보험 건강보험 국민연금,2026-07-27,,6.5,5.0,20.0,7.4,20.0,7.0,65.9,C
H954202607270089,가족행복 방문 요양센터,백석읍(세아청솔아파트) 재가요양보호사 채용,재가 간병인,무관,관계없음,상용직,시급 / 10320원 ,경기 양주시비공개,,？ 주5일근무/근무시간: 13:00~16:00,주5일근무,0,마감일 (2026-09-26),방문 기타  ,이력서   ,031-849-2340,재기방문요양,"- 4등급 할머니 (독거, 가사, 취사, 말벗)
- 수당포함 13,000원",퇴직금,고용보험 산재보험 건강보험 국민연금,2026-07-27,,5.0,5.0,18.0,7.4,20.0,7.0,62.4,C
H954202607270920,주식회사  에코스킨 (Eco Skin Inc.),생산직 사원모집,제조 단순 종사원,무관,관계없음,상용직,월급 / 216만원 - 면접 후 협의가능 ,경기 화성시,,(근무시간) (오전) 8시 30분 ~ (오후) 5시 30분,주5일근무,40,마감일 (2026-09-26),방문   ,이력서   ,031-290-0823,부직포,"[모집직무]
모피 및 가죽 의복 제조원, 국수 및 면류제품 생산기계 조작원, 플라스틱 금형 제조원

[직무소개]
우리 회사는 다양한 의류 소재를 제작하는 업계 선두 기업입니다.  본 인턴십은 우수한 운용 능력을 가진 작업자를 육성하여 마스크팩 부직포 타공 공정을 안정적으로 운영하도록 지원하는 데 중점을 둡니다.

[주요업무]
- 부직포 타공 기계를 제어하고 운영합니다.
- 생산 라인의 품질 관리와 최적화를 수행합니다.
- 안전 절차 준수 및 작업 환경 유지 관리에 주의합니다.
- 기록 및 보고서 작성이 포함됩니다.
- 팀워크를 중시하고 지시를 잘 따를 수 있어야 합니다.",퇴직금,고용보험 산재보험 건강보험 국민연금,2026-07-27,,17.5,5.0,20.0,7.4,20.0,7.0,76.9,B
H954202607271034,주식회사 알캐리,조형공 유경험자 및 경력자 구인합니다.,주조원,경력,관계없음,상용직,월급 / 350만원 ,경기 김포시,,(근무시간) (오전) 7시 00분 ~ (오후) 4시 00분,주5일근무,40,마감일 (2026-09-26),고용24 입사지원   ,이력서   ,031-999-0922,비철 주물 주조,"사형주조 조형공구인합니다.
업무 유경험자 및 경력자 우대합니다.
나이는 무관합니다.
많은 지원 부탁드려요.",퇴직금,고용보험 산재보험 건강보험 국민연금,2026-07-27,,8.0,5.0,20.0,7.4,20.0,7.0,67.4,C
H954202607271410,(주)아인스오토중고사업부,회계 총무사무원 채용,회계 사무원(일반 사업체),무관,고등학교,상용직,월급 / 220만원 ,서울 강서구,,(근무시간) (오전) 9시 00분 ~ (오후) 6시 00분,주5일근무,40,마감일 (2026-09-26),   ,이력서 자기소개서  ,02-2063-6725,자동차 매매업,"일반회계. 세금계산서 발급 관리 
총무일반사무등",퇴직금,고용보험 산재보험 건강보험 국민연금,2026-07-27,,6.5,5.0,20.0,7.4,20.0,4.0,62.9,C
H954202607270324,미래방문요양센터,[대치동/4등급] 재가요양보호사 구인,재가 간병인,무관,관계없음,상용직,시급 / 10320원 ,서울 강남구.,,(근무시간) (오후) 2시 00분 ~ (오후) 5시 00분,주5일근무,0,마감일 (2026-09-26),방문 기타  ,기타   ,02-2199-4535,방문요양,"[ 대치동 ] 4등급 할머니 재가요양 보호  

- 직무내용: 말벗, 청소도움, 외출동행 등

- 장기요양급여 적용 근로시간 : 1일 3시간
   
- 주5일 근무  /  근무시간 : 14:00~17:00

- 시급: 13,500원 (최저시급 10,320원 + 주휴수당 등)",퇴직금,고용보험 산재보험 건강보험 국민연금,2026-07-27,,5.0,5.0,18.0,7.4,20.0,7.0,62.4,C
H954202607270629,가나안방문요양지원센터,가능동 오전 재가,재가 간병인,무관,관계없음,상용직,시급 / 13000원 ,경기 의정부시,,(근무시간) (오전) 9시 00분 ~ (정오) 12시 00분,주5일근무,0,마감일 (2026-09-26),방문   ,이력서 기타  ,031-850-5933,재가요양,"-3등급 어르신 독거
-오전 9시 - 12시 /주5일 근무
-장애인 하체 사용 못함 스스로 이동변기 사용
 뇌병변으로 있지만 의사소통 잘함  인지 좋음
 휠체어 사용함
-지원희망하시는분 010-5577-4040통화후 면접 보시면 됩니다.",퇴직금,고용보험 산재보험 건강보험 국민연금,2026-07-27,,6.5,5.0,18.0,7.4,20.0,7.0,63.9,C
H954202607270701,동행재가복지센터,명학동 3등급 할머니 13~16시 요양사,재가 간병인,무관,관계없음,상용직,시급 / 10320원 ,경기 안양시,,(근무시간) (오후) 1시 00분 ~ (오후) 4시 00분,주5일근무,,마감일 (2026-09-26),기타   ,기타   ,02-3282-9221,재가요양,91세 3등급 할머니 재가요양서비스,퇴직금,고용보험 산재보험 건강보험 국민연금,2026-07-27,,5.0,5.0,18.0,7.4,16.0,7.0,58.4,C
H954202607271546,주식회사 덕우,[에이스2차] 전기과장 구인 ,아파트 전기관리원,경력,고등학교,계약직,최소연봉 / 3500만원 ,경기 동두천시에이스2차아파트,,(근무시간) (오전) 8시 00분 ~ (오후) 6시 00분,주5일근무,40,마감일 (2026-09-26),   ,이력서 자기소개서 기타 ,031-828-0923,"건물관리, 경비업, 건물청소및 유지 청소서비스","1. 고용형태 : 기간의 정함이 있는 근로계약(1년)
2. 근무시간 : 08:00 ~ 18:00 (점심시간 12:00~13:00)
3. 근무형태 : 주5일 근무 (주 소정근로시간 40시간 / 국경일, 공휴일 휴무)
4. 사회보험 : 4대보험 (국민, 건강, 고용, 산재)
5. 퇴직금여 : 있음
6. 근무조건 : 임금 (연봉 3,500만원)
7. 근무부서 : 전기과장
8. 경력사항 : 아파트경력 3년이상 / 나이제한 없음
9. 근무지역 : 경기도 동두천시 행선로 100-9
10. 자격증 : 소방안전관리자2급(필수), 전기, 에너지 기타...
11. 학력 : 고졸이상~
12. 서류접수 : 이력서, 자기소개서, 자격증 (이메일 접수 ace2apt@naver.com)
13. 접수기간 : 2026년 07월 28일~2026년 08월 14일 채용시까지
14. 서류전형 후 면접 개별통보 함.",퇴직금,고용보험 산재보험 건강보험 국민연금,2026-07-27,,11.5,6.2,20.0,7.4,20.0,4.0,69.1,C
H954202607271146,노인복지케어센터,3등급 할머니 케어 하실 재가요양보호사 모십니다,요양 보호사 및 간병인,무관,관계없음,상용직(시간제),시급 / 10320원 ,서울 광진구,,(근무시간) (오전) 8시 00분 ~ (오전) 11시 00분,주5일근무,18,마감일 (2026-09-26),방문   ,이력서   ,032-625-8431,재가복지센터,"3등급 할머니 케어 
근무시간 08:00~11:00/ 주5일/ 시간은 요양보호사님과 조율가능
일상생활지원/


시급10320+주휴수당등 포함13000원  ",퇴직금,고용보험 산재보험 건강보험 국민연금,2026-07-27,,6.5,5.0,18.0,7.4,20.0,7.0,63.9,C
H954202607270889,주식회사 서울어닝,사무직/문서/총무/수발주업무,회계 사무원(일반 사업체),무관,고등학교,상용직,최소연봉 / 2760만원 - 면접 후 협의가능 ,경기 남양주시,,(근무시간) (오전) 8시 30분 ~ (오후) 6시 00분,주5일근무,40,마감일 (2026-09-26),방문 우편 팩스 고용24 입사지원,이력서 자기소개서  ,031-560-1965,"천막, 산업자재 (어닝제작 및 시공)","당사는 차양막(어닝) 전문업체로서 제작 및 설치,시공까지 하는   15년이 넘은 어닝 법인사업체입니다.
( 루프어닝,루버시스템. 루프탑. 버티컬어닝, 접이식어닝, 고정식어닝, 방풍막 제작 설치등 )
사무식이며 어닝 문의 전화응대 경리업무 및 수발주 업무. 문서작성(일러스트작업)외 엑셀도 기본 가능한/ 밝고 센스있는 분이 지원 해주셨으면 합니다.  
일러스트/캐드/ 엑셀/ 스케치업 가능한 분 우대합니다.  
배우려는 의지 강하신분 적극적이고 활동적인 성격 완전 좋습니다. 
가족적인 분위기에서 일하고 싶으신 분,  밝은 성격과 긍정적인 마인드를 가지신 분이시라면 더욱 환영하겠습니다.
여성지원자분도 운전은 필수입니다.",퇴직연금,고용보험 산재보험 건강보험 국민연금,2026-07-27,,14.5,5.0,20.0,7.4,20.0,7.0,73.9,B
H954202607270800,편한재가복지센터,요양보호사 구함(2동탄),재가 간병인,무관,관계없음,상용직,시급 / 10320원 ,경기 화성시1847동,,(근무시간) (오전) 9시 30분 ~ (오후) 12시 30분,주5일근무,,마감일 (2026-09-26),기타   ,기타   ,031-231-7977,재가복지센터,"4등급 여자 어르신
월~금(09:30~12:30(일3시간)
시급 13,100(10320+제수당)",퇴직금,고용보험 산재보험 건강보험 국민연금,2026-07-27,,5.0,5.0,18.0,7.4,16.0,7.0,58.4,C
H954202607270563,선문그린존(주),미화원 모집,"건물 청소원(공공건물,아파트,사무실,병원,상가,공장 등)",무관,관계없음,계약직,월급 / 177만원 ,인천 부평구부개동,,"월 ~ 금요일 09:00 ~ 16:00
토요일 09:00 ~ 12:00(격주 근무, 격주 휴무)",주6일근무,30,마감일 (2026-09-26),방문   ,이력서   ,032-460-4778,위생관리용역,"아파트내 계단, 복도 청소 등",퇴직연금,고용보험 산재보험 건강보험 국민연금,2026-07-27,,5.0,5.0,20.0,7.4,20.0,7.0,64.4,C
H954202607271187,한국시니어재가복지센터,재가요양보호사 구인,재가 간병인,무관,관계없음,상용직,시급 / 10320원 ,서울 강남구인근,,(근무시간) (오전) 9시 00분 ~ (정오) 12시 00분,주5일근무,0,마감일 (2026-09-26),방문 기타  ,기타   ,02-3677-2988,노인복지,"* 3등급 여자어르신(80대, 독거)
- 기저귀 케어 및 가사지원
- 주5일 근무, 09:00~18:00
- 시급 10,350원+수당=13,000원(급여)/ 비급여 15,000원",퇴직금,고용보험 산재보험 건강보험 국민연금,2026-07-27,,6.5,5.0,18.0,7.4,20.0,7.0,63.9,C
H954202607271352,(주)케어링 방문요양센터 수원점,[케어링] 권선동 요양보호사 채용(수원점),재가 간병인,무관,관계없음,상용직,시급 / 10320원 ,경기 수원시,,"[주 5회 / 일 3시간] 월~금 _
오전 09:00 ~ 12:00
오후 15:00~1800 ",주5일근무,,마감일 (2026-09-26),기타   ,기타   ,031-231-7906,"방문요양, 방문목욕","케어링은 가족요양,방문요양,주간보호 동의 돌봄 서비스를 제공하는 시니어 요양 스타트업입니다.
대한민국의 천만 명의 어르신, 보호자님께 ' 또 하나의 가족'이 되어 드리는 것이 저희의 존재 이유입니다.

▶ 시간당
포괄 13,000원(시급+제수당)

▶ 어르신 정보
 : 5등급 / 82세 / 남자,여자 

▶ 근무 장소
: 경기 수원시 권선구 권선동 보성유원아파트

▶ 근무 일정
 : [주 5회 / 일 6시간] 월~금 _09:00 ~ 12:00/ 오후 15:00~18:00 

▶ 어르신 상태
-거동 : 실내 자립 거동 가능, 장거리 및 외출의 경우 지팡이, 부축도움 필요
-배변 : 자립 가능
-식사 : 일반식
-인지 : 단기기억력 저하
-질병 : 파킨슨

▶ 희망 서비스
- 가사지원, 식사도움, 복약도움, 인지활동

▶ 기타
- 동거인 : 배우자 동거, 근무 시간 중 있음.
- 애완동물 : 없음 

★상담 요청 시 인사 담당자가 지원자의 추가 정보 등록을 요청할 수 있으며, 원치 않으실 경우 이를 거부하실 수 있습니다.★",퇴직금,고용보험 산재보험 건강보험 국민연금,2026-07-27,,13.0,5.0,18.0,7.4,16.0,7.0,66.4,C
H954202607271380,샬롬케어,신림동 (미림여고부근) 4등급 남어르신 / 주5일 / 14~17시,재가 간병인,무관,관계없음,상용직,시급 / 13000원 ,서울 관악구3층,,주5일 / 14:00~17:00 / 3시간,주5일근무,0,마감일 (2026-09-26),방문   ,이력서 기타  ,031-8045-3861,"방문요양, 방문목욕","- 채용인원 : 요양보호사 1명
- 신림동 미림여고 부근 거주중 
- 4등급 할아버님 (보행기로 거동가능) 
- 낮시간 혼자계심 , 기저귀케어 필요, 식사 챙겨드리기 위주
- 주5일 / 14:00~17:00 / 3시간
- 시급13,000원 (최저시급 10,320원 + 기타수당)

- 지원문의 : 센타장님 010-5118-2047",퇴직금,고용보험 산재보험 건강보험 국민연금,2026-07-27,,6.5,5.0,18.0,7.4,20.0,7.0,63.9,C
H954202607270034,한라테크,제관용접원 모집,제관원,무관,관계없음,상용직,최소연봉 / 3500만원 ,경기 시흥시시화공단3마 817-4호,,"07:30~18:00 (물량에 따라 연장시 수당별도)
토요 1,3주(근무수당급여에 포함)",주5일근무,40,마감일 (2026-09-26),방문 팩스  ,이력서   ,031-496-1913,"컴베어, 공업용버너, 후레임, 판금","제관용접, 초보가능",퇴직연금,고용보험 산재보험 건강보험 국민연금,2026-07-27,,5.0,5.0,20.0,7.4,20.0,7.0,64.4,C
H954202607271474,수원재가방문요양센터,(봉담 내리) 4급 여자어르신 요양보호사 모십니다,재가 간병인,무관,관계없음,상용직,시급 / 10320원 ,경기 화성시00,,(근무시간) (오전) 10시 00분 ~ (오후) 1시 00분,주5일근무,,마감일 (2026-09-26),방문 고용24 입사지원  ,이력서   ,031-231-7901,"재가요양, 방문요양","(봉담내리) 요양선생님 모십니다

4등급 80  여자어르신

근무시간 - 오전 10시~13시 (주5회) 근무
급여 - 최저임금 10,320 + 주휴 수당+ 연차수당 + 기타 수당 포함= 13,200원

직무내용:  신체지원 서비스(이동시 부축), 
               정서지원서비스, (말벗)
               일상생활지원서비스( 청소, 세탁, 식사챙겨드리기)

마음이 따뜻한 분들이십니다 부부가 함께 거주 하고 계시며 가족처럼
어르신 공경하고 성품이 따뜻하신 분 언제든지 연락주세요^^",퇴직금,고용보험 산재보험 건강보험 국민연금,2026-07-27,,11.5,5.0,18.0,7.4,16.0,7.0,64.9,C
H954202607270236,해나무방문요양센터,재가요양보호사 모집 ,요양 보호사 및 간병인,무관,관계없음,상용직(시간제),시급 / 10320원 - 면접 후 협의가능 ,서울 은평구,,(근무시간) (오후) 1시 00분 ~ (오후) 4시 00분,주5일근무,15,마감일 (2026-09-26),방문   ,이력서 자기소개서 기타 ,032-310-8894,," 
3등/여/오후13-16시/주5일/ 
거동함/ 
일상생활지원/ 산책등 
수당: 13.300원 
전화: 032-310-8894",퇴직연금,고용보험 산재보험  ,2026-07-27,,6.5,5.0,18.0,7.4,20.0,7.0,63.9,C
H954202607271791,스마일홈케어파트너스 유한회사,용두동 4등급남자 9:30-12:30 주5일 재가요양보호사 ,재가 간병인,무관,관계없음,상용직,시급 / 10320원 ,서울 동대문구,,9:30~12:30 주5일,주5일근무,0,마감일 (2026-09-26),방문   ,이력서   ,02-2127-4923,방문요양,"어르신상태: 
-옆에서 가족들의 부축 혹은 도움 필요 (배우자 같이 거주)
-치매증상 전혀없음
필요서비스:
-식사준비 요리하기, 생활지원  
-복약도움 ,말벗, 산책도움
근무내용 :
-9:30-12:30 주5일 ",퇴직금,고용보험 산재보험 건강보험 국민연금,2026-07-27,,6.5,5.0,18.0,7.4,20.0,7.0,63.9,C
H954202607270273,해나무방문요양센터,재가요양보호사 모집 ,요양 보호사 및 간병인,무관,관계없음,상용직(시간제),시급 / 10320원 - 면접 후 협의가능 ,인천 미추홀구.,,(근무시간) (오후) 1시 00분 ~ (오후) 4시 00분,주5일근무,15,마감일 (2026-09-26),방문   ,이력서 자기소개서 기타 ,032-310-8894,," 
주3일/ 4등급/여/독거/오후13-16시 
주3일 (월수금) 
독거/거동함/인지좋음 
일상생활/산책 도움등 
문의: 032-310-8894",퇴직연금,고용보험 산재보험  ,2026-07-27,,5.0,5.0,18.0,7.4,20.0,7.0,62.4,C
H954202607271874,바드림노인복지센터,장안동 촬영소사거리 근처 2등급 82세 어머님 오전 9시30분~14시 주5일 방문요양보호사 구인/ 케어시간 혼자계심,재가 간병인,무관,관계없음,상용직,시급 / 10320원 ,서울 동대문구,,(근무시간) (오전) 9시 30분 ~ (오후) 2시 00분,주5일근무,,마감일 (2026-09-26),방문   ,기타   ,02-2127-4921,"노인장기요양 재가복지(방문요양, 방문목욕, 방문간호), 노인돌봄서비스, 요양보호사 양성",어르신 가정에 방문하여 가사 및 일상생활 지원,퇴직금,고용보험 산재보험 건강보험 국민연금,2026-07-27,,6.5,6.2,18.0,7.4,16.0,7.0,61.1,C
H954202607270348,주식회사 삼전,생산직 사원 모집,제조 단순 종사원,무관,관계없음,상용직,시급 / 11000원 ,경기 화성시주식회사 삼전,,(근무시간) (오전) 8시 00분 ~ (오후) 5시 00분,주5일근무,,마감일 (2026-09-26),고용24 입사지원   ,이력서   ,031-290-0823,"개폐기 차단기 부품 제조, 임가공업",생산 현장 기계 장치 부품 조립 사원 모집,퇴직금,고용보험 산재보험 건강보험 국민연금,2026-07-27,,5.0,6.2,18.0,7.4,16.0,7.0,59.6,C
H954202607271922,돌보인 방문요양센터,[신천동/4등급(할머니)/09:00~12:000] 재가요양보호사 모집,재가 간병인,무관,관계없음,상용직,시급 / 10320원 ,서울 송파구신천동,,09;00~12:00(월~금),주5일근무,0,마감일 (2026-09-26),방문 팩스 기타 ,이력서   ,02-2147-3681,방문요양 방문목욕 복지용구,4등급할머니케어(신천동) 독거케어 위생관리 및 말벗 일상생활지원 ,퇴직금,고용보험 산재보험 건강보험 국민연금,2026-07-27,,8.0,5.0,18.0,7.4,20.0,7.0,65.4,C
H954202607271820,(주)아주팩 남양지점,플라스틱압출제품 생산직사원 구합니다,제조 단순 종사원,무관,관계없음,상용직,시급 / 10320원 ,경기 화성시1층,,(근무시간) (오전) 8시 00분 ~ (오후) 5시 00분,주5일근무,,마감일 (2026-09-26),방문   ,이력서   ,031-290-0823,플라스틱제품,"플라스틱포장용기 생산,포장 및 검수",퇴직금,고용보험 산재보험 건강보험 국민연금,2026-07-27,,5.0,5.0,18.0,7.4,16.0,7.0,58.4,C
H954202607270624,에이플러스(A+)소망노인복지센터,[강하면] 재가요양보호사 ,요양 보호사 및 간병인,무관,관계없음,상용직(시간제),시급 / 10320원 ,경기 양평군,,(근무시간) (오전) 9시 00분 ~ (정오) 12시 00분,주5일근무,15,마감일 (2026-09-26),방문 기타  ,기타   ,031-770-1022,"방문요양서비스, 방문목욕서비스","- 대상자 : 4등급 님자어르신(부부거주)
- 직무 내용 : 말벗, 청소, 식사준비
- 근무시간 09:00~12:00, 주5일
- 시급 13,000원(기타수당 포함) 
- 강하면 전의1길60번길
- 매달 5만원 추가지급",퇴직연금,고용보험 산재보험 건강보험 국민연금,2026-07-27,,5.0,6.2,18.0,7.4,20.0,7.0,63.6,C
H954202607271603,성일정밀,생산 품질 관리 채용,금속가공 검사원,무관,관계없음,상용직,최소연봉 / 3500만원 ,경기 안산시,,(근무시간) (오전) 8시 00분 ~ (오후) 5시 00분,주6일근무,40,마감일 (2026-09-26),팩스 고용24 입사지원  ,이력서 자기소개서 경력증명서 ,031-412-6919,산업기계부품 / 밸브부품,"생산 납기 및 품질 관리
생산 공정 관리
고객사 대응 및 납품 일정관리
고객사 발주 접수 및 생산계획 관리",퇴직금,고용보험 산재보험 건강보험 국민연금,2026-07-27,,6.5,5.0,20.0,7.4,20.0,7.0,65.9,C
H954202607271422,(주)제이이엠티,금형 제조업 품질 관리 경력자 모집,금속가공 검사원,경력,관계없음,상용직,시급 / 10320원 - 면접 후 협의가능 ,경기 화성시,,"근무시간 : (오전) 8시 30분 ~ (오후) 5시 20분
휴게시간 : (오전) 10시 30분 - 10",주5일근무,,마감일 (2026-09-26),고용24 입사지원   ,이력서   ,031-290-0823,금형,"금형 제조업 품질 관리 경력자 1명 모집합니다

<주요 업무>
1. SQ 및 ISO 인증 관리 : SQ, ISO 평가 및 인증 관련 제반 업무 지원
2. 출하 및 서류 관리 : 제품 출하검사 실시 및 각종 서류 적성 (성적서 작성 및 파일링 등)
3. 수입 검사 : 원자재 및 부자재 수입검사 지원 및 입고/재고 관리

<우대 사항>
1. 3차원 측정 : 덕인 3차원 측정 장비 운용

연봉은 면접 시, 협의 가능합니다",퇴직연금,고용보험 산재보험 건강보험 국민연금,2026-07-27,,14.5,5.0,18.0,7.4,16.0,7.0,67.9,C
H954202607270417,(주)켐스필드코리아,생산 및 제조 단순 종사자,제조 단순 종사원,신입,관계없음,상용직,월급 / 230만원 ,경기 연천군(주)켐스필드코리아,,(근무시간) (오전) 9시 00분 ~ (오후) 6시 00분,주5일근무,40,마감일 (2026-09-26),고용24 입사지원   ,이력서   ,031-860-1731,화학제품 수출입업및알선,"-직무내용
1. 제조 - 원료 배합 및 이동 정리
2. 제품 라인별 생산
3. 용기 투입
4. 박스 사양
5. 제품 적재 사양. 자재 투입
6. 롯트 번호 확인
7. 제품 검수, 포장


-자격요건
 팀원들과의 원활한 협업 능력 보유

-복리후생
1.건강보험.국민연금.고용보험.산재보험
2.경조금.출산휴가.유급휴가 등 법정 휴가 제공
3.복지시설 제공(사내식당.레저시설.휴게실 등)",퇴직금,고용보험 산재보험 건강보험 국민연금,2026-07-27,,11.5,5.0,20.0,7.4,20.0,7.0,70.9,B
H954202607271525,주식회사토퍼스,사무용의자 생산조립,제조 단순 종사원,신입,관계없음,상용직,월급 / 220만원 ,경기 화성시토퍼스,,(근무시간) (오전) 8시 30분 ~ (오후) 5시 30분,주5일근무,40,마감일 (2026-09-26),방문 고용24 입사지원  ,이력서   ,031-290-0821,사무용의자제조,"사무용의자부품 생산 및 조립

플라스틱사출부품제조 사상, 포장 등",퇴직금,고용보험 산재보험 건강보험 국민연금,2026-07-27,,5.0,5.0,20.0,7.4,20.0,7.0,64.4,C
H954202607270560,(주)신화비엠씨,[상일동] 고덕아르테온아파트 미화원 모집 ,"건물 청소원(공공건물,아파트,사무실,병원,상가,공장 등)",무관,관계없음,계약직,월급 / 179만원 ,서울 강동구.,,평일 08:30~15:30(휴게 1시간) 토요일 08:30~11:30,주6일근무,33,마감일 (2026-09-26),기타   ,이력서   ,02-2147-3681,"공동주택관리, 시설경비, 청소, 소독, 조경식재공사","(상일동)고덕아르테온A 미화 업무
- 월 1,785,360원 
- 평일 08:30~15:30(휴게 1시간),  08:30~11:30(주6일)

- 지원방법: 통화후, 내방 (010-5918-4872) / 이력서 지참",퇴직금,고용보험 산재보험 건강보험 국민연금,2026-07-27,,8.0,5.0,20.0,7.4,20.0,7.0,67.4,C
H954202607270569,에이플러스와부방문요양센터,A+와부방문요양센터 요양보호사모집 ,재가 간병인,무관,관계없음,계약직,시급 / 10320원 ,경기 남양주시103동,,(근무시간) (오전) 9시 00분 ~ (정오) 12시 00분,주5일근무,,마감일 (2026-09-26),방문 고용24 입사지원  ,기타   ,031-560-1964,요양보호사,"1. 5등급 여자 어르신 / 거동가능, 치매 있으심
2. 주 5일 근무  9시~12시 
3. 신체활동지원, 가사지원, 정서지원, 인지활동지원
4. 위치 / 현대홈타운
5. 시급 / 13,000원",퇴직금,고용보험 산재보험 건강보험 국민연금,2026-07-27,,6.5,5.0,18.0,7.4,16.0,7.0,59.9,C
H954202607270463,홍콩반점0410+ 일산후곡점,"홍콩반점0410+ 일산후곡점에서 주방조리, 주방보조를 모집합니다",중식 조리사,무관,관계없음,상용직,월급 / 290만원 ,경기 고양시2층,,(근무시간) (오전) 10시 00분 ~ (오후) 9시 30분 (휴게시간 1시간 30분 포함),주5일근무,40,마감일 (2026-09-26),방문 고용24 입사지원 기타 ,이력서   ,031-920-3932,중식,- 주방 조리 및 보조,퇴직연금,고용보험 산재보험 건강보험 국민연금,2026-07-27,,5.0,5.0,20.0,7.4,20.0,7.0,64.4,C
H954202607270854,주식회사브이라이트,정확하고 신뢰할 수 있는 경리 관리를 책임지는 경리사무원을 찾습니다.,경리 사무원,무관,전문대학,계약직,월급 / 230만원 ,경기 남양주시,,(오전) 10시 00분~(오후) 6시 00분,주5일근무,40,마감일 (2026-09-26),고용24 입사지원   ,이력서   ,031-560-1965,공연기획. 행사대행.,"[모집직무]
경리 사무원, 단순 경리 사무원, 경리 사무원(회계·세무 사무소)

[직무소개]
우리 회사는 성장과 안정적인 운영을 위해 정확하고 효율적인 경리 관리 시스템을 유지하고 있습니다. 경리사무원은 회계 처리, 4대보험 관리 등 기본적인 경리 업무를 담당하며 회사의 재정 건전성을 유지하는 데 중요한 역할을 할 것입니다.

[주요업무]
- 일일 회계 업무 처리
- 매출, 지출, 재고 관리
- 4대보험 계약 및 관리
- 재무 보고서 작성 및 분석
- 경리 관련 업무 지원",퇴직연금,고용보험 산재보험 건강보험 국민연금,2026-07-27,,25.0,5.0,20.0,7.4,20.0,7.0,84.4,A
H954202607270874,최고재가장기요양기관,요양보호사 구인,요양 보호사 및 간병인,무관,관계없음,상용직(시간제),시급 / 10320원 ,서울 강서구가양7단지아파트 101동,,(근무시간) (오전) 9시 00분 ~ (정오) 12시 00분,주5일근무,15,마감일 (2026-09-26),방문   ,기타   ,02-2063-6725,방문요양,"ㅇ근무지: 서울특별시 강서구  허준로 209 가양7단지아파트
ㅇ모집직종: 요양보호사 1명
                 4등급 87세 여자어르신. 아드님과 함께 생활하심. 거동가능하심. 식사도움, 집안청소, 빨래. 병원동행
ㅇ근무시간: 09시부터 12시까지 
ㅇ시급: 13,050원 (기본 10,320원+ 주휴 등 기타수당 포함) 
ㅇ필수: 요양보호사 자격증, 건강검진결과지",퇴직연금,고용보험 산재보험 건강보험 국민연금,2026-07-27,,10.0,5.0,18.0,7.4,20.0,7.0,67.4,C
H954202607270386,에스더블,생산직 단순 직무 업무 구인(프레스),제조 단순 종사원,경력,관계없음,상용직,시급 / 10320원 - 면접 후 협의가능 ,인천 남동구,,(근무시간) (오전) 8시 30분 ~ (오후) 5시 30분,주5일근무,,마감일 (2026-09-26),팩스 고용24 입사지원  ,이력서   ,032-460-4778,"정수기,연수기 부품 프레스가공","제조업 생산 단순 노무 종사원 구인
프레스 작업 등",퇴직금,고용보험 산재보험 건강보험 국민연금,2026-07-27,,5.0,5.0,18.0,7.4,16.0,7.0,58.4,C
H954202607271684,(주)남양에너지,25톤 위험물 탱크로리 기사 모집,중·대형 화물차 운전원(트레일러 포함),경력,관계없음,상용직,최소연봉 / 3840만원 ,경기 시흥시시화공단1마702호,,(근무시간) (오전) 9시 00분 ~ (오후) 6시 00분,주5일근무,40,마감일 (2026-09-26),팩스 고용24 입사지원  ,이력서   ,031-496-1914,"폐유재생,윤활유,기계류,저장탱크청소","25톤 탱크로리 운전기사 모집
위험물 운송자 자격증 소지자 우대
관련업계 종사자 우대
연장.특근수당 별도",퇴직연금,고용보험 산재보험 건강보험 국민연금,2026-07-27,,5.0,5.0,20.0,7.4,20.0,7.0,64.4,C
H954202607271662,모현성심재가센터,재가 요양보호사 선생님을 모십니다. ,요양 보호사 및 간병인,무관,관계없음,상용직(시간제),시급 / 10320원 ,경기 용인시,,(근무시간) (오전) 9시 00분 ~ (정오) 12시 00분,주5일근무,15,마감일 (2026-09-26),방문 고용24 입사지원  ,이력서   ,031-289-2215,방문요양/방문목욕,"-5등급 여자 어르신

-치매 이수하신 요양보호사 선생님 모십니다

-주5일 근무 : 월~금 09:00~12:00

-시급 10,320+주휴수당+연차수당=13,000원",퇴직연금,고용보험 산재보험 건강보험 국민연금,2026-07-27,,5.0,5.0,18.0,7.4,20.0,7.0,62.4,C
H954202607271276,주식회사매직브이,나라장터입찰관리직모집,의료장비 기술영업원,경력,관계없음,계약직(시간제),시급 / 10500원 - 면접 후 협의가능 ,"경기 고양시214호(비잔티움1단지,백석동)",,(근무시간) (오전) 9시 30분 ~ (오후) 5시 30분,주5일근무,35,마감일 (2026-09-26),고용24 입사지원   ,이력서 자기소개서  ,031-901-9197,의료기기 도매업,"1. 나라장터입찰참여/납품관리(의료/과학기기)
2.입찰물품구매수급관리(국내/해외)
3.협력사관리

[입찰분석 >입찰참여>계약>납품]
입찰정보수집, 입찰조건분석, 입찰서류작성, 입찰참여,
계약체결. 납품검사.검수

[구매조달 > 구매 계약]
협상전략 계획 수립하기,협상 실시하기,계약하기

*제시된 시급은 주휴수당 미포함 금액입니다.",퇴직금,고용보험 산재보험 건강보험 국민연금,2026-07-27,,8.0,5.0,18.0,7.4,20.0,7.0,65.4,C
H954202607270341,(주)인시스,주류 공병 라인투입 및 완제품 주류 포장,제조 단순 종사원,무관,관계없음,상용직,월급 / 240만원 ,경기 여주시,,(근무시간) (오전) 9시 00분 ~ (오후) 6시 00분,주5일근무,40,마감일 (2026-09-26),방문 고용24 입사지원  ,이력서   ,031-740-6792,자동차 베어링,"1. 주류 공병 라인투입 

2. 제품(주류) 포장업무

3. 완제품 주류(병) 반제품 단순적재 업무",퇴직연금,고용보험 산재보험 건강보험 국민연금,2026-07-27,,6.5,5.0,20.0,7.4,20.0,7.0,65.9,C
H954202607270893,바위산업（주）양주지점,생산직 모집,제조 단순 종사원,무관,관계없음,상용직,월급 / 240만원 - 면접 후 협의가능 ,경기 양주시,,"월~금  08:00~17:00/휴게시간(12:00~13:00)
토 격주근무 08:00~17:00, 일일잔업2시간, ",주5일근무,40,마감일 (2026-09-26),방문 팩스  ,이력서   ,031-849-2341,"도로경계석,조경석등 건설자재 제조 및 판매","* 생산직(경계석) 모집
- 경계석 생산용 할석기계 조작외",퇴직연금,고용보험 산재보험 건강보험 국민연금,2026-07-27,,5.0,7.4,20.0,7.4,20.0,7.0,66.8,C
H954202607271145,소피아방문요양센터,봉천동 3등급 어르신 재가요양보호사 구인,요양 보호사 및 간병인,무관,관계없음,상용직(시간제),시급 / 10320원 ,서울 관악구24-24,,오후 2:30 ~ 5:30,주5일근무,15,마감일 (2026-09-26),방문 고용24 입사지원  ,이력서   ,032-625-5936,요양사 파견(재가 방문요양 방문목욕),"- 3급 할머니 
- 오후14:30~17:30시 
- 주5일
- 일상생활케어, 신체활동지원, 개인활동지원
- 시급 : 13,000원(시급+기타수당)",퇴직금,고용보험 산재보험 건강보험 국민연금,2026-07-27,,6.5,5.0,18.0,7.4,20.0,7.0,63.9,C
H954202607271889,지안방문요양돌봄재가복지센터,"등촌1단지] 요양보호사 채용합니다(오전, 오후 각 1명씩)",재가 간병인,무관,관계없음,계약직(시간제),시급 / 10320원 ,서울 강서구,,(근무시간) (오전) 9시 00분 ~ (정오) 12시 00분,주6일근무,18,마감일 (2026-09-26),방문 기타  ,기타   ,02-2600-6519,방문요양 방문목욕,"등촌주공1단지, 2등급 할머니(1937년생)
- 거동불편, 콧줄관리. 기저귀케어. 가사지원 및 일상생활지원 업무
- 09:00~12:00, 16:00~18:00 (주 6일)
- 지원문의: 010-2612-9106",퇴직금,고용보험 산재보험 건강보험 국민연금,2026-07-27,,9.5,5.0,18.0,7.4,20.0,7.0,66.9,C
H954202607271069,실버벨재가복지센터,"재가요양보호사 구함(인수봉로 235-**, 가오리역 부근 빌라/ 3등급 여자/오전))",재가 간병인,무관,관계없음,계약직(시간제),시급 / 10320원 ,서울 강북구가오리역 부근 빌라,,(근무시간) (오전) 8시 30분 ~ (오전) 11시 30분,주6일근무,18,마감일 (2026-09-26),방문   ,이력서   ,02-901-7248,"방문요양, 방문목욕","* 인수봉로 235-**, 가오리역 부근 빌라/ 3등급 여자
* 근무시간 : 08:30~11:30/주 6일
* 근무내용 :  식사 도움, 정서 지원, 청소 등 일상생활 지원
* 포괄시급 : 13,100원 (기본 시급, 제 수당 등 포함)
* 8월 10일부터 근무 가능",퇴직금,고용보험 산재보험 건강보험 국민연금,2026-07-27,,6.5,5.0,18.0,7.4,20.0,9.0,65.9,C
H954202607270972,더사랑방문요양센터,[방이동/2등급/남자/오전] 재가 요양보호사 채용,재가 간병인,무관,관계없음,계약직(시간제),시급 / 10320원 ,서울 송파구,,(근무시간) (오전) 10시 00분 ~ (오후) 1시 00분,주6일근무,18,마감일 (2026-09-26),방문 기타  ,기타   ,02-450-1419,방문요양,"* 2등급 남자어르신(36년생) 케어/거동가능/독거
- 거동시 지팡이 사용
* 말벗/저녁식사 준비/청소, 세탁 등 일상생활지원
- 목욕케어 없음
* 주6일/1일 3시간 근무",퇴직금,고용보험 산재보험 건강보험 국민연금,2026-07-27,,6.5,5.0,18.0,7.4,20.0,7.0,63.9,C
H954202607270970,더베스트재가복지센터,요양보호사,재가 간병인,무관,관계없음,계약직(시간제),시급 / 10320원 ,경기 안산시,,(근무시간) (오전) 9시 00분 ~ (정오) 12시 00분,주6일근무,18,마감일 (2026-09-26),고용24 입사지원   ,이력서   ,031-412-6916,재가방문요양센터,"일상생활 케어
4등급 여자 어르신(독거)",퇴직금,고용보험 산재보험 건강보험 국민연금,2026-07-27,,5.0,5.0,18.0,7.4,20.0,7.0,62.4,C
H954202607270891,푸르미재가요양복지센터,(화곡동) 재가요양보호사 채용,재가 간병인,무관,관계없음,계약직(시간제),시급 / 10320원 ,서울 강서구.,,(근무시간) (오후) 1시 00분 ~ (오후) 4시 00분,주6일근무,18,마감일 (2026-09-26),방문 기타  ,기타   ,02-2063-6725,재가 요양 서비스,"- 요양보호대상자: 3등급 여 어르신(1936년)
- 직무내용: 신체활동지원.일상생활지원
- 근무예정지: 곰달래로37길38(화곡동)
- 근로시간: 13:00~16:00 (주 6일) 입주우대
- 지원문의: 전화주세요",퇴직금,고용보험 산재보험 건강보험 국민연금,2026-07-27,,6.5,5.0,18.0,7.4,20.0,7.0,63.9,C
H954202607270347,엘림 재가방문 요양센터," [신일해피트리아파트, 2등급 여 어르신] / 재가요양보호사 구인",재가 간병인,무관,관계없음,계약직(시간제),시급 / 10320원 ,서울 강북구,,(근무시간) (오후) 1시 00분 ~ (오후) 5시 00분,주6일근무,24,마감일 (2026-09-26),방문   ,이력서   ,02-901-7249,방문요양,"- 직무내용 : 기저귀케어 복약도움 말벗 청소등
- 근무조건 : 13:00 ~ 17:30 30분 휴게시간 / 주6일
- 포괄시급 : 13,500원(기본시급+주휴수당 등 포함)",퇴직금,고용보험 산재보험 건강보험 국민연금,2026-07-27,,5.0,5.0,18.0,7.4,20.0,7.0,62.4,C
H954202607270990,수영테크(주),NCT 직원모집,금속가공 기계 조작원,경력,관계없음,상용직,최소연봉 / 4200만원 - 면접 후 협의가능 ,경기 시흥시시화공단 2바 706호(정왕동),,(오전) 7시 20분 ~ (오후) 18시 40분,주5일근무,40,마감일 (2026-09-26),방문 고용24 입사지원  ,이력서 자기소개서  ,031-496-1911,NCT 판금,"NCT 에이텍 프로그램으로 판금 생산 아마다,EM 사용 가능자

정규근무 7시20분~18시40분
(급여 경력에 따라 협의)",퇴직연금,고용보험 산재보험 건강보험 국민연금,2026-07-27,,5.0,5.0,20.0,7.4,20.0,7.0,64.4,C
H954202607271648,주식회사 한결가치,"공공하수도 기술진단 캐드, 토목환경 업무 채용",토목 제도사(캐드원),무관,관계없음,상용직,최소연봉 / 3300만원 - 면접 후 협의가능 ,경기 의왕시A동 210호,,(근무시간) (오전) 9시 00분 ~ (오후) 6시 00분,주5일근무,40,마감일 (2026-09-26),고용24 입사지원   ,이력서 자기소개서 경력증명서 기타,041-570-5517,환경기술 사업,"캐드직 
-공공하수관로 캐드 업무 
- 어도비 일러스트, 포토샵 가능자 

토목,환경 
- 공공하수처리시설 / 하수관로 기술진단 보고서 작성
- 관련 자격증 우대 (토목기사, 수질환경기사 등) 
- 캐드 가능자(토목)",퇴직연금,고용보험 산재보험 건강보험 국민연금,2026-07-27,,9.5,5.0,20.0,7.4,20.0,7.0,68.9,C
H954202607270617,에이엘에스,플라스틱생활용품 포장작업 직원 모집합니다.,제조 단순 종사원,무관,관계없음,상용직,시급 / 10320원 ,경기 김포시,,(근무시간) (오전) 9시 00분 ~ (오후) 6시 00분,주5일근무,,마감일 (2026-09-26),방문 우편 팩스 고용24 입사지원,이력서   ,031-999-0922,제조 도매-플라스틱 생활용품,"플라스틱생활용품 포장작업입니다.
단순업무입니다.
제품 스티커 부착 및 비닐, 박스 포장입니다.

초보도 쉽게 할 수 있습니다.",퇴직연금,고용보험 산재보험 건강보험 국민연금,2026-07-27,,6.5,6.2,18.0,7.4,16.0,7.0,61.1,C
H954202607270942,강남효재가장기요양센터,2등급 할머니 케어 &lt;긴시간&gt;,재가 간병인,무관,관계없음,계약직,시급 / 10320원 ,서울 관악구,,09:30~13:30 (비급여13:30-17:30) 월-토,주6일근무,,마감일 (2026-09-26),방문   ,이력서   ,02-879-5774,노인장기 재가요양서비스,"[봉천동 우체국 인근.강남고려병원건너편] 3등급 할머니 케어(89세) 
- 식사준비와 도움, 기저귀 케어, 샤워, 주변환경 청소정리 등(아드님과 거주, 치매, 파킨슨, 부축해서 걸으심) 
- 긴시간(09:30~17:30)/주 6일 48시간 
- 장기요양급여 적용 근무시간: 09:30~13:30
* 장기요양급여 근로시간 외: 비급여 지급 (장기요양급여: 시급: 13100원/비급여: 13100) 
* 워크넷 연계를 위하여 주6일 40시간으로 표기함",퇴직금,고용보험 산재보험 건강보험 국민연금,2026-07-27,,10.0,6.2,18.0,7.4,16.0,7.0,64.6,C
H954202607271532,(주)엘림브이엔티,생산직 사원 모집,제조 단순 종사원,신입,관계없음,상용직,월급 / 300만원 ,경기 시흥시3바 405-3,,(근무시간) (오전) 8시 00분 ~ (오후) 5시 00분,주5일근무,40,마감일 (2026-09-26),   ,이력서 자기소개서  ,031-496-1913,"진공장비 설계 및 제작 , 자동화 설계 및 제작","주로 진공브레이징을 하는 업체로서
현장의 단순생산직을 구합니다. 

별도 상여금은 책정되어 있지 않지만
그해 성과가 좋으면 연말에 성과급을 
지급할 수도 있습니다.",퇴직연금,고용보험 산재보험 건강보험 국민연금,2026-07-27,,6.5,5.0,20.0,7.4,20.0,4.0,62.9,C
H954202607270938,강남효재가장기요양센터,남성역4등급할머니요양사구합니다,재가 간병인,무관,관계없음,계약직,시급 / 10320원 ,서울 동작구1층,,(오전) 9시 00분~(정오) 12시 00분 (월-토)  월24회,주6일근무,,마감일 (2026-09-26),방문 고용24 입사지원  ,이력서   ,02-879-5774,노인장기 재가요양서비스,"- 여자어르신(거동가능)
- 점심식사 준비 및 식사 챙겨드리기
- 주6일근무-월 24회
- 9시-12시 근무
- 시급: 13,100원(주휴수당, 연차수당 포함)
- 주2회 가까운 병원동행 (휄체어)",퇴직금,고용보험 산재보험 건강보험 국민연금,2026-07-27,,5.0,6.2,18.0,7.4,16.0,7.0,59.6,C
H954202607271829,참사랑재가노인복지센터,요양보호사 모집합니다. ,재가 간병인,무관,관계없음,상용직,시급 / 10320원 ,경기 양평군,,(근무시간) (오전) 8시 00분 ~ (오전) 11시 00분,주6일근무,,마감일 (2026-09-26),방문 우편 팩스 고용24 입사지원,기타   ,031-770-1020,가정방문재가서비스,"91세 4등급 여자 어르신 케어/독거
* 직무내용 : 아침챙기기, 약챙기기, 청소
* 근무조건 : 주6회(8-11시)",퇴직금,고용보험 산재보험 건강보험 국민연금,2026-07-27,,5.0,5.0,18.0,7.4,16.0,7.0,58.4,C
H954202607271641,(주)디에스전기전자스터드산업,스터드 용접기 제조 보조인원 모집,제조 단순 종사원,신입,관계없음,계약직,월급 / 300만원 ,경기 화성시(주)디에스전기전자스터드산업,,(근무시간) (오전) 8시 30분 ~ (오후) 5시 30분,주5일근무,40,마감일 (2026-09-26),고용24 입사지원   ,이력서   ,031-290-0823,스터드 용접기 제조 판매 임대 등,"[모집직무]
스터드 용접기 제조 보조인원

[직무소개]
우리 회사는 자동차,건설,조선소 스터드 용접기를 제조, 판매, 수출등을 하며 부품 제작 등 스터드 용접 분야의 모든 서비스를 제공하는 회사입니다.  
본 직무는 스터드 용접기 제조 공정 보조인원을 모집합니다.
처음 하시는분들도 쉽게 배우실수 있습니다.
기계 조립 전자 파트쪽 일하셨던분 우대 합니다!

[주요업무]
- 스터드 용접기 제조 보조
- 용접기 A/S
- 제조 품목 관리


[근무시간] 
오전8시30분 - 오후 5시30분
(5일제 근무)",퇴직연금,고용보험 산재보험 건강보험 국민연금,2026-07-27,,13.0,7.4,20.0,7.4,20.0,7.0,74.8,B
H954202607271674,벗재가복지센터,재가요양보호사 모집/1등급할머니,재가 간병인,무관,관계없음,상용직,시급 / 10320원 ,경기 부천시..,,주6일 09시~12시 하시고 쉬셨다가 17시~19시 근무,주6일근무,0,마감일 (2026-09-26),팩스 기타  ,이력서 기타  ,032-625-7108,방문요양서비스 제공,"- 1등급할머니케어(기저귀케어 필요)
- 주6일 09시~12시 근무 하시고 쉬셨다가 17시~19시까지 이어서 근무 
- 시급13,000원(제수당 포함)+중증가산수당",퇴직금,고용보험 산재보험 건강보험 국민연금,2026-07-27,,5.0,6.2,18.0,7.4,20.0,7.0,63.6,C
H954202607271530,미심재가복지센터,"[난곡중학교 인근] 3등급 여자어르신 주6일, (12:00~15:00)",재가 간병인,무관,관계없음,상용직,시급 / 10320원 ,서울 관악구,,(근무시간) (정오) 12시 00분 ~ (오후) 3시 00분,주6일근무,0,마감일 (2026-09-26),방문 기타  ,기타   ,02-879-5775,방문요양,"-난곡중학교 인근 3등급 여자어르신(81세), 독거

-주6일 (12:00~15:00) 18시간

-직무: 일상생활지원, 병원동행(한의원등 간단한 진료시 동행)

-급여: 13,000(주휴, 연차수당 포함)",퇴직금,고용보험 산재보험 건강보험 국민연금,2026-07-27,,6.5,5.0,18.0,7.4,20.0,7.0,63.9,C
H954202607270553,(주)한강티에스,[ 장안구 정자동 ] 화서역푸르지오에듀포레(구. 천천푸르지오) 외곽미화원 모집,"건물 청소원(공공건물,아파트,사무실,병원,상가,공장 등)",무관,관계없음,계약직,월급 / 166만원 ,경기 수원시,,◎ 주 6일(월~금: 09:00~15:30(휴게시간 1시간 포함) / 토 : 09:00~12:00),주6일근무,30,마감일 (2026-09-26),방문   ,이력서   ,031-5191-3879,"위생관리용역, 재활용품수집운반처리 및 원료재생, 청소용품, 위생용품, 사무용품","[[ 장안구 정자동 / 화서역푸르지오에듀포레(구. 천천푸르지오) 외곽미화원 모집 ]]

◎ 주 6일(월~금: 09:00~15:30(휴게시간 1시간 포함) / 토 : 09:00~12:00)
◎ 월 1,659,080원

## 미화반장님: 010-3816-1844 연락 후 방문바랍니다.",퇴직금,고용보험 산재보험 건강보험 국민연금,2026-07-27,,5.0,5.0,20.0,7.4,20.0,7.0,64.4,C
H954202607271195,일프로케어방문요양센터,재가요양보호사 모집,재가 간병인,무관,관계없음,상용직,시급 / 10320원 - 면접 후 협의가능 ,경기 의정부시,,(근무시간) (오전) 8시 30분 ~ (오전) 11시 30분,주6일근무,0,마감일 (2026-09-26),방문   ,이력서   ,031-850-5938,"방문요양, 방문목욕","▣재가요양보호사님(긴시간) 모집
▣대상자: 2등급 할머니 
- 아들과 같이 거주 , 장애인활동지원사 수료자 우대
▣ 근무형태: 주6일
▣ 근무시간 : 8:30~11:30 (추가 11:30~21:30까지 가능하신 분)
▣ 시급:협의 
ㅁ 문의사항은 010-3232-8638 으로 전화주세요",퇴직금,고용보험 산재보험 건강보험 국민연금,2026-07-27,,6.5,5.0,18.0,7.4,20.0,7.0,63.9,C
H954202607270916,엘림방문요양센터,3등급 남자어르신 돌보아 주실 요양보호사,재가 간병인,무관,관계없음,상용직,시급 / 10320원 ,서울 용산구,,(근무시간) (오전) 9시 00분 ~ (정오) 12시 00분,주6일근무,,마감일 (2026-09-26),방문 고용24 입사지원  ,기타   ,02-2077-3408,"방문요양,방문목욕","어르신 주변 정리
이동 도움 
병원 동행 
반찬 도움 
복지관에서 반찬이 오고 있어 국이나 찌개 도움 
병원 가실 때 카카오 택시 콜 가능 하신 분
주휴수당 포함하여 13.000월 시급",퇴직금,고용보험 산재보험 건강보험 국민연금,2026-07-27,,5.0,5.0,18.0,7.4,16.0,7.0,58.4,C
H954202607270118,우리재가노인복지센터,[신내 우디안아파트] 4등급 할머니(08:00~11:00) 케어 요양보호사 구인,재가 간병인,무관,관계없음,상용직,시급 / 10320원 ,서울 중랑구,,* 근무시간 :  08:00~11:00 (주 6일 3시간 근무 ),주6일근무,0,마감일 (2026-09-26),방문 기타  ,이력서 기타  ,02-2004-7002,재가요양업무,"[신내 우디안아파트] 4등급 할머니(08:00~11:00) 케어 요양보호사 구인 

* 직      무 :   할머니 케어, 식사준비 및 도움 필요, 일상생활 가사지원 업무
* 근무시간 :  08:00~11:00(주 6일 3시간 근무 )
* 시      급 : 10,320원  ( 기타제수당 포함 13,100원 )
*근 무 지 :  서울특별시 신내동 신내우디안 1단지",퇴직금,고용보험 산재보험 건강보험 국민연금,2026-07-27,,13.0,5.0,18.0,7.4,20.0,7.0,70.4,B
H954202607270454,에스에이치테크,"경리, 품질, 사무보조 경력자 구인",경리 사무원(제조),경력,관계없음,상용직,월급 / 250만원 - 면접 후 협의가능 ,경기 부천시1층,,(근무시간) (오전) 8시 30분 ~ (오후) 6시 00분,주5일근무,40,마감일 (2026-09-26),방문 고용24 입사지원  ,이력서   ,032-320-8905,정밀부품가공,"@ 경리, 품질, 사무 기타 보조원 경력자 구인합니다 @

MCT 부품 가공업체 입니다. 

* 부품 도면 이해
* 운전면허 필요
* 기타 경력 우대

가공품 품질, 후처리, 포장, 기타 사무 보조 업무

꾸준히 함께 하고 성실한 분 누구나 지원 부탁 드립니다.",퇴직금,고용보험 산재보험 건강보험 국민연금,2026-07-27,,9.5,5.0,20.0,7.4,20.0,7.0,68.9,C
H954202607270368,에스더블,"현장 프레스, 피다 작업자 구인",금속가공 기계 조작원,경력,관계없음,상용직,시급 / 13000원 - 면접 후 협의가능 ,인천 남동구,,(근무시간) (오전) 8시 00분 ~ (오후) 5시 00분,주5일근무,,마감일 (2026-09-26),팩스 고용24 입사지원  ,이력서   ,032-460-4778,"정수기,연수기 부품 프레스가공","*정수기 부품 제조업체

제조업 생산 프레스, 피다 작업 사원 구인
프레스 작업 등",퇴직금,고용보험 산재보험 건강보험 국민연금,2026-07-27,,5.0,5.0,18.0,7.4,16.0,7.0,58.4,C
H954202607271737,(주)은호섬유,[영중면](주)은호섬유 경리 직원 채용,경리 사무원(제조),경력,고등학교,상용직,월급 / 250만원 ,경기 포천시999,,(근무시간) (오전) 8시 00분 ~ (오후) 5시 30분,주5일근무,40,마감일 (2026-09-26),방문 팩스  ,이력서   ,031-538-3115,원단염색,경리직원 채용,퇴직금,고용보험 산재보험 건강보험 국민연금,2026-07-27,,5.0,5.0,20.0,7.4,20.0,7.0,64.4,C
H954202607271412,인오테크 주식회사,PVC 몰딩 생산직 직원 모집합니다.,플라스틱 금형 제조원,신입,관계없음,상용직,월급 / 216만원 ,경기 김포시다동,,(근무시간) (오전) 8시 30분 ~ (오후) 5시 30분,주5일근무,40,마감일 (2026-09-26),방문   ,이력서   ,031-999-0921,ABS몰딩 압출제품,"[모집직무]
pvc몰딩 생산라인

[직무소개]
우리 회사는 고품질 PVC 제품을 생산하고, 시장에서 최고의 서비스를 제공하는 데 전념합니다. 
본 직무는 PVC 제품 생산, 포장, PVC 원료 배합 등 제품생산과 출고에 관한 업무를 진행합니다.

[주요업무]
- PVC 제품 생산
- PVC 제품 포장 및 운반 업무 처리
- PVC 원료 배합 조절 및 관리
- 생산 라인의 안전 및 효율성을 유지",퇴직연금,고용보험 산재보험 건강보험 국민연금,2026-07-27,,14.5,5.0,20.0,7.4,20.0,7.0,73.9,B
H954202607270165,(주)제이더블유이노션,파이프 절단 경력자,금속가공 기계 조작원,경력,관계없음,상용직,월급 / 300만원 ,경기 파주시,,"평일(오전) 8시 00분~(오후) 5시 00분 
토요일 근무는 상호 협의 ( 오전 08- 12시",주5일근무,40,마감일 (2026-09-26),고용24 입사지원   ,이력서   ,031-860-0459,"광고물,조형물,파고라 제작","재활용보관소, 자전거보관소, 파고라 제작에 들어가는 파이프 절단작업",퇴직금,고용보험 산재보험 건강보험 국민연금,2026-07-27,,5.0,5.0,20.0,7.4,20.0,7.0,64.4,C
H954202607271267,(주)가나산업에이,난간대] 경리 및 영업지원(서류업무) 모집합니다,경리 사무원(제조),무관,관계없음,상용직,월급 / 250만원 ,경기 화성시(주)가나산업에이,,(근무시간) (오전) 8시 00분 ~ (오후) 5시 00분,주5일근무,40,마감일 (2026-09-26),고용24 입사지원   ,이력서   ,031-290-0822,"난간대제조및시공,고급형휀스제작 및 시공,금속구조물제조,고급형분체/액","화성 조암IC 부근에 위치한 난간업체입니다.

■주요업무

*매출,매입 관리
*기타 경리 관련 업무
*영업지원(서류 업무)

책임감 있고 꼼꼼한 경리사원 모집합니다.
기존 직원이 계속 서포트 해드리고 있어 일은 어렵지 않습니다.

■캐드도면 보실줄 아시는 분 우대합니다. (단순 치수확인정도)",퇴직연금,고용보험 산재보험 건강보험 국민연금,2026-07-27,,11.0,6.2,20.0,7.4,20.0,7.0,71.6,B
H954202607271351,(주)에프피코리아,◇ 생산직 모집 ◇,제조 단순 종사원,경력,관계없음,상용직,시급 / 10320원 ,경기 화성시(쌍송리),,(근무시간) (오전) 8시 30분 ~ (오후) 5시 30분,주5일근무,,마감일 (2026-09-26),고용24 입사지원   ,이력서   ,031-290-0823,우레탄판넬,"제조, 생산 - 우레탄 판넬, 방열문

회사 위치상 교통편이 불편하여, 차량소지자만 가능함",퇴직연금,고용보험 산재보험 건강보험 국민연금,2026-07-27,,5.0,5.0,18.0,7.4,16.0,7.0,58.4,C
H954202607271469,(주)필위드에프에이(FA),"경리, 사무",경리 사무원(제조),경력,관계없음,상용직,최소연봉 / 3000만원 - 면접 후 협의가능 ,경기 이천시,,(근무시간) (오전) 8시 30분 ~ (오후) 5시 30분,주5일근무,40,마감일 (2026-09-26),고용24 입사지원   ,이력서 자기소개서  ,031-644-3805,"반도체 제조용 기계 제조업, 산업용건조기계제조업","경영박사 프로그램 활용 가능자, 4대보험 처리, 계산서 발행등
*인센티브 별도 지급 ",퇴직연금,고용보험 산재보험 건강보험 국민연금,2026-07-27,,6.5,6.2,20.0,7.4,20.0,7.0,67.1,C
H954202607270811,(주) 부일,[용인시 모현읍] 포장 사원 모집,제조 단순 종사원,무관,관계없음,상용직,월급 / 290만원 ,경기 용인시부일,,(근무시간) (오전) 8시 00분 ~ (오후) 5시 00분,주6일근무,40,마감일 (2026-09-26),고용24 입사지원   ,이력서 기타  ,031-289-2215,"수산물, 수산물 가공,   식품제조가공업","직무내용

◆ 포장
1. 업무 : 단순 포장 및 피킹작업
2. 급여 :  290만원 

◆ 공통사항
1. 근무시간 : 주간 08:00 ~ 17:00
2. 휴게시간 : 휴식 10:00 ~ 10:20 
                     중식 12:00 ~ 13:00 
                     휴식 15:00 ~ 15:20
3. 근무교대 없음 : 주간근무 
4. 근무일자 : 월 6회 휴무(스케줄근무)",퇴직금,고용보험 산재보험 건강보험 국민연금,2026-07-27,,11.5,6.2,20.0,7.4,20.0,7.0,72.1,B
H954202607270288,(주)청아시스템,염창동 강변힐스테이트 내부 청소원 채용,"건물 청소원(공공건물,아파트,사무실,병원,상가,공장 등)",무관,관계없음,계약직,월급 / 162만원 ,서울 강서구,,"주6일 09:00~15:30 (휴게 12~13시), 토요일 09;00~12:00",주6일근무,30,마감일 (2026-09-26),방문 기타  ,이력서   ,02-2600-6519,청소용역,"- 업무: 염창동 강변힐스테이트 아파트 내부청소
- 근무시간: 주6일 09:00~15:30 (휴게 12~13시), 토요일 09;00~12:00
- 월급: 1,615,080원 (26년도 ) 
- 지원문의: 미화반장 (010-4525-9831)로 전화 후 면접",해당없음,고용보험 산재보험 건강보험 국민연금,2026-07-27,,8.0,5.0,20.0,6.2,20.0,7.0,66.2,C
H954202607270354,사단법인 경기도장애인복지회（파주시지부）,"단순 포장 업무, 모두 함께 일해요!",제조 단순 종사원,무관,관계없음,계약직(시간제),시급 / 12000원 - 면접 후 협의가능 ,경기 파주시203호,,"(오전) 9시 00분~(오후) 1시 30분
(오후) 12시 30분~(오후) 5시(30분 휴게시간 포함",기타,16,마감일 (2026-09-26),방문 팩스 고용24 입사지원 ,이력서 자기소개서 기타 ,031-860-0411,"화장지 제조, 주차관리 및 청소 용역","[모집직무]
기타 제조 관련 단순 종사원, 기타 판매 단순 종사원(전단지배포, 벽보원, 물품 보관원), 인쇄, 목재, 가구 및 기타 제조 분야 단순 종사원

[직무소개]
우리 회사는 중증 장애인도 함께 일할 수 있는 굿즈 작업 환경을 조성하고 있습니다. 봉사 정신과 함께 단순 포장 업무를 하면서 경험을 쌓을 수 있는 기회입니다.

[주요업무]
- 상품 포장
- 제품 관리
- 작업 공간 정리",퇴직금,고용보험 산재보험 건강보험 국민연금,2026-07-27,,13.0,6.2,18.0,7.4,15.0,7.0,66.6,C
H954202607270658,공정 노무법인,영업직 법률사무원 모집,"법률 사무원(법원, 로펌, 법무사무소 등)",무관,관계없음,상용직,최소연봉 / 3000만원 ,경기 성남시4-5층,,(근무시간) (오전) 9시 00분 ~ (오후) 6시 00분,주5일근무,40,마감일 (2026-09-26),고용24 입사지원   ,이력서 자기소개서  ,031-739-4988,노무사업,"■ 직무내용 
1. 업 무 : - 산재보상 관련 서류 발급
            - 법률 문서 작성 및 검토
            - 산재보상 절차 지원 
            - 산재보상 재해환자 동행
  
2. 우 대 : - 컴퓨터 활용 능력자 (엑셀, 한컴 등)
             - 커뮤니케이션 능력 
             - 인근 거주자
             - 장기근무 가능자
             - 운전가능자

- 연봉 : 3,000만원  
- 식비지원
- 자차운행시 유류비 별도지원 
- 복리후생 : 4대 보험,휴가,직원교육,개인 인센티브, 집단 인센티브 별도 지급",퇴직연금,고용보험 산재보험 건강보험 국민연금,2026-07-27,,11.5,5.0,20.0,7.4,20.0,7.0,70.9,B
H954202607271480,가인재가복지센터,3등급 여자어르신 / 덕은동 / 요양보호사 구인,재가 간병인,무관,관계없음,상용직(시간제),시급 / 10320원 ,경기 고양시,,(근무시간) (오전) 8시 30분 ~ (오전) 10시 00분,주5일근무,7,마감일 (2026-09-26),기타   ,기타   ,031-920-3914,.....,"시급(14,000원)
주간보호센터 가시기 전 준비사항을 도와주시면 됩니다.
간단한 아침식사 차려드리기, 개인위생관리 도움(세면, 옷 갈아입기 등),
차량 앞까지 모셔다 드리기 등입니다.",해당없음,고용보험 산재보험  ,2026-07-27,,6.5,5.0,18.0,6.2,20.0,7.0,62.7,C
H954202607270803,에이원노인복지센터,[수원 세류동/ 3등급 여자어르신] 재가요양보호사 구인합니다,재가 간병인,무관,관계없음,상용직,시급 / 10320원 ,경기 수원시101동,,(근무시간) (오전) 8시 30분 ~ (오전) 9시 30분,주5일근무,,마감일 (2026-09-26),방문 고용24 입사지원  ,이력서 기타  ,031-231-7977,"방문요양, 방문목욕, 방문간호","[에이원 노인복지센터] 
▶모집분야 : 재가 요양보호사 구인
▶근무내용 : 3등급 여자어르신 케어 ( 지팡이 짚고 보행가능 ) 
                  식사준비, 일상생활 수행하도록 말해주기 도움
▶근 무 지 : 수원시 권선구 정조로 618 (세류동, 매교역 성원 상떼빌) 101동
▶근무시간 :  주5일 (월~금)  오전 8시30분~9시30분 또는 8시 20분~9시20분)
▶급여(시급) : 기본 시급 10,320 + 주휴수당 + 연차수당 + 기타수당 = 총 20,000원
▶지원방법 : 전화 문의 후 면접 031-202-8846",해당없음,고용보험 산재보험  ,2026-07-27,,11.5,5.0,18.0,6.2,16.0,7.0,63.7,C
H954202607270572,(주)한강티에스,[서초포레스타2단지]   미화원 모집,"건물 청소원(공공건물,아파트,사무실,병원,상가,공장 등)",무관,관계없음,계약직,월급 / 175만원 ,서울 서초구,,(근무시간) (오전) 8시 30분 ~ (오후) 3시 30분,주6일근무,33,마감일 (2026-09-26),방문   ,이력서   ,02-2155-6683,"위생관리용역, 재활용품수집운반처리 및 원료재생, 청소용품, 위생용품, 사무용품","- 서초포레스타 2단지  아파트 미화
- 아파트 단지 내 청소 
- 근무시간: 08:30~15:30 / 토요일 : 08:30~11:30/ 주6일근무
- 휴게시간: 1시간
- 급여 : 1,749,240원
- 지원 : 010-7207-0761",해당없음,고용보험 산재보험 건강보험 국민연금,2026-07-27,,6.5,5.0,20.0,6.2,20.0,7.0,64.7,C
H954202607270846,성심요양복지센터,재가요양 보호사 모집 ,재가 간병인,경력,관계없음,상용직(시간제),시급 / 10320원 ,인천 남동구만부마을 ,,(근무시간) (오전) 9시 00분 ~ (정오) 12시 00분,주5일근무,18,마감일 (2026-09-26),방문 고용24 입사지원  ,이력서 기타  ,032-310-8894,"방문요양, 방문목욕","독거/여/4등급/오전9-12시/ 주5일 (만수동) 
수당: 13.000원 !! 
반찬.정리정돈. 병원동행 등 
문의; 032-310-8894",퇴직연금,고용보험 산재보험 건강보험 국민연금,2026-07-27,,5.0,5.0,18.0,7.4,20.0,7.0,62.4,C
H954202607271248,(주)듀델코리아,[미화원 모집] 양주시 덕계동 / 덕계 신도브래뉴 아파트,"건물 청소원(공공건물,아파트,사무실,병원,상가,공장 등)",무관,관계없음,계약직,월급 / 150만원 ,경기 양주시394,,"월~금 09:00~15:00  (휴게시간 1시간)
토요일 08:00~11:00",주6일근무,28,마감일 (2026-09-26),방문 기타  ,이력서   ,02-2116-3774,"경비업, 건물청소업","덕계 신도브래뉴 아파트 미화원 모집 / 신주없음

급여 : 월 1,504,890원

근무지 : 경기도 양주시 평화로1475번길 161-14(덕계동, 덕계 신도브래뉴)

근무시간 : 주 6일
월~금 09:00~15:00  (휴게시간 1시간)
토요일 08:00~11:00

*전화지원 최형희 미화반장(H:010-5229-1972)",해당없음,고용보험 산재보험 건강보험 국민연금,2026-07-27,,6.5,5.0,20.0,6.2,20.0,7.0,64.7,C
H954202607270777,사랑의 요양원 재가복지센터,방문요양보호사 선생님을 모십니다,재가 간병인,경력,관계없음,상용직(시간제),시급 / 10320원 ,인천 부평구,,월요일~금요일 오전 9시~오후12시 (3시간),주5일근무,15,마감일 (2026-09-26),방문 팩스 고용24 입사지원 ,이력서   ,032-540-5761,재가요양복지센터,"* 5등급 여자 어르신
* 근무일 : 월 ~ 금요일
* 시간 : 오전9시 ~오후12시
*시급:13,200원
* 아파트에서 독거로 거주
* 인지 있으시고, 자립으로 가능(보조기구 사용)
*5등급 치매 교육 이수 필수
* 업무 : 프로그램 활동 함께 수행, 식사준비, 산책동행, 병원동행 등",퇴직연금,고용보험 산재보험 건강보험 국민연금,2026-07-27,,6.5,5.0,18.0,7.4,20.0,7.0,63.9,C
H954202607271403,한사랑노인복지센터,사회복지사 구인,사회복지사,무관,관계없음,상용직,월급 / 230만원 - 면접 후 협의가능 ,서울 서대문구,,(근무시간) (오전) 8시 30분 ~ (오후) 5시 30분,주5일근무,40,마감일 (2026-09-26),고용24 입사지원   ,이력서   ,031-591-6041,노인재가복지센터,"[사회복지사]
-어르신댁 상담, 지도 및 전반적인 복지서비스, 요양보호사 관리 및 지원, 행정업무
-근무시간: 8:30~17:30 (주5일)
-월급: 230만원 
-자동차 운전 필수
-제출서류: 이력서",퇴직금,고용보험 산재보험 건강보험 국민연금,2026-07-27,,9.5,5.0,20.0,7.4,20.0,7.0,68.9,C
H954202607271396,다온케어복지센터,요양보호사,재가 간병인,신입,관계없음,상용직(시간제),시급 / 10320원 ,인천 남동구단독주택,,(근무시간) (오전) 9시 00분 ~ (정오) 12시 00분,주5일근무,15,마감일 (2026-09-26),기타   ,기타   ,032-540-2079,.,"4등급 여자어르신, 독거. 식사준비, 청소, 재가요양보호사 업무",퇴직연금,고용보험 산재보험 건강보험 국민연금,2026-07-27,,6.5,5.0,18.0,7.4,20.0,7.0,63.9,C
H954202607271245,100년한방병원,깨끗하고 위생적인 환경을 만들어 나가는 병원 청소 직원 채용,"건물 청소원(공공건물,아파트,사무실,병원,상가,공장 등)",신입,관계없음,상용직,최소연봉 / 2588만원 - 면접 후 협의가능 ,경기 남양주시,,(근무시간) (오전) 7시 00분 ~ (오후) 4시 00분,주5일근무,40,마감일 (2026-09-26),고용24 입사지원   ,이력서   ,031-560-1965,.,"진접역 1번출구에 위치한 100년 한방병원입니다 청소 직원님 구인합니다
근무 조건 및 급여는 면접시 협의입니다.

031-572-3375 전화또는 이력서 제출 부탁드립니다 감사합니다.",퇴직금,고용보험 산재보험 건강보험 국민연금,2026-07-27,,5.0,5.0,20.0,7.4,20.0,7.0,64.4,C
H954202607271032,참조은 데이케어센터,개화산역 근처 3등급 여자어르신 케어하실 요양보호사 구인,재가 간병인,신입,관계없음,상용직(시간제),시급 / 10320원 ,서울 강서구102동 9층,,(근무시간) (오전) 9시 00분 ~ (정오) 12시 00분,주5일근무,15,마감일 (2026-09-26),방문   ,기타   ,02-2063-6725,노인요양 복지시설,"만 87세 여자어르신 (고혈압, 허리디스크,고관절,무릎통증,변비 등)

신체활동지원 (이동도움, 앉은자세 유지, 몸씻기 등)
정서지원
가사지원 (청소 세탁 반찬만들기)

포괄시급 ( 기본급 10320+ 주휴 연차수당 2680) 13,000원",퇴직연금,고용보험 산재보험 건강보험 국민연금,2026-07-27,,6.5,5.0,18.0,7.4,20.0,7.0,63.9,C
H954202607270685,현대건설(주),현대건설(병방동 건설현장 가설사무실 외 ) 청소 미화원 채용,"건물 청소원(공공건물,아파트,사무실,병원,상가,공장 등)",무관,관계없음,계약직(시간제),시급 / 10320원 ,인천 계양구현장사무실 외,,▶ 근무시간 : 05:00 ~ 09:00 또는 06:00~10:00 (1일 4시간) / 주 5일 (월~금) / 시간조율,주5일근무,20,마감일 (2026-09-26),방문 팩스  ,이력서   ,032-450-5528,"토목, 건설","▶ 직무내용 : 병방동 건설현장 가설사무실 청소 외 직원숙소(APT 3채) 청소 포함
                  직원숙소는 주1회만 

▶ 근무시간 : 05:00 ~ 09:00 또는 06:00~10:00 (1일 4시간) / 주 5일 (월~금) / 시간조율 가능
▶ 시급: 15,000원 (시급10320원 + 제수당포함)
▶ 복지카드소지자 우대
※ 운전면허 필수 / 대중교통 없음

▶ 고용형태 : 계약기간 3개월(3개월씩 계약 연장)",퇴직금,고용보험 산재보험 건강보험 국민연금,2026-07-27,,10.0,5.0,18.0,7.4,20.0,7.0,67.4,C
H954202607270407,(주)두원에이앤씨,[일원동] 샘터마을아파트 외곽청소원 모집,"건물 청소원(공공건물,아파트,사무실,병원,상가,공장 등)",무관,관계없음,계약직,월급 / 216만원 ,서울 강남구일원동,,"월화수 09:00~17:30 , 목 09:00~20:30, 금 08:00~16:30 , 토 09:00~12:00",주6일근무,40,마감일 (2026-09-26),방문 기타  ,이력서   ,02-2147-3681,"위생관리, 시설유지관리, 시설경비 등 인력파견업","일원동샘터마을 외곽청소, 분리수거장, 주차장관리등
* 반장에게 전화하여 면접시간 정한후 이력서 지참하고 면접 실시",퇴직금,고용보험 산재보험 건강보험 국민연금,2026-07-27,,6.5,5.0,20.0,7.4,20.0,7.0,65.9,C
H954202607271458,최고야 방문요양센터,"[송정동/4등급 여자어르신/10:00~13:00, 오후로도 시간협의 가능] 주5일 요양보호사",요양 보호사 및 간병인,무관,관계없음,상용직(시간제),시급 / 10320원 ,서울 성동구,,(근무시간) (오전) 10시 00분 ~ (오후) 1시 00분,주5일근무,5,마감일 (2026-09-26),방문 기타  ,기타   ,02-2147-3684,방문요양서비스,"- 대상자 : 송정동 4등급 여자어르신 80대중반
- 직무 내용 : 일상생활지원, 식사준비
- 근무시간 :  10:00~13:00, 오후로도 시간협의 가능
- 시급 10,320원 +  기타 수당

* 지원 문의 : 전화(010-9811-9828)",퇴직금,고용보험 산재보험  ,2026-07-27,,6.5,5.0,18.0,7.4,20.0,7.0,63.9,C
H954202607270789,(주)에이블지엘에스,컨테이너 츄레라 (회사차) 운전기사님을 모집합니다.,중·대형 화물차 운전원(트레일러 포함),경력,관계없음,상용직,월급 / 300만원 ,인천 연수구A동838호,,(근무시간) (오전) 8시 00분 ~ (오후) 6시 00분,주6일근무,48,마감일 (2026-09-26),팩스 고용24 입사지원  ,이력서   ,032-460-4940,컨테이너 운송업,"회사차 컨테이너 츄레라 헤드 운전해주실 기사님을 모집합니다.
1. 대형 면허증 필수/ 화물관리종사자자격증필수
2. 근무시간은 수시 변동 (새벽에 나오실 수 있고 밤에 퇴근하실 수 있습니다.)
3. 월급에 식대 포함
4. 기타 자세한 사항은 면접 후 협의
5. 월급은 경력에 따라 결정됩니다. (면접시 상담)
6. 격주근무입니다",퇴직연금,고용보험 산재보험 건강보험 국민연금,2026-07-27,,6.5,5.0,20.0,7.4,20.0,7.0,65.9,C
H954202607270573,(주)두원에이앤씨,판교봇들마을3단지아파트  미화원 모집,"건물 청소원(공공건물,아파트,사무실,병원,상가,공장 등)",경력,관계없음,계약직(시간제),월급 / 175만원 ,경기 성남시미화원휴게실,,"1. 아파트 미화원
평일 08:30~15:30분(휴게1시간)
토요일 08:30~11:30",주6일근무,33,마감일 (2026-09-26),방문   ,이력서   ,031-729-4884,"위생관리, 시설유지관리, 시설경비 등 인력파견업","1.  판교봇들마을3단지 아파트 미화원 모집
- 근무시간 : 평일 08:00 ~ 15:00, 토요일 08:00~11:00 
- 휴게시간 : 12:00~13:00(1시간)
- 급여 : 1,749,240원
- 반장에게 전화해서 이력서 지참후 면접보면 됩니다.",해당없음,고용보험 산재보험 건강보험 국민연금,2026-07-27,,5.0,5.0,20.0,6.2,20.0,7.0,63.2,C
H954202607270915,수유재가방문센터,[수유래미안아파트 / 4등급 여자/ 오전]  재가요양보호사 구인,재가 간병인,무관,관계없음,계약직(시간제),시급 / 10320원 ,서울 강북구수유래미안아파트,,(근무시간) (오전) 9시 00분 ~ (정오) 12시 00분,주5일근무,15,마감일 (2026-09-26),방문   ,기타   ,02-901-7247,방문요양서비스,"- 수유래미안 아파트/  4등급 여자어르신
- 직무내용: 일상생활 도움 등 요양보호사 업무 
- 근무 시간: 9시~12시, 주5일
- 포괄시급 13,000원(기본 시급,  제 수당 포함)",퇴직금,고용보험 산재보험 건강보험 국민연금,2026-07-27,,6.5,5.0,18.0,7.4,20.0,7.0,63.9,C
H954202607270666,튼튼재가복지센터,4등급 여자어르신 용현동,재가 간병인,무관,관계없음,계약직(시간제),시급 / 10320원 ,인천 미추홀구.,,(근무시간) (오전) 11시 00분 ~ (오후) 2시 00분,주5일근무,15,마감일 (2026-09-26),고용24 입사지원   ,이력서   ,032-460-4940,방문 요양,"4등급 여자어르신 용현동 인하대 후문 근처
기본적인 식사 세탁 청소 위주
11시~14시, 주 5회

사무실 및 개인번호로 지원해주세요

*시급: 13,000원(수당 포함)",퇴직금,고용보험 산재보험 건강보험 국민연금,2026-07-27,,6.5,5.0,18.0,7.4,20.0,7.0,63.9,C
H954202607271547,정다운 주간보호센터,주간보호센터 프로그램 전문 사회복지사 모집,사회복지사,신입,관계없음,상용직,월급 / 216만원 ,경기 고양시,,(근무시간) (오전) 8시 30분 ~ (오후) 5시 30분,주5일근무,40,마감일 (2026-09-26),고용24 입사지원   ,이력서 자기소개서  ,031-920-3914,어르신 돌봄 서비스,"[채용대행-4060원스톱데이] 주간보호센터 프로그램 전문 사회복지사 모집

/ 프로그램관리자 업무 전반(운영.계획.진행) 경력 우대
/ 블로그 관리
/ 송영
/ 기타업무
/ 프로그램관리자 교육이수자 우대
/ 주5일(08:30~17:30) 
/ 월215~250만원
/ 2종보통 운전 우대(1종 보통 우대)",퇴직금,고용보험 산재보험 건강보험 국민연금,2026-07-27,,9.5,6.2,20.0,7.4,20.0,7.0,70.1,B
H954202607270901,안산방문요양센터,원곡동 5등급 여자 어르신 재가요양보호사 모집,재가 간병인,무관,관계없음,계약직(시간제),시급 / 10320원 ,경기 안산시1층,,(근무시간) (오전) 9시 00분 ~ (정오) 12시 00분,주5일근무,15,마감일 (2026-09-26),방문 고용24 입사지원  ,이력서 기타  ,031-412-6916,노인요양복지시설,"* 원곡동 5등급 여자어르신 방문요양
- 주5일 9:00-12:00 (일 3시간)
- 인지요양, 일상생활수행지원, 말벗 등 
- 시급 13,500원 (기본시급 10,320원 + 수당포함 )",퇴직금,고용보험 산재보험 건강보험 국민연금,2026-07-27,,6.5,5.0,18.0,7.4,20.0,7.0,63.9,C
H954202607271949,나눔과 섬김의 센터,[장암동] 오전 재가요양보호사 모집,재가 간병인,무관,관계없음,상용직(시간제),시급 / 10320원 ,경기 의정부시.,,(근무시간) (오전) 9시 00분 ~ (정오) 12시 00분,주5일근무,15,마감일 (2026-09-26),방문 기타  ,기타   ,031-270-9871,노인 요양복지시설 운영업,"- 4등급 할아버지
- 장암동
- 주5일,  9시~12시
- 가사지원(청소,세탁,식사), 병원동행, 족욕 등
- 시급 : 10,320원 (제수당 포함 13,100원)
- 건강검진결과지 필수
- 지원문의 : 안간원 사회복지사 010-3656-3999",퇴직연금,고용보험 산재보험 건강보험 국민연금,2026-07-27,,6.5,5.0,18.0,7.4,20.0,7.0,63.9,C
H954202607270905,새울요양병원,요양병원 기획관리본부 직원 모집,,경력,관계없음,상용직,시급 / 10320원 ,인천 부평구,,"월~금: 8시 30분~ 17시 30분(휴게시간 12시30분~13시30분)
토요일: 격주 근무 8시 3",주5일근무,,마감일 (2026-09-26),고용24 입사지원   ,이력서   ,032-540-5740,요양병원,"행정물품 구매, 총무 및 인사
증빙철 관리, 물건 발주 등",퇴직금,고용보험 산재보험 건강보험 국민연금,2026-07-27,,6.5,5.0,18.0,7.4,16.0,7.0,59.9,C
H954202607271545,주식회사한빛데이타,구내통신/교환기 구축 및 유지보수,통신장비 설치·수리원,무관,관계없음,상용직,최소연봉 / 3000만원 ,서울 종로구두산위브파빌리온 13층 1334호,,(근무시간) (오전) 9시 00분 ~ (오후) 6시 00분,주5일근무,40,마감일 (2026-09-26),고용24 입사지원   ,이력서   ,02-2004-7021,교환기 유지보수,"담당업무

 - 구내통신, 네트워크, 통신 설치 및 기술지원
 - IP 교환기, VOIP, IPT, LAN 스위치 설치 및 기술지원

핵심역량 

 - 성실성, 협동심, 꼼꼼함자격요건

 - 학력 : 고졸이상
 - 경력 : 신입 및 경력

고용형태 
 
 - 정규직 (수습1개월)

우대사항

 - 인근거주자
 - 운전가능자
 - 유관업무 경력자
 - 전기/전자공학
 - 컴퓨터/시스템 공학
 - 자격증 : 정보통신기사, 네트워크 관리사 유관 자격증 보유자",퇴직연금,고용보험 산재보험 건강보험 국민연금,2026-07-27,,17.5,5.0,20.0,7.4,20.0,7.0,76.9,B
H954202607270986,수유재가방문센터,[솔밭공원역 인근 / 3등급 여자/ 오후]  재가요양보호사 구인,재가 간병인,무관,관계없음,계약직(시간제),시급 / 10320원 ,서울 강북구면접시 상세주소 안내,,(근무시간) (오후) 3시 00분 ~ (오후) 6시 00분,주5일근무,15,마감일 (2026-09-26),방문   ,기타   ,02-901-7247,방문요양서비스,"- 솔밭공원역 인근/  3등급 여자어르신
- 직무내용: 정기적인 병원동행 등 일상생활도움
- 근무 시간: 15시~18시, 주5일
- 포괄시급 13,000원(기본 시급,  제 수당 포함)",퇴직금,고용보험 산재보험 건강보험 국민연금,2026-07-27,,5.0,5.0,18.0,7.4,20.0,7.0,62.4,C
H954202607271867,햇빛재가노인복지센터,(김포/구래동/4등급) 요양보호사 구인합니다,재가 간병인,무관,관계없음,상용직(시간제),시급 / 10320원 ,경기 김포시,,(근무시간) (오후) 1시 00분 ~ (오후) 4시 00분,주5일근무,15,마감일 (2026-09-26),기타   ,기타   ,032-540-5762,"방문요양,목욕,간호","김포시 구래동 4등급 할머님을 모실 요양보호사 구인합니다.

주 5일 근무로 근무시간은 오후 1시 ~ 4시 예정이지만 조절 가능합니다.

자세한 근무내용 및 상담은 채용담당자와 유선통화를 통하여 안내해드리겠습니다.",퇴직연금,고용보험 산재보험 건강보험 국민연금,2026-07-27,,6.5,5.0,18.0,7.4,20.0,7.0,63.9,C
H954202607271041,실버벨재가복지센터,"재가요양보호사 구함(오현로 9길 **, 미아동 해링턴플레이스 근처 빌라/ 5등급 남자/오후)",재가 간병인,무관,관계없음,계약직(시간제),시급 / 10320원 ,서울 강북구미아동 해링턴플레이스 인근(상세 주소 생략),,(근무시간) (오후) 2시 00분 ~ (오후) 5시 00분,주5일근무,15,마감일 (2026-09-26),방문   ,이력서   ,02-901-7248,"방문요양, 방문목욕","* 오현로 9길 **, 미아동 해링턴플레이스 근처 빌라/ 5등급 남자
* 근무시간 : 14:00~17:00/주 5일
* 근무내용 :  인지도움, 식사도움, 정서 지원, , 청소 등
* 포괄시급 : 13,100원 (기본 시급, 제 수당 등 포함)
* 치매교육 이수자 지원",퇴직금,고용보험 산재보험 건강보험 국민연금,2026-07-27,,6.5,5.0,18.0,7.4,20.0,7.0,63.9,C
H954202607271055,가족재가복지센터,[장미원시장 인근/ 4등급 여자/ 오후]  재가요양보호사 구인,재가 간병인,무관,관계없음,계약직(시간제),시급 / 10320원 ,서울 강북구,,(근무시간) (오후) 1시 00분 ~ (오후) 4시 00분,주5일근무,15,마감일 (2026-09-26),방문 기타  ,이력서   ,02-901-7247,재가요양,"- 장미원 시장 인근.  4등급 여자어르신
- 직무내용 : 가사 및 개인활동지원 외출동행 등 일상생할지원
- 근무조건 : 13:00~16:00 , 주5일근무
- 포괄시급 : 13,500원(기본시급+주휴수당 등 포함)",퇴직금,고용보험 산재보험 건강보험 국민연금,2026-07-27,,6.5,5.0,18.0,7.4,20.0,7.0,63.9,C
H954202607271718,두바이모터스주식회사,폐차장 관련업무 및 경리 직원을 모집합니다.,경리 사무원(일반사업체),경력,관계없음,상용직,월급 / 230만원 ,경기 포천시,,(근무시간) (오전) 9시 00분 ~ (오후) 6시 00분,주5일근무,40,마감일 (2026-09-26),고용24 입사지원   ,이력서 자기소개서  ,031-828-0923,.,"【모집직종】
- 폐차업무 및 경리사무원 

 【직무소개】
- 자동차폐차 업무를 통해 효율적인 운영을 지원하고, 다양한 사무 업무를 수행

 【주요업무】
 - 자동차폐차 관련 전산 업무 처리
 - 각종 서류 관리 및 정리
 - 사무실 청소 및 정돈",퇴직금,고용보험 산재보험 건강보험 국민연금,2026-07-27,,12.5,5.0,20.0,7.4,20.0,7.0,71.9,B
H954202607271143,명성재가복지센터,"재가요양보호사 구함(한천로123가길 **,수유역 부근/2등급 여자)",재가 간병인,무관,관계없음,계약직(시간제),시급 / 10320원 ,서울 강북구수유역 근처,,(근무시간) (오전) 10시 30분 ~ (오후) 3시 00분,주5일근무,20,마감일 (2026-09-26),방문   ,이력서   ,02-901-7248,"방문요양, 방문목욕","* 한천로123가길 **,수유역 부근/2등급 여자(이동 변기 사용)
* 근무시간 : 10:30~15:00(30분 휴게시간 포함)/주 5일
* 근무내용 : 병원 동행,신체 활동 지원, 가사 지원, 어르신 케어 등
* 포괄시급 : 13,000원 (기본 시급, 제 수당 등 포함)
* 화, 목요일은 자택 근처 병원으로 출근하셔서 투석 종료한 대상자 모셔오기",퇴직금,고용보험 산재보험 건강보험 국민연금,2026-07-27,,6.5,5.0,18.0,7.4,20.0,9.0,65.9,C
H954202607271281,실로암재가복지센터,재가요양보호사 채용,재가 간병인,무관,관계없음,계약직(시간제),시급 / 10320원 ,인천 계양구0,,(근무시간) (오전) 9시 00분 ~ (정오) 12시 00분,주5일근무,15,마감일 (2026-09-26),방문   ,이력서   ,032-625-8436,요양보호사 서비스,3급 할머니 오전재가,퇴직금,고용보험 산재보험  ,2026-07-27,,5.0,5.0,18.0,7.4,20.0,7.0,62.4,C
H954202607271449,한마음방문요양센터,[중곡동/3등급/여자/오전] 재가 요양보호사 채용,재가 간병인,무관,관계없음,계약직(시간제),시급 / 10320원 ,서울 광진구아차산역 1번출구 인근,,(근무시간) (오전) 9시 00분 ~ (정오) 12시 00분,주5일근무,15,마감일 (2026-09-26),방문 기타  ,기타   ,02-450-1419,방문요양서비스,"* 3등급 여자어르신(48년생) 케어/거동가능/배우자와 거주
* 말벗/병원동행_택시이동 후 실내에서 휠체어 이동도움/주1회 샤워도움 등 신체활동지원
* 간단한 점심식사 준비/청소, 세탁 등 일상생활지원
- 산책동행 없음",퇴직금,고용보험 산재보험 건강보험 국민연금,2026-07-27,,6.5,5.0,18.0,7.4,20.0,9.0,65.9,C
H954202607271482,(A)비지팅엔젤스 중랑지점,[면목5동 홈플러스 근처 4급여자(등급변경 신청중/기저귀케어) 16~19시(15~18시) 주5일] 재가요양보호사 채용,재가 간병인,무관,관계없음,계약직(시간제),시급 / 10320원 ,서울 중랑구신우아파트,,(근무시간) (오후) 4시 00분 ~ (오후) 7시 00분,주5일근무,15,마감일 (2026-09-26),방문   ,기타   ,02-2094-2246,복지시설 운영업,"*4급여자(80대/부부거주)
*기저귀케어, 식사, 청소 등 일상생활지원 
*16:00(15:00)~19:00(18:00)/주5일
*시급13,000원(기본 시급 10,320원 + 주휴·연차수당 포함)",퇴직금,고용보험 산재보험 건강보험 국민연금,2026-07-27,,6.5,5.0,18.0,7.4,20.0,7.0,63.9,C
H954202607271597,한마음방문요양센터,[공릉동/4등급/여자/오후] 재가 요양보호사 채용,재가 간병인,무관,관계없음,계약직(시간제),시급 / 10320원 ,서울 노원구,,(근무시간) (오후) 2시 00분 ~ (오후) 5시 00분,주5일근무,15,마감일 (2026-09-26),방문 기타  ,기타   ,02-450-1419,방문요양서비스,"* 4등급 여자어르신(40년생) 케어/.거동가능/배우자와 거주
* 가끔씩 병원동행_휠체어 이동도움/말벗/주1~2회 샤워도움 등 신체활동지원
* 식재료 전처리 및 정리정돈/세탁 등 일상생활지원
- 반찬조리 없음",퇴직금,고용보험 산재보험 건강보험 국민연금,2026-07-27,,8.0,5.0,18.0,7.4,20.0,7.0,65.4,C
H954202607271726,방배재가복지센터,[방배동/5등급/여자/오후] 재가 요양보호사 구인,재가 간병인,무관,관계없음,계약직(시간제),시급 / 10320원 ,서울 서초구,,(근무시간) (오후) 3시 00분 ~ (오후) 6시 00분,주5일근무,15,마감일 (2026-09-26),방문 기타  ,기타   ,02-450-1741,재가방문업무,"* 41년생 5등급 여자어르신 케어
* 아들(출근)과 거주 / 거동 가능
* 인지활동지원, 저녁식사 지원, 주변환경 정리, 산책 동행 등 가사 및 일상생활지원
* 치매교육이수 필수
* 근무시간- 15:00~18:00 or 14:00~17:00
* 근무지- 서초구 방배동 래미안원페를라아파트",퇴직금,고용보험 산재보험 건강보험 국민연금,2026-07-27,,6.5,5.0,18.0,7.4,20.0,7.0,63.9,C
H954202607271735,주식회사 에이스효성복지센터,요양보호사 모집(인천  서구),재가 간병인,무관,관계없음,계약직(시간제),시급 / 10320원 ,인천 서해구1,,(근무시간) (오후) 2시 00분 ~ (오후) 5시 00분,주5일근무,15,마감일 (2026-09-26),방문 우편 팩스 고용24 입사지원,이력서   ,032-540-5761,노인 복지시설 운영,"1. 근무지  : 인천시  서구 검암동( 은지초등학교 인근)

2. 근무시간 : 1400-1700 (월-금 근무)

3. 대상자 : 여성3등급 / 거동가능 / 

4. 직무내용 :  걷기운동 도움   화투놀이 함께하기  청소

5. 임금  : 13,000원(시급,주휴,연차수당포함) /",퇴직금,고용보험 산재보험 건강보험 국민연금,2026-07-27,,5.0,5.0,18.0,7.4,20.0,7.0,62.4,C
H954202607270357,(주)나래산업,"경영지원팀 출산, 육아휴직 대체인력 채용 (계약직)",,경력,관계없음,계약직,월급 / 230만원 ,경기 평택시,,(근무시간) (오전) 8시 30분 ~ (오후) 5시 30분,주5일근무,40,마감일 (2026-09-26),고용24 입사지원   ,이력서 자기소개서  ,031-646-1229,자동차 헤드라이트 제조,"출산, 육아 휴직 대체인력으로 2명을 모집하고 있습니다.

기간: 2026년 9월~2028년 1월 또는 3월 -1명
        2026년 11월~2028년 4월-1명
       (휴직기간에 따라 변동 될 수 있음)

채용형태: 계약직

담당업무:
  소모품관리, 매입마감, 세금계산서 발행, 손익계산서, 급여관리, 안전보건대행 관리, 입퇴사자 서류관리 등등
 업무분담으로 나눠서 진행 예정.
 (안전보건관리는 한 달에 1~2회 업체에서 관리를 하고 있음)

지원자격:
 고졸 이상 (관련 경력자 우대)
 자차로 출퇴근 가능자
 컴퓨터 활용 우수자

근무조건:
 08:30~17:30

근무지: 평택시 청북읍

급여: 면접 후 결정.

제출서류: 이력서(사진첨부), 자기소개서(필수)",퇴직금,고용보험 산재보험 건강보험 국민연금,2026-07-27,,16.0,6.2,20.0,7.4,20.0,7.0,76.6,B
H954202607271761,시니어스초이스홈케어송파점,[잠실동/4등급/여자/오전] 재가 요양보호사 구인,재가 간병인,무관,관계없음,계약직(시간제),시급 / 10320원 ,서울 송파구,,(근무시간) (오전) 8시 30분 ~ (오전) 11시 30분,주5일근무,15,마감일 (2026-09-26),방문 팩스  ,기타   ,02-450-1741,방문요양,"* 39년생 4등급 여자어르신 케어
* 독거 / 거동 가능
* 주변환경정리, 청소, 식사 지원(반찬 2가지 정도 조리) 등 가사 및 일상생활지원
* 근무지- 송파구 잠실동 갤러리아팰리스(롯데월드 인근지역)",퇴직금,고용보험 산재보험 건강보험 국민연금,2026-07-27,,6.5,5.0,18.0,7.4,20.0,7.0,63.9,C
H954202607271840,가까운방문요양센터,[구의동/3등급/남자/오후] 재가 요양보호사 채용,재가 간병인,무관,관계없음,계약직(시간제),시급 / 10320원 ,서울 광진구아차산배수지 및 아차산역 2번출구 인근,,(근무시간) (오후) 1시 00분 ~ (오후) 4시 00분,주5일근무,15,마감일 (2026-09-26),방문 기타  ,기타   ,02-450-1419,"방문요양, 방문목욕","* 3등급 남자어르신(45년생:파킨슨환자) 케어/거동불편/배우자와 거주
* 산책 및 병원동행_지팡이 사용/화장실 부축도움/주1~2회 샤워도움 등 신체활동지원
* 식사 차려드리기 등 일상생활지원
* 일,월요일 휴무/토요일 근무있음",퇴직금,고용보험 산재보험 건강보험 국민연금,2026-07-27,,6.5,5.0,18.0,7.4,20.0,9.0,65.9,C
H954202607271848,다사랑재가노인복지센터,[덕풍동] 4등급 할머니 재가요양보호사 모집,재가 간병인,무관,관계없음,상용직(시간제),시급 / 10320원 ,경기 하남시,,(근무시간) (오전) 9시 00분 ~ (정오) 12시 00분,주5일근무,15,마감일 (2026-09-26),방문 기타  ,기타   ,031-790-6886,"방문요양,방문목욕","[덕풍동] 4등급 할머니 재가요양보호사 모집
 ㅇ신체활동지원(이동도움, 산책), 말벗지원, 가사 및 일상생활지원 등
 ㅇ근무시간 : 주5일(월~금) 09:00 ~ 12:00
 ㅇ급여 : 기본시급 10,320원 + 기타수당 포함 = 시급 13,000원

◆전화( 010-2085-5407 )상담 후 지원◆",퇴직연금,고용보험 산재보험 건강보험 국민연금,2026-07-27,,6.5,5.0,18.0,7.4,20.0,7.0,63.9,C
H954202607271884,수일홈케어복지센터,[종암동/3등급/여자/오후] 재가 요양보호사 채용,재가 간병인,무관,관계없음,계약직(시간제),시급 / 10320원 ,서울 성북구종암동주민센터 인근,,(근무시간) (오후) 2시 00분 ~ (오후) 5시 00분,주5일근무,15,마감일 (2026-09-26),방문 기타  ,기타   ,02-450-1419,방문요양,"* 3등급 여자어르신(35년생) 케어/거동가능/독거
* 산책동행_보행기 사용
* 장보기/저녁식사_국,반찬2가지 준비/청소, 세탁 등 일상생활지원",퇴직금,고용보험 산재보험 건강보험 국민연금,2026-07-27,,6.5,5.0,18.0,7.4,20.0,7.0,63.9,C
H954202607270098,온세대 클라이밍,스포츠클라이밍 강사 및 직원 모집,"스포츠강사, 레크리에이션강사 및 기타 관련 전문가",경력,관계없음,계약직(시간제),시급 / 10320원 ,서울 강동구B101호,,(근무시간) (오후) 3시 00분 ~ (오후) 10시 00분,기타,20,마감일 (2026-09-26),고용24 입사지원   ,이력서 자기소개서  ,02-2142-8427,.,"클라이밍 체험 및 강습 (회원관리 포함)
기초적인 사무/행정/홍보 
암장안전관리 및 환경관리
사람을 존중하는 일
회원관리(브로제이) 프로그램/엑셀프로그램 운영",해당없음,고용보험 산재보험 건강보험 국민연금,2026-07-27,,8.0,5.0,18.0,6.2,15.0,7.0,59.2,C
H954202607271900,효엔재가복지센터,재가요양보호사,재가 간병인,무관,관계없음,계약직(시간제),시급 / 10320원 ,서울 도봉구.,,(근무시간) (오전) 10시 00분 ~ (오후) 1시 00분,주5일근무,15,마감일 (2026-09-26),방문   ,이력서   ,02-3406-0940,"방문요양,방문목욕","- 54년생 4등급 할머니, 독거
- 도봉동 도봉역 근처
- 월~금(토): 10:00~13:00
- 이동도움, 가사지원, 병원동행 등
-시급 :13,000원(주휴, 연차수당 포함)",퇴직금,고용보험 산재보험 건강보험 국민연금,2026-07-27,,6.5,5.0,18.0,7.4,20.0,7.0,63.9,C
H954202607271428,(주)제이이엠티,CAD/CAM/고속 가공기 (전극 가공) 작업자 모집,캐드캠 기능원,경력,관계없음,상용직,시급 / 10320원 - 면접 후 협의가능 ,경기 화성시,,"근무 시간 : (오전) 08시 30분 ~ (오후) 17시 20분
휴게 시간 : (오전) 10시 30분 ~ ",주5일근무,,마감일 (2026-09-26),고용24 입사지원   ,이력서   ,031-290-0823,금형,"전극 가공 작업자 모집 (CAD/CAM)

- 플라스틱 사출 금형 업체
- 주로 자동차 부품 제작
- 신작 금형 제작 및 금형 수리 / 수정

- 경력 우대
- 임금은 면접 후 결정",퇴직연금,고용보험 산재보험 건강보험 국민연금,2026-07-27,,5.0,5.0,18.0,7.4,16.0,7.0,58.4,C
H954202607271923,영은재가복지센터,[ 소흘읍 ] 3등급 할머님 재가요양보호사 구인,재가 간병인,무관,관계없음,계약직(시간제),시급 / 10320원 ,경기 포천시.,,(근무시간) (오전) 9시 00분 ~ (정오) 12시 00분,주5일근무,15,마감일 (2026-09-26),방문 기타  ,이력서 기타  ,031-538-3115,재가장기요양기관,"- 3등급 할머님 케어도움
- 시급 13,100원 (10,320원+기타 수당 포함)
- 담당자: 010-3062-3062",퇴직금,고용보험 산재보험 건강보험 국민연금,2026-07-27,,6.5,5.0,18.0,7.4,20.0,7.0,63.9,C
H954202607271715,가나재가복지센터,휴먼시아6단지/ 5등급 남자/8:30-11:30)요양보호사 구인 ,재가 간병인,무관,관계없음,상용직(시간제),시급 / 10320원 ,경기 광명시.,,(근무시간) (오전) 8시 30분 ~ (오전) 11시 30분,주5일근무,9,마감일 (2026-09-26),방문   ,기타   ,032-310-8894,방문목욕/ 방문재가요양,"5등급/남/오전8:30-11:30/주5일 
치매교육이수자만 지원가능합니다.!!!

주소: 광명시 소하로 161 (휴먼시아6단지) 
문의: 032-310-8894",퇴직연금,고용보험 산재보험 건강보험 국민연금,2026-07-27,,6.5,5.0,18.0,7.4,20.0,7.0,63.9,C
H954202607271065,클레이몰,[룰루핑거 클레이몰] 배송준비 / 상품포장 직원 채용,쇼핑몰택배 준비원,무관,관계없음,상용직,월급 / 230만원 ,경기 파주시클레이몰 물류센타,,(근무시간) (오전) 8시 30분 ~ (오후) 5시 30분,주5일근무,40,마감일 (2026-09-26),고용24 입사지원   ,이력서 자기소개서  ,02-2004-7005,"클레이강사 교육, 재료판매, 택배배송","공예관련 물류에서 물건 정리 및 패킹 직원
물건 정리 및 포장",퇴직금,고용보험 산재보험 건강보험 국민연금,2026-07-27,,5.0,6.2,20.0,7.4,20.0,7.0,65.6,C
H954202607271508,주식회사 다산메디칼,쇼핑몰 경리 겸 영업지원 업무 담당자 채용,경리 사무원(일반사업체),무관,관계없음,계약직,월급 / 216만원 - 면접 후 협의가능 ,경기 용인시다산메디칼,,(근무시간) (오전) 9시 00분 ~ (오후) 6시 00분,주5일근무,40,마감일 (2026-09-26),고용24 입사지원 기타  ,이력서 자기소개서  ,031-289-2215,"의료기기, 의료소모품 병의원유통","당사는 의료용품 인터넷쇼핑몰을 운영하는 소규모 전자상거래 회사입니다

경리 및 영업지원 사무를 담당하실 분을 채용 합니다

담당업무
1. 쇼핑몰 매입/매출, 경비 등에 대한 정산과 세금계산서 발행 및 수취 관리
2. 매입 매출 및 경비 정산 대금 지급 관리
3. 세무 신고 관리를 위한 세무회계사무소와의 업무 처리
4. 일반 영업 지원 및 관리고객 응대 (인바운드, 주문배송 상담이 주류)관련 업무
5. 기타 쇼핑몰 운영과 관련된 회사 관리업무

- 인근 거주하시거나 자차 이용 출퇴근이 편하신 분  우대
- PC, Excel은 반드시 사용 가능하여야 합니다
- ERP (이카운트, 더존 등) 사용 경험자 우대

- 오래 다니실 분이 필요합니다",퇴직연금,고용보험 산재보험 건강보험 국민연금,2026-07-27,,19.0,5.0,20.0,7.4,20.0,7.0,78.4,B
H954202607271580,사랑드림올케어센터,4등급 여자어르신 돌보실 요양보호사 모집 (인천 만수 뉴서울),재가 간병인,무관,관계없음,상용직(시간제),시급 / 10320원 ,인천 남동구102동,,(근무시간) (오전) 9시 00분 ~ (정오) 12시 00분,주5일근무,15,마감일 (2026-09-26),고용24 입사지원   ,이력서   ,032-310-8894,복지서비스,"[모집직종]
재가요양보호사, 가정방문 요양보호사

[근무시간]
여자 / 4등급 
시간: 0900-1200 ( 3시간/ 월화수목금 주5일)

[시급]
13,000원(모든 수당 포함) 

[근무지]
인천 남동구 담방로21번길 61 (만수뉴서울아파트)",퇴직연금,고용보험 산재보험 건강보험 국민연금,2026-07-27,,5.0,5.0,18.0,7.4,20.0,7.0,62.4,C
H954202607271485,(A)비지팅엔젤스 구로개봉지점,[개봉2동] 재가요양보호사 모집,재가 간병인,무관,관계없음,상용직(시간제),시급 / 10320원 ,서울 구로구,,(근무시간) (오전) 9시 30분 ~ (오후) 12시 30분,주5일근무,15,마감일 (2026-09-26),방문 기타  ,이력서   ,02-860-2500,방문요양,"개봉2동

- 대상자: 4등급 할머니, 파킨슨, 형제들과 거주하(낮엔 혼자 계심),  
- 직무내용: 산책(휠체어), 말벗, 가사지원 등
- 근로시간 : 09:30~12:30/주5일
- 급여:  시급 10,320원[포괄시급 13,000원]
* 내국인만 희망
* 활동적인분 희망",퇴직연금,고용보험 산재보험 건강보험 국민연금,2026-07-27,,6.5,5.0,18.0,7.4,20.0,7.0,63.9,C
H954202607271372,가온재가복지센터,요양보호사(1명),재가 간병인,무관,관계없음,상용직(시간제),시급 / 10320원 ,경기 용인시130동 ,,"(근무시간) (오전)09시 00분 ~ (오후) 12시 00분
 월~금",주5일근무,15,마감일 (2026-09-26),고용24 입사지원   ,이력서   ,031-289-2298,재가복지센터,"===방문요양==3등급(여)

[일상생활기능지원 > 신체활동지원]
식사보조하기,이동보조하기, 말벗

[일상생활기능지원 > 인지정서지원]
학습지원하기,인지력향상지원하기,심리지지하기,여가지원하기

[일상생활기능지원 > 가사활동지원]
식사준비하기,청소지원하기,세탁관리하기

시급: 13,100원 (스스로 거동가능하시고, 인지가 좋으심 주로 가사와 식사 지원을 부탁드림,주 5회",퇴직연금,고용보험 산재보험 건강보험 국민연금,2026-07-27,,13.0,5.0,18.0,7.4,20.0,7.0,70.4,B
H954202607270473,성진자산관리(주),[군포 엠테크노센터] 내부 미화원 모집,"건물 청소원(공공건물,아파트,사무실,병원,상가,공장 등)",무관,관계없음,상용직(시간제),월급 / 195만원 ,경기 군포시군포엠테크노센터,,- 근무형태 : [월~금] (오전) 07:00 ~ (오후) 15:30 (휴게및 점심시간 11시30분~13시),주5일근무,35,마감일 (2026-09-26),팩스 기타  ,이력서   ,031-390-4071,"건물관리,청소,용역경비","- 근무지 : (우 15847) 경기도 군포시 공단로140번길 46, 군포엠테크노센터 (당정동)
- 업무 : 건물 공용 부분 청소
- 급여 : 195만원
- 근무형태 : [월~금] (오전) 07:00 ~ (오후) 15:30 (휴게및 점심시간 11시30분~13시)
                [격주토요일] (오전) 6시 ~ (오전) 09시-3시간 근무.(일요일과 공휴일 휴무)
- 모집인원: 1명
- 복리후생 : 4대보험, 퇴직금 등

* 이력서 상단에 ""군포엠테크노 미화원 지원"" 기재 바랍니다.
* 이력서 팩스로 보내주시면 서류 합격자에 한하여 개별 연락드리겠습니다.",퇴직금,고용보험 산재보험 건강보험 국민연금,2026-07-27,,13.0,5.0,20.0,7.4,20.0,7.0,72.4,B
H954202607271581,주식회사 다원,[신용산] 빌딩 미화반장 채용,"건물 청소원(공공건물,아파트,사무실,병원,상가,공장 등)",무관,관계없음,계약직(시간제),월급 / 186만원 ,서울 용산구용산토투밸리 빌딩,,(근무시간) (오전) 7시 00분 ~ (오후) 3시 00분,주5일근무,32,마감일 (2026-09-26),방문   ,이력서   ,02-2199-4535,건물시설유지관리,"- 빌딩 미화(15층)

- 보행식 청소기 사용 가능자 우대 

- 근무예정지: 용산구 한강로2가 용산토투밸리

- 근무시간: 07:00~15:00 (휴게시간 11:30~13:00) / 주5일 근무

- 월 186만원

- 3개월 수습 있음

- 8월 2일 출근 가능자",퇴직금,고용보험 산재보험 건강보험 국민연금,2026-07-27,,5.0,5.0,20.0,7.4,20.0,7.0,64.4,C
H954202607271193,돌봄천사재가요양센터,4등급할머니케어 요양보호사,재가 간병인,무관,관계없음,상용직(시간제),시급 / 10320원 ,경기 안양시가동,,(근무시간) (오전) 8시 30분 ~ (오전) 11시 30분,주5일근무,15,마감일 (2026-09-26),고용24 입사지원   ,이력서   ,031-463-0743,.,"독거어르신댁 청소,빨래,취사등 가사일, 병원동행 
08:30~11:30
시급 13,100원",퇴직연금,고용보험 산재보험 건강보험 국민연금,2026-07-27,,5.0,5.0,18.0,7.4,20.0,7.0,62.4,C
H954202607271192,연세요양재가센터,★용인시 처인구 양지 / 2등급 여자 어르신/ 방문요양 주 5회- 연세요양재가센터★,재가 간병인,무관,관계없음,상용직(시간제),시급 / 10320원 ,경기 용인시.,,(근무시간) (오전) 10시 30분 ~ (오후) 2시 30분,주5일근무,20,마감일 (2026-09-26),기타   ,기타   ,031-289-2214,방문요양서비스제공,"* 수급자 : 2등급 여자어르신
* 근무지 : 용인시 처인구 양지
* 근무시간 :
- 월 ~금 10:30 ~ 14:30( 4시간)
* 업무 : 식사 및 가사지원, 개인위생
* 중증가산금 1일 6,000원 (월 120,000원(근무 20일기준) 추가지급!


★ 경력 없으신 선생님들도 근무 가능하신 곳입니다. 
★ 문의 사항 시 아래 번호로 전화주세요.^^

** 근로계약기간의 정함이 없는 근로자를 채용하는 것이라 하더라도 실제 서비스 제공기간에 따라 임금을 계산하여 지급하는 형태로 채용 시 근로자마다 주 소정근로시간이나 임금, 근무(예정)지 등에 차이가 있을 수 있습니다.",퇴직연금,고용보험 산재보험 건강보험 국민연금,2026-07-27,,13.0,5.0,18.0,7.4,20.0,7.0,70.4,B
H954202607271277,로뎀재가노인복지센터,사회복지사구인,사회복지사,경력,관계없음,상용직,월급 / 217만원 ,서울 은평구1층,,(근무시간) (오전) 9시 00분 ~ (오후) 6시 00분,주5일근무,40,마감일 (2026-09-26),우편   ,이력서 자기소개서  ,02-351-6856,"방문요양,방문목욕","- 수급자 방문 및 상담, 프로그램관리 업무

- 요양보호사 치매교육이수하신분 , 경력자 우대",퇴직금,고용보험 산재보험 건강보험 국민연금,2026-07-27,,8.0,5.0,20.0,7.4,20.0,7.0,67.4,C
H954202607271463,여주하리현대입주자대표회의,관리사무실 경리주임 구인합니다.,경리 사무원(아파트·빌딩),무관,고등학교,계약직,월급 / 250만원 ,경기 여주시,,(근무시간) (오전) 9시 00분 ~ (오후) 6시 00분,주5일근무,40,마감일 (2026-09-26),   ,이력서 자기소개서  ,031-740-6792,부동산 임대,아파트 관리사무소에서 함께 근무하시길 경리주임님 구인합니다.,퇴직금,고용보험 산재보험 건강보험 국민연금,2026-07-27,,6.5,5.0,20.0,7.4,20.0,4.0,62.9,C
H954202607271012,서울요양복지센터,구로1동 주공아파트 방문재가 요양보호사 모집,재가 간병인,무관,관계없음,상용직(시간제),시급 / 10320원 ,서울 구로구,,(근무시간) (오전) 9시 00분 ~ (정오) 12시 00분,주5일근무,15,마감일 (2026-09-26),방문 고용24 입사지원  ,기타   ,02-860-2500,재가복지사업,"- 대상자: 3등급 할머님, 거동가능, 독거
- 업무내용: 식사도움, 가사, 세탁, 청소 등 일상생활 및 정서지원, 병원동행
- 근로시간: 월~금 09:00-12:00 /주5일
- 급여: 시급: 10,320원[ 주휴수당+연차수당+기타 수당 포함시 13,000원]

** 이용자의 상황에 따라 근로시간 외 추가시간이 있을 수 있음.
* 내국인만 희망
* 병원진료가 많은 어르신이라 병원동행 가능한 분 지원바랍니다.",퇴직연금,고용보험 산재보험 건강보험 국민연금,2026-07-27,,13.0,5.0,18.0,7.4,20.0,7.0,70.4,B
H954202607271544,(주)에스씨월드,소사벌더샵마스터뷰 미화원 구인,"건물 청소원(공공건물,아파트,사무실,병원,상가,공장 등)",무관,관계없음,계약직(시간제),월급 / 173만원 ,경기 평택시아파트 미화,,"평일 09 ~ 16시 휴게 1시간
토요일 09 ~ 12시  격주근무",주5일근무,32,마감일 (2026-09-26),방문 기타  ,이력서   ,031-231-7801,건물관리.시설관리 용역,"*소사벌더샵마스터뷰 미화업무

미화원구인  1,732,160원

평일 09 ~ 16시 휴게 1시간
토요일 09 ~ 12시  격주근무",퇴직금,고용보험 산재보험 건강보험 국민연금,2026-07-27,,6.5,5.0,20.0,7.4,20.0,7.0,65.9,C
H954202607270756,미사튼튼병원,미사튼튼병원 수술실 공급실 계약직 선생님 구인 합니다. ,기타 보건·의료 서비스 종사원,무관,관계없음,계약직,일급 / 90000원 ,경기 하남시7층 수술실 공급실,,(근무시간) (오전) 9시 00분 ~ (오후) 6시 00분,주5일근무,,마감일 (2026-09-26),방문 팩스 고용24 입사지원 기타,이력서 자기소개서  ,031-730-7009,신경외과,"1. 미사튼튼병원 모집분야 및 인원
  - 모집부서 : 수술실 공급실
  - 모집인원 : 01명

2. 담당업무
  - 수술기구 세척 및 소독기관리
  - 수술실 물품준비 및 공급

3. 근무조건
  (1) 근무기간 : 8월 3일(월) ~ 9월 16일(수) / 기존 직원 병가로 인한 대체근무
  (2) 근무시간
     - 평일(주 5일) : 오전 9시 ~ 오후 6시 (점심시간 1시간 휴게/식사 제공)
  (3) 급여 : 일급 90,000원 / 4대 보험 신고

4. 우대조건
  - 유관업무 경험자
  - 즉시출근 가능자

5. 제출서류
  - 입사지원서(이력서) 및 자기소개서
  - 채용결정시 추가서류 제출

6. 접수기간 및 접수방법
  - 접수방법 : 고용24 온라인 접수, 이메일 접수
    (예)수술실 공급실 지원 김 00

7. 채용전형절차
  - 1차 : 서류전형 합격자 발표. (개별통지)
  - 2차 : 면접 전형 / 면접전형 일시와 장소는 서류전형 합격자에 한하여 개별통지.
  - 면접전형 합격자 발표 / 최종 합격자는 별도 개별통지 및 추가제출 서류 안내.

8. 문의 : 총무과장 070-8896-8235&.교통안내 : 5호선 미사역 9번 출구에서 100미터",해당없음,고용보험 산재보험 건강보험 국민연금,2026-07-27,,16.0,5.0,18.0,6.2,16.0,7.0,68.2,C
H954202607270998,명아주재가센터,신공덕동 3등급 할아버지 요양보호사 구인(노**),재가 간병인,무관,관계없음,상용직(시간제),시급 / 10320원 ,서울 마포구 1동,,(근무시간) (오후) 1시 00분 ~ (오후) 4시 00분,주5일근무,15,마감일 (2026-09-26),방문   ,이력서 기타  ,02-2077-3408,방문요양서비스제공,"*독거 남자어르신
*빌라 거주하며 2층인데 엘리베이터 있음 
*거동가능, 인지정상, 시력장애 있음
*주 5회(월~금) 180분(13:00~16:00)  
*시급 13,600원(주휴수당과 연차수당 포함)",퇴직연금,고용보험 산재보험 건강보험 국민연금,2026-07-27,,5.0,5.0,18.0,7.4,20.0,7.0,62.4,C
H954202607270766,에이플러스(A+)소망노인복지센터,[ 화도읍 가곡로 ] 5등급 할머님 재가 요양보호사 구인 ,재가 간병인,무관,관계없음,상용직(시간제),시급 / 10320원 ,경기 남양주시.,,(근무시간) (오전) 9시 00분 ~ (정오) 12시 00분,주5일근무,15,마감일 (2026-09-26),기타   ,기타   ,031-590-2346,"방문요양서비스, 방문목욕서비스","- 5등급 할아버님 일상생활지원 도움
- 13~16시, 주5일
- 시급 13,000원 (10,320원+기타 수당 포함)
- 담당자: 010-6550-8795",퇴직연금,고용보험 산재보험  ,2026-07-27,,8.0,6.2,18.0,7.4,20.0,7.0,66.6,C
H954202607270750,오산돌봄사회적협동조합,2등급 어르신 재가 요양보호사 구인(탑동) ,재가 간병인,무관,관계없음,상용직(시간제),시급 / 10320원 ,경기 오산시오산돌봄사회적협동조합,,(근무시간) (오후) 1시 00분 ~ (오후) 5시 00분,주5일근무,24,마감일 (2026-09-26),방문 고용24 입사지원  ,이력서   ,031-8024-9830,"가사간병방문지원사업, 장애인활동지원사업, 재가장기요양사업","1. 2등급  어르신
- 일상 생활, 가사 지원,  정서 지원, 병원동행
- 요일 : 월~금(4시간) 13:00~17:00
- 장소 : 오산시 탑동
-주휴수당, 제수당포함(시급 14,000원)",퇴직연금,고용보험 산재보험 건강보험 국민연금,2026-07-27,,6.5,6.2,18.0,7.4,20.0,7.0,65.1,C
H954202607270882,온세병원,정신과 병원 병동 보호사 모집(요양보호사 아님),기타 보건·의료 종사원,무관,관계없음,상용직,월급 / 240만원 ,경기 남양주시,,"1주 주간2일-휴일1-야간2일-휴일2 근무
주간근무 : 07:00~19:00 (휴게2시간)
야",기타,32,마감일 (2026-09-26),고용24 입사지원   ,이력서   ,031-560-1965,의료업,"정신건강의학과 병원 폐쇄병동내 보호사 업무
의료인 보조(의료업무X)
병동 환경 및 환자 안전 관리 등
병동내 기타 잡무",퇴직연금,고용보험 산재보험 건강보험 국민연금,2026-07-27,,8.0,5.0,20.0,7.4,15.0,7.0,62.4,C
H954202607270462,Q우리 노인주야간 보호센터,요양보호사 구인,재가 간병인,무관,관계없음,상용직(시간제),시급 / 10320원 ,경기 광주시,,(근무시간) (오전) 9시 00분 ~ (정오) 12시 00분,주5일근무,15,마감일 (2026-09-26),방문 우편 팩스 고용24 입사지원,기타   ,031-799-2703,주야간보호센터,"4등급 여자분
인지 양호, 거동 가능하시고 가족과 함께 살고 계심",퇴직연금,고용보험 산재보험 건강보험 국민연금,2026-07-27,,5.0,5.0,18.0,7.4,20.0,7.0,62.4,C
H954202607271284,(주)비티에스,동두천 롯데마트 미화원 모집,"건물 청소원(공공건물,아파트,사무실,병원,상가,공장 등)",무관,관계없음,계약직(시간제),월급 / 185만원 ,경기 동두천시롯데마트,,"근무시간 06:30~15:00(주5일근무/하루 6.5시간)
휴게시간 10:11~12:13",주5일근무,33,마감일 (2026-09-26),방문   ,이력서   ,031-860-3121,시설관리,청소장비운행및 내 외부 청소,퇴직금,고용보험 산재보험 건강보험 국민연금,2026-07-27,,5.0,5.0,20.0,7.4,20.0,7.0,64.4,C
H954202607270767,주식회사 한성지엠,[학익동] 시티오씨엘3단지 상가 경리과장 구인,경리 사무원(아파트·빌딩),경력,관계없음,계약직,월급 / 280만원 ,인천 미추홀구상가,,(근무시간) (오전) 9시 00분 ~ (오후) 6시 00분,주5일근무,40,마감일 (2026-09-26),고용24 입사지원   ,이력서 경력증명서  ,032-460-4940,건물종합관리,"[모집직무]
경리 사무원(아파트/빌딩)

[주요업무]
- 관리비 부과(상가300세대 이상, XP-ERP사용) 
- 중간관리비 정산, 관리비 세금계산서 발행
- 전표작성 등

[근무조건]
- 급여: 세전 280만
- 근무시간: 09:00~18:00(휴게60분)

[지원방법]
- 이메일 및 팩스 접수 시 ""시티오씨엘3단지 경리 과장 지원"" 기재하여 접수 부탁드립니다.",퇴직금,고용보험 산재보험 건강보험 국민연금,2026-07-27,,14.5,5.0,20.0,7.4,20.0,7.0,73.9,B
H954202607270413,(A+)은혜방문요양센터,"(목동 정목초 인근) 오후, 재가요양보호사 채용",재가 간병인,무관,관계없음,상용직(시간제),시급 / 10320원 ,서울 양천구165,,(근무시간) (오후) 1시 30분 ~ (오후) 4시 30분,주5일근무,15,마감일 (2026-09-26),방문 기타  ,기타   ,02-2600-6519,어르신 돌봄,"목동, 4등급 할머니(70대 초반, 거동 가능, 인지 좋으심)
- 13:30~16:30 (주 5일)
- 근무예정지: 양천구 목동중앙본로5길 58-11(서울 정목초 인근)
- 지원문의: 010-4209-7965",퇴직연금,고용보험 산재보험 건강보험 국민연금,2026-07-27,,6.5,5.0,18.0,7.4,20.0,7.0,63.9,C
H954202607271487,가왕재가복지센터,방문요양센터 사회복지사 채용,사회복지사,경력,관계없음,계약직,월급 / 230만원 - 면접 후 협의가능 ,서울 광진구가왕재가복지센터,,(근무시간) (오전) 9시 00분 ~ (오후) 6시 00분,주5일근무,40,마감일 (2026-09-26),방문   ,이력서 자기소개서 기타 ,02-450-1419,"방문요양, 방문목욕서비스","* 방문요양센터 수급자 및 재가 요양보호사 관리/상담 및 서류관리
* 수급자 상담(라운딩) 필수/운전 무관
* 전산업무 및 컴퓨터활용능력(문서작성, 엑셀) 필수
* 치매교육프로그램 이수자 우대
* 급여: 230만원이상(중식비 포함)",퇴직금,고용보험 산재보험 건강보험 국민연금,2026-07-27,,8.0,6.2,20.0,7.4,20.0,7.0,68.6,C
H954202607271178,(주)에스씨월드,동백호수공원두산위브더제니스 미화원 1명 ,"건물 청소원(공공건물,아파트,사무실,병원,상가,공장 등)",무관,관계없음,계약직(시간제),월급 / 162만원 ,경기 용인시동백호수공원두산위브더제니스 아파트 미화원,,(근무시간) (오전) 8시 30분 ~ (오후) 3시 30분,주5일근무,30,마감일 (2026-09-26),기타   ,이력서   ,031-231-7801,건물관리.시설관리 용역,"* 동백호수공원두산위브더제니스 미화원 1명 

근무시간 : 평   일 08:30 ~ 15:30 (휴게 1시간)        
      

급여

미화원 : 1,620,240원",퇴직금,고용보험 산재보험 건강보험 국민연금,2026-07-27,,5.0,5.0,20.0,7.4,20.0,7.0,64.4,C
H954202607270391,협동조합인천나눔돌봄센터,4등급 여자어르신을 돌봐주실 요양보호사선생님을 모십니다.(연수구),재가 간병인,무관,관계없음,상용직(시간제),시급 / 10320원 ,인천 연수구,,(근무시간) (오전) 9시 00분 ~ (정오) 12시 00분,주5일근무,15,마감일 (2026-09-26),방문   ,기타   ,032-460-4837,방문요양  \,"- 근무일 : 월~금(주5일)
- 근무시간 : 09:00~12:00(3시간)
- 주요업무 : 말벗, 산책, 가사 및 일상생활지원
- 포괄시급 : 13,000원(최저시급 10320 +주휴수당+연차수당+기타)
*월60시간 이상 근로 시 공휴일 수당 지급

# 가족처럼 함께 하실 요양보호사선생님 지원해주세요.",퇴직연금,고용보험 산재보험 건강보험 국민연금,2026-07-27,,8.0,5.0,18.0,7.4,20.0,7.0,65.4,C
H954202607270249,아리아케어 방문요양 관악신림센터,"[난곡동 주민센터근처] 4등급 남자 어르신, 주 5일, 13:00~16:00(3시간)",재가 간병인,무관,관계없음,상용직(시간제),시급 / 10320원 ,서울 관악구,,(근무시간) (오후) 1시 00분 ~ (오후) 4시 00분,주5일근무,15,마감일 (2026-09-26),방문   ,기타   ,02-879-5777,방문요양/방문목욕,"[난곡동 주민센터근처] 4등급 남자 어르신
- 직무: 일상생활지원(가사, 신체활동, 정서지원)
- 근무시간: 주 5일, 13:00~16:00(3시간)
- 시급: 13,200원(주휴수당, 연차수당 포함)
- 거동 가능하심, 배우자분과 두분거주하심",퇴직연금,고용보험 산재보험 건강보험 국민연금,2026-07-27,,6.5,5.0,18.0,7.4,20.0,7.0,63.9,C
H954202607271092,현대지게차경기남부판매(주),지게차 영업(판매)  신입 직원 모집,기계장비 기술영업원,신입,관계없음,상용직,월급 / 270만원 ,경기 평택시,,(근무시간) (오전) 8시 30분 ~ (오후) 6시 30분,주5일근무,40,마감일 (2026-09-26),방문 팩스  ,이력서   ,031-646-1269,지게차 판매 및 서비스,"- 지게차, 스키드로다, 견인차 건설기계 및 산업차량 영업
- 신입(경력이 없어도 배우면서 일할 수 있습니다.)",퇴직금,고용보험 산재보험 건강보험 국민연금,2026-07-27,,5.0,7.4,20.0,7.4,20.0,7.0,66.8,C
H954202607270229,효마중재가복지센터,[교문동] 재가 요양보호사 구인,재가 간병인,무관,관계없음,상용직(시간제),시급 / 10320원 ,경기 구리시,,(근무시간) (오후) 1시 00분 ~ (오후) 4시 00분,주5일근무,15,마감일 (2026-09-26),방문 기타  ,이력서 기타  ,031-550-2317,방문요양 방문목욕,"- 4등급 할머님
- 인지활동지원, 일상생활 함께하기, 개인활동지원
- 주5일, 13:00~16:00
- 시급 13,000원 (기본시급+기타수당포함)
 
 【 실제 서비스 제공기간에 따라 임금을 계산하여 지급하는 형태로 채용시 근로자마다 주 소정근로시간이나 임금, 근무(예정지) 등에 차이가 있을 수 있음 】",퇴직연금,고용보험 산재보험 건강보험 국민연금,2026-07-27,,6.5,5.0,18.0,7.4,20.0,7.0,63.9,C
H954202607271139,에이치디씨랩스(주),[건대역] 스타시티 스타존 청소원 채용,"건물 청소원(공공건물,아파트,사무실,병원,상가,공장 등)",무관,관계없음,계약직(시간제),월급 / 191만원 ,서울 광진구,,(근무시간) (오전) 7시 00분 ~ (오후) 3시 30분,주5일근무,35,마감일 (2026-09-26),방문   ,이력서   ,02-450-1419,건물관리,"* 스타시티 스타존 내부(복도,계단,화장실 등) 담당구역 청결관리
* 주2일(월.화요일) 고정휴무
* 급여: 1,908,000원 + 중식제공
* 휴게시간: 1시간30분 제공(11:00~12:30분)
* 바로 출근 가능자

* 방문접수
- 지원자는 이력서 지참/미화과장(010-5529-7155)과 통화 후 방문면접
- 방문이 어려울 경우: 이력서 사진 문자발송",퇴직금,고용보험 산재보험 건강보험 국민연금,2026-07-27,,14.5,5.0,20.0,7.4,20.0,7.0,73.9,B
H954202607270207,천사가족(+)재가복지센터,재가요양보호사 구인 ,재가 간병인,무관,관계없음,상용직(시간제),시급 / 10320원 ,서울 강서구,,(근무시간) (오후) 1시 00분 ~ (오후) 4시 00분,주5일근무,15,마감일 (2026-09-26),방문 기타  ,기타   ,02-2607-8791,방문요양,"3등급 77세 여자 어르신
- 가사도움, 말벗도움 등
- 독거, 거동가능, 강아지 있음
- 근무시간 : 주5일, 13:00-16:00 3시간
- 시급 13,200원(기타수당 포함)",퇴직연금,고용보험 산재보험 건강보험 국민연금,2026-07-27,,5.0,5.0,18.0,7.4,20.0,7.0,62.4,C
H954202607270195,소망재가노인복지센터,(필동/3등급/9~12) 재가요양보호사 모집,재가 간병인,무관,관계없음,상용직(시간제),시급 / 10320원 ,서울 중구,,"09:00~12:00
주5일, 주6일 협의 가능",주5일근무,15,마감일 (2026-09-26),방문   ,이력서   ,02-3396-5694,노인재가복지센터,"3등급 남자어르신 케어(80세)
-거의 와상. 집안에서 휠체어로 이동
-배우자를 도와 체위변경 보조, 가사업무 보조
-주5일 또는 주6일 둘다 가능
-시급 10,320원(포괄시급 13,000원)",퇴직연금,고용보험 산재보험 건강보험 국민연금,2026-07-27,,6.5,5.0,18.0,7.4,14.0,7.0,57.9,C
H954202607270127,구로은빛노인복지센터,[궁동] 재가요양보호사모집,재가 간병인,무관,관계없음,상용직(시간제),시급 / 10320원 ,서울 구로구,,(근무시간) (오전) 9시 00분 ~ (정오) 12시 00분,주5일근무,15,마감일 (2026-09-26),방문 기타  ,이력서   ,02-860-2500,방문요양,"궁동, 양지쉐르빌

- 대상자: 4등급 할머니, 독거, 거동가능
- 직무내용: 평일에는 복지관에서 도시락 배달됨, 주말에 드실 음식준비, 청소, 등 가사 및 일상생활지원
- 근로시간: 09:00~12:00/주5일
- 시급 10,320원[포괄 시급 13,000원]",퇴직연금,고용보험 산재보험 건강보험 국민연금,2026-07-27,,6.5,5.0,18.0,7.4,20.0,7.0,63.9,C
H954202607271695,주식회사 리틀빅키즈,[리틀빅키즈] 유아교구 - 미싱사 정규직 채용,재봉사(의류·직물) ,경력,관계없음,상용직,월급 / 220만원 ,"경기 하남시708호, 709호",,(근무시간) (오전) 9시 00분 ~ (오후) 6시 00분,주5일근무,40,마감일 (2026-09-26),고용24 입사지원   ,이력서 자기소개서  ,031-730-7009,유아용 의복 제조,"* 담당업무

- 봉제미싱

- 유아교구 제품 생산업무



* 자격요건

- 유관업무 경력자 우대

- 오래근속하실 분 우대",퇴직연금,고용보험 산재보험 건강보험 국민연금,2026-07-27,,8.0,5.0,20.0,7.4,20.0,7.0,67.4,C
H954202607270096,가온해운항공,수출입 물류/포워딩 영업 업무,무역 사무원,무관,관계없음,상용직,월급 / 216만원 - 면접 후 협의가능 ,인천 연수구D604호,,"평일 09:00~18:00
주말/휴일 EDI 스케줄 근무 09:00 ~ 18:00 
(업무파악되면 주말/",주5일근무,40,마감일 (2026-09-26),고용24 입사지원   ,이력서 자기소개서  ,032-440-8995,복합운송주선업,"수출입 물류관련 사무 및 영업 직원을 구합니다.
- 엑셀, 워드 간단히 다룰 수 있는 정도면 가능합니다
- 경력 : 해상과 항공 영업자 우대 합니다.

[물류관리 > 해상운송관리]
해상운송절차 관리하기,해상운송방법 결정하기,해상운임 산정하기

[물류관리 > 복합운송관리]
복합운송절차 관리하기,복합운송방법 결정하기,복합운송운임 산정하기",퇴직금,고용보험 산재보험 건강보험 국민연금,2026-07-27,,6.5,5.0,20.0,7.4,20.0,7.0,65.9,C
H954202607271063,참사랑재가센터,재가요양보호사모집 - (부부)4등급할아버지&amp;3등급할머니,요양 보호사 및 간병인,무관,관계없음,상용직,시급 / 13000원 ,경기 광명시14,, - 근무시간 : 09:00-12:00 & 12:30-15:30 / 주5-6일,주5일근무,0,마감일 (2026-09-26),방문 기타  ,이력서   ,02-6737-7451,방문요양서비스," 직무내용 : 할아버지(월,수,금)투석병원동행, 가사도움, 말벗
- 근무지 : 광명시 광이로 49(광명센트럴파크) 4구역110동
 - 대상자 : 4등급(할머니)&3등급(할아버지_투석)
 - 근무시간 : 09:00-12:00 & 12:30-15:30 / 주5-6일
 - 기본급및 제수당  포함 13,000원(수당포함)
 - 문의 : 010-6305-4938",퇴직금,고용보험 산재보험 건강보험 국민연금,2026-07-27,,5.0,5.0,18.0,7.4,20.0,7.0,62.4,C
H954202607271560,A+두손방문요양센터,운양동 재가요양보호사 모집 ,요양 보호사 및 간병인,무관,관계없음,상용직,시급 / 10320원 ,경기 김포시1300-3,,(근무시간) (정오) 12시 00분 ~ (오후) 3시 00분,주5일근무,0,마감일 (2026-09-26),방문   ,기타   ,031-981-2093,재가방문 서비스,"[운양동 재가요양보호사 구인]
* 대 상 자: 80대 3등급 여자어르신
* 근무시간: 주5일(월~금) 12:00~15:00 - 시간은 어느 정도 조정 가능
* 급     여: 시급 10,320 원 (추가수당포함 13,100원)

* 실제 서비스 제공기간에 따라 임금을 계산하여 지급하는 형태로 채용 시 근로자마다 주 소정근로시간이나 임금, 근무(예정)지 등에 차이가 있을 수 있음.",퇴직금,고용보험 산재보험 건강보험 국민연금,2026-07-27,,10.0,5.0,18.0,7.4,20.0,7.0,67.4,C
H954202607271453,(주)메트로코리아,운전 수행기사님 채용,승용차 운전원(자가용 운전원),경력,관계없음,상용직,최소연봉 / 3500만원 ,서울 강남구,,(근무시간) (오전) 9시 00분 ~ (오후) 6시 00분,주5일근무,40,마감일 (2026-09-26),고용24 입사지원   ,이력서   ,02-3468-4834,피부 비만관리기무역업,"ㆍ임원/CEO 출퇴근 (문정동 <- >강남구), 출장, 업무 미팅 등 주요 일정에 따른 안전한 운행 

ㆍ정기적인 차량 점검, 정비, 소모품 교체 관리

ㆍ차량 내부 청결 유지 및 세차 관리

ㆍ간단한 수행 보조 업무",퇴직금,고용보험 산재보험 건강보험 국민연금,2026-07-27,,8.0,5.0,20.0,7.4,20.0,7.0,67.4,C
H954202607270827,그래피온테크놀로지즈코리아(주),자재과 직원 모집합니다.,생산·품질 사무원,무관,관계없음,상용직,월급 / 240만원 ,경기 평택시,,(근무시간) (오전) 8시 30분 ~ (오후) 5시 30분,주5일근무,40,마감일 (2026-09-26),고용24 입사지원   ,이력서   ,031-646-1229,"전자관, 다이오드트랜지스터 제조","- 전동지게차(1.5T) 운전가능자(면허증 X)
- ERP / 전산처리 가능자
- 재고관리 및 입출고관리


희망 연봉 기재 필수",퇴직금,고용보험 산재보험 건강보험 국민연금,2026-07-27,,8.0,6.2,20.0,7.4,20.0,7.0,68.6,C
H954202607271857,(주)류진코리아,영통 신나무실 신원미주 아파트 청소원 구인,"건물 청소원(공공건물,아파트,사무실,병원,상가,공장 등)",무관,관계없음,계약직,월급 / 149만원 ,경기 수원시.,,(근무시간) (오전) 9시 00분 ~ (오후) 3시 30분,주5일근무,23,마감일 (2026-09-26),방문   ,이력서   ,031-5191-5193,"건물청소, 아파트청소, 특수청소","*아파트 청소 (신주있음)
*근무시간: 월~금 09:00~15:30
*채용담당:김영애 미화반장 010-7441-1489로 문의하세요.",퇴직금,고용보험 산재보험 건강보험 국민연금,2026-07-27,,6.5,5.0,20.0,7.4,20.0,7.0,65.9,C
H954202607270374,베스트요양병원,[베스트요양병원] 3교대 간호조무사 채용,간호조무사,경력,관계없음,상용직,월급 / 216만원 ,경기 여주시,,"D-> 7:30~15:30
E->14:30~22:00
N->21:30~07:30",주5일근무,40,마감일 (2026-09-26),고용24 입사지원   ,이력서 자기소개서  ,031-740-6792,"중풍,치매,재활 전문 병원","[채용대행 : 여성인턴지원제도 참여]
주요업무: 
- 환자 기본 간호 제공
- 의료진 보조 업무
- 병동 관리 외 업무

자격요건:
- 경력 1년이상
- 간호조무사 자격증 소지자
- 3교대 근무 가능자

우대사항:
- 요양병원 1년 이상 경력자 우대
- IM/IV 가능자 우대

복리후생:
- 시간 외 근무, 나이트 수당 별도
- 퇴직금 별도
- 생일자 상품권 지급, 경조휴가 및 경조금 지급
- 장기근속자 포상
- 직원 및 직원가족 본원 진료 시 진료비 감면
- 기숙사 제공
- 유니폼 지급",퇴직금,고용보험 산재보험 건강보험 국민연금,2026-07-27,,14.5,5.0,20.0,7.4,20.0,7.0,73.9,B
H954202607271567,주식회사 헥토,임원 수행기사 채용,승용차 운전원(자가용 운전원),경력,관계없음,계약직,월급 / 400만원 ,서울 강남구,,"5:00 ~ 7:00 : 근무시간 
7:00 ~ 12:00 : 대기시간 
12:00 ~ 13:00 : 점심시간 
13:00 ~ 15",주5일근무,40,마감일 (2026-09-26),고용24 입사지원   ,이력서 경력증명서  ,02-3468-4834,"IT기업 ‘민앤지’ 비롯 테크핀기업 ‘세틀뱅크’, 바이오테크기업 ‘바이오일레","<합류 ？시 ？함께 할 ？업무예요>

· 대표이사 전담 ？수행 ？운전 및 의전
· 대표이사 ？출·퇴근 및 ？외부 미팅 등 일정 수행
· 전용 차량 운행 및 차량 관리


<이런 분과 함께 하고 싶어요>

· 임원 수행 운전 경력 3년 이상 보유자
· 교통법규 준수 및 안전 운전에 대한 책임감을 갖춘 분
· 대형 승합차 및 고급 세단 운전 경험·숙련도 보유자
· 운전면허증 소지자
· 무사고 운전자(운전경력증명서 제출)
· 비흡연자 


<이런 분을 우대합니다>

· 차고지 (서울시 서초구 반포동) 인근 거주자 
· 자차 출퇴근 가능하신 분
· 정중한 태도 및 언어 예절을 갖추신 분
· 보안 의식과 프로페셔널한 서비스 마인드를 보유하신 분
· 유연한 업무 대응이 가능하신 분",퇴직연금,고용보험 산재보험 건강보험 국민연금,2026-07-27,,14.5,6.2,20.0,7.4,20.0,7.0,75.1,B
H954202607271645,가정방문요양복지센터,[주3일-마천동/3등급할머니/17:10~20:10] 재가 요양보호사 모집,요양 보호사 및 간병인,무관,관계없음,상용직(시간제),시급 / 10320원 ,서울 송파구.,,17:10~20:10,기타,9,마감일 (2026-09-26),방문 기타  ,이력서   ,02-2147-3682,방문요양,"- 대상자 : 마천공원 인근 3등급 할머니(80대/따님과 거주)
- 직무 내용 : 주간보호센터 이용 후 청소, 샤워 도움, 일상생활 도움
- 근무 시간 17:10~20:10, 주3일
- 시급 10,320원 + 기타 수당 


* 전화 문의 : 전화(02-400-7077)",해당없음,고용보험 산재보험  ,2026-07-27,,5.0,5.0,18.0,6.2,15.0,7.0,56.2,C
H954202607270952,(주)자연과사람들,자재 관리(사무직) 사원 모집,생산·품질 사무원,무관,관계없음,상용직,월급 / 240만원 ,경기 파주시,,"(오전) 8시 00분~(오후) 6시
점심시간 :  1시간 / 휴게시간 : 오전30분, 오후30분",주5일근무,40,마감일 (2026-09-26),방문 팩스  ,이력서   ,031-860-0411,식품포장지,"식품포장지 '자재,물류' 관리 사무직 사원 모집",퇴직연금,고용보험 산재보험 건강보험 국민연금,2026-07-27,,6.5,5.0,20.0,7.4,20.0,7.0,65.9,C
H954202607270208,가인재가복지센터,[광명시 광명동] 4등급 여자어르신(83세) 오전 주6일 요양보호사 구인,요양 보호사 및 간병인,무관,관계없음,상용직(시간제),시급 / 10320원 ,경기 광명시,,(근무시간) (오전) 9시 00분 ~ (정오) 12시 00분,주6일근무,18,마감일 (2026-09-26),기타   ,기타   ,02-2094-2244,"방문요양,방문목욕","[광명시 광명동] 4등급 여자어르신(83세) 독거 오전 주6일
-가사, 생활지원, 청소, 빨래, 운동도움, 산책 도움 
- 09:00~12:00 주6일
- 거동가능 하심, 독거
- 7호선 광명사거리역 3번출구 부근( 목화하이츠빌라)",퇴직금,   ,2026-07-27,,6.5,5.0,18.0,5.0,20.0,7.0,61.5,C
H954202607271190,아리아케어 주야간보호 계산센터,사회복지사 구인,사회복지사,경력,관계없음,상용직,월급 / 220만원 ,인천 계양구,,(근무시간) (오전) 8시 30분 ~ (오후) 5시 30분,주5일근무,40,마감일 (2026-09-26),팩스   ,이력서   ,032-450-5526,재가 장기 요양,"[직무내용]
- 주간보호센터 사회복지사의 전반적인 업무
- 프로그램 계획 및 운영
- 평가 서류 관리 등 각종 전산 업무, 송영업무 등
- 경력자 우대
[근무시간]
- 주5일 / 08:30-17:30 / 휴게시간 : 12:00 ~ 13:00
[급여]
- 2,200,000원 이상 (협의가능)

*운전가능자 
*토요일격주 근무 가능자 (평일 대체 휴무)",퇴직연금,고용보험 산재보험 건강보험 국민연금,2026-07-27,,9.5,5.0,20.0,7.4,20.0,7.0,68.9,C
H954202607271614,강동오륜방문요양센터,(암사동/4등급할머니/12:30-15:30) 재가요양보호사 모집,요양 보호사 및 간병인,무관,관계없음,상용직(시간제),시급 / 10320원 ,서울 강동구,,(근무시간) (오후) 12시 30분 ~ (오후) 3시 30분,주5일근무,18,마감일 (2026-09-26),방문   ,이력서   ,02-3425-5836,재가요양센터,"-근무지: 암사19길 25
-대상자: 4등급할머니(12:0-15:30,주5일)
-시   급: 10,320원(기타, 연차및 주휴수당 포함시 13,000)
-업   무: 가사 및 일상생활지원
-담당자: 02-428-4860 / 010-3613-3861",퇴직금,고용보험 산재보험 건강보험 국민연금,2026-07-27,,8.0,5.0,18.0,7.4,20.0,7.0,65.4,C
H954202607270220,굿모닝재가방문요양센터,재가 요양보호사 구인,요양 보호사 및 간병인,무관,관계없음,상용직,시급 / 10320원 ,경기 부천시.,,(근무시간) (오전) 8시 00분 ~ (정오) 12시 00분,주6일근무,0,마감일 (2026-09-26),방문   ,이력서   ,032-625-8434,"방문요양, 방문목욕","- 4등급 할머니 재가 구인
- 주6일
- 오후 13:00~16:00
- 시급13,000원(시급+제수당포함)
- 신체활동,정서지원,가사 및 일상생활지원",퇴직금,고용보험 산재보험 건강보험 국민연금,2026-07-27,,6.5,5.0,18.0,7.4,20.0,7.0,63.9,C
H954202607270578,(주)세리마,이화학기기 실험실챔버 총무팀 모집- 자재구매관리 및 납품 출고 관리,생산·품질 사무원 및 관리원(기계·자동차·금속),신입,관계없음,상용직,월급 / 230만원 - 면접 후 협의가능 ,경기 포천시세리마,,(근무시간) (오전) 9시 00분 ~ (오후) 6시 00분,주5일근무,40,마감일 (2026-09-26),고용24 입사지원   ,이력서   ,031-828-0923,이화학기기 및 산업용 기계장비  제조 및 도매,"●모집부분
   
  (1)공통 자격요건
       - 학력 : 무관
       - 나이 / 성별 : 무관

  (2)담당업무
       - 자재 구매 및 관리, 재고관리, 출고관리

  (3)지원자격
       - 경력 : 무관(신입 가능)

  (4)필수사항
       - 1톤트럭 운전자, 차량소지자


●근무조건

    - 근무형태 : 정규직(수습기간) - 3개월
    - 근무일시 : 주 5일(월~금) 오전 9시~오후 6시
    - 급여 : 월급 230만원 부터 협의 
    - 근무지역 : (11168) 경기도 포천시 가산면 너배기길 42-123 다동",퇴직연금,고용보험 산재보험 건강보험 국민연금,2026-07-27,,16.0,6.2,20.0,7.4,20.0,7.0,76.6,B
H954202607270457,사랑가득요양원2호,요양시설 조리원 모집,,무관,관계없음,상용직,월급 / 216만원 ,서울 은평구,,(근무시간) (오전) 9시 00분 ~ (오후) 6시 00분,주5일근무,40,마감일 (2026-09-26),방문   ,이력서   ,02-351-6859,노인요양,- 요양시설 조리 및 주방업,퇴직금,고용보험 산재보험 건강보험 국민연금,2026-07-27,,5.0,5.0,20.0,7.4,20.0,7.0,64.4,C
H954202607271242,아리아케어 주야간보호 계산센터,간호조무사 구인,간호조무사,무관,관계없음,상용직,월급 / 230만원 ,인천 계양구4층,,(근무시간) (오전) 8시 30분 ~ (오후) 5시 30분,주5일근무,40,마감일 (2026-09-26),팩스   ,이력서 자기소개서  ,032-450-5526,재가 장기 요양,"[직무내용]
수급자 케어(간호업무), 병원동행, 투약관리
수급자 관리, 프로그램 보조, 송영 등
[근무시간]
08:30 ~ 17:30 (주5일) / 휴게시간 12:00 ~ 13:00

*토요일 격주근무 ( 평일 대체휴무)
*운전가능자",퇴직금,고용보험 산재보험 건강보험 국민연금,2026-07-27,,8.0,5.0,20.0,7.4,20.0,7.0,67.4,C
H954202607270176,국공립 빛나라어린이집,유아반(4.5세)선생님을 모십니다.,보육 교사,경력,관계없음,상용직,월급 / 231만원 ,서울 성북구,,(근무시간) (오전) 9시 00분 ~ (오후) 6시 00분,주5일근무,40,마감일 (2026-09-25),   ,이력서 자기소개서 경력증명서 ,02-3406-0942,.,"만4.5세 유아들의 교육과 보육을 위해 함께 하실 선생님을 모십니다. 
담임교사의 갑작스런 병가로 급하게 구합니다.
9월부터 근무하며 경력자 우대합니다.",퇴직금,고용보험 산재보험 건강보험 국민연금,2026-07-27,,5.0,5.0,20.0,7.4,20.0,4.0,61.4,C
H954202607270556,(주)장수만세,인력충원에 따른 요양보호사 채용건 (성별 무관)(퐁당당),간병인(재가 제외),무관,관계없음,계약직,월급 / 236만원 ,경기 양평군,,근무시간 : 퐁당당 : 09  시 00  분부터  익일 09  시 00  분까지 24시간 근무후 2,주5일근무,40,마감일 (2026-09-25),고용24 입사지원   ,이력서   ,031-799-2704,"식자재유통,재가장기요양기관","안녕하세요

양평실버타운 인력을 충원하게 되었습니다.

퐁당당근무 하실 선생님을 모집중이며

관심있는 선생님들의 많은 지원 바랍니다.

양평실버타운은 모든 종사자가 1개월의 인턴기간을 가지게 됩니다. 그 후 재계약 되니 참고해주세요.",퇴직금,고용보험 산재보험 건강보험 국민연금,2026-07-27,,6.5,5.0,20.0,7.4,20.0,7.0,65.9,C
H954202607270158,무지개방문요양센터,재가요양보호사 채용,재가 간병인,무관,관계없음,상용직,시급 / 10320원 ,인천 부평구101동 107호,,(근무시간) (오후) 1시 00분 ~ (오후) 4시 00분,주5일근무,,마감일 (2026-09-25),방문   ,이력서   ,032-540-2078,재가장기요양기관,"-4등급 여자어르신  (주 5회) 토요일 격주가능
-근무시간 :13:00  ~16:00
-청소 , 말벗 , 식사도움 ,산책도움
-시급10,320원 (기타 제수당 포함하여 13,000원)",퇴직금,   ,2026-07-27,,5.0,5.0,18.0,5.0,16.0,7.0,56.0,C
H954202607270133,희망노인전문요양원,시설 요양보호사 구인합니다.(주간),간병인(재가 제외),무관,관계없음,상용직,월급 / 223만원 ,경기 시흥시,,(근무시간) (오전) 9시 00분 ~ (오후) 6시 00분,주5일근무,40,마감일 (2026-09-25),방문 고용24 입사지원  ,이력서 기타  ,031-496-1917,요양기관,"* 26명 입소 정원 (한층근무)
* 주말, 공휴일 근무 가능자(주 5일근무)
* 4대보험, 퇴직연금


* 교대 업무시간
D (06:30~15:30)
M (09:00~18:00)
E  (13:00~22:00)
N  (22:00~09:00)

4교대 모두 가능하신 요양보호사 선생님 지원 환영합니다~

업무시간 조절 가능",퇴직연금,고용보험 산재보험 건강보험 국민연금,2026-07-27,,8.0,5.0,20.0,7.4,20.0,7.0,67.4,C
H954202607270381,마더링재활요양원,요양보호사 선생님을 모십니다.,간병인(재가 제외),무관,관계없음,상용직,월급 / 258만원 ,경기 화성시마더링재활요양원,,(근무시간) (오전) 8시 30분 ~ (오전) 8시 30분,주5일근무,40,마감일 (2026-09-25),방문 고용24 입사지원  ,이력서   ,031-290-0823,.,퐁당당 요양보호사 업무,퇴직연금,고용보험 산재보험 건강보험 국민연금,2026-07-27,,6.5,5.0,20.0,7.4,20.0,7.0,65.9,C
H954202607270505,올바른너싱홈요양원,화성 올바른너싱홈요양원 요양보호사님 함께 하실 분 모십니다.,간병인(재가 제외),무관,관계없음,상용직,월급 / 250만원 ,경기 화성시올바른너싱홈,,"(오전) 9시 00분~(오후) 18시 00분-주간근무
(오전)7시 00분~(오후)16시00분-주간",주5일근무,40,마감일 (2026-09-25),방문 고용24 입사지원  ,이력서   ,031-290-0823,노인요양시설,"안녕하세요 
화성 올바른너싱홈 요양원입니다.
99인시설입니다.
올바른너싱홈은 어르신들의 행복한 노후를 위해 최선을 다하고 있으며, 아래와 같이 직원을 채용하고자 합니다.


근무형태는 

2. 2주단위탄력근무제(퐁당당) 09시 출근 ~ 익일09시 퇴근 
3. 주간 07시 출근~ 16시퇴근,또는 09시 출근~18시 퇴근  
4. 야간 18시출근 ~ 익일 09시 퇴근 / 22시출근 익일09시 퇴근 


마음 맞춰 성실하고 즐겁게 일하시는 분이면 좋겠습니다.

선생님들의 근무환경과 복지를 위해 최선을 다하겠습니다.

식사비 일부지원, 통근버스, 특별상여금, 감사금  등, 이외 선생님들의 복지를 위해 노력합니다.",퇴직연금,고용보험 산재보험 건강보험 국민연금,2026-07-27,,11.5,5.0,20.0,7.4,20.0,7.0,70.9,B
H954202607270119,썬앤문스퀘어주식회사,마곡 롯데캐슬 르웨스트 외곽 청소 반장 모집(주말포함주5일),"건물 청소원(공공건물,아파트,사무실,병원,상가,공장 등)",무관,관계없음,계약직,월급 / 205만원 ,서울 강서구,,"시간 : 07:00~16:00(휴게 2시간)
근무 : 주말포함 근무 (화,수,목,금 중 2일 휴무)",주5일근무,35,마감일 (2026-09-25),고용24 입사지원   ,이력서   ,02-2004-7061,비주거용 부동산 관리업,"마곡 롯데캐슬 르웨스트  외곽 청소 반장 모집(주말포함주5일)

업무 : 공용구역 청소 분리수거 업무
시간 : 07:00~16:00(휴게 2시간)
근무 : 주말포함 주 5일 (화,수,목,금 중 2일 휴무)
급여 : 205만원
우대 : 복지카드 소지자 우대 채용
* 퇴직연금 가입, 4대보험 가입, 연차 사용 가능",퇴직연금,고용보험 산재보험 건강보험 국민연금,2026-07-27,,6.5,5.0,20.0,7.4,20.0,7.0,65.9,C
H954202607270177,기아자동차카클리닉양촌점,자동차 정비원 채용,자동차 엔진·섀시·전기·전자 정비원,무관,관계없음,상용직,월급 / 220만원 ,경기 김포시대곶점 기아오토큐,,(근무시간) (오전) 8시 30분 ~ (오후) 6시 00분,주5일근무,40,마감일 (2026-09-25),방문 고용24 입사지원  ,이력서   ,031-999-0921,기아자동차A/S및일반수리전문,"기아 자동차  서비스  괸련 보증 수리 및 일반 수리
-1.3주 정기 휴무
-40시간 초과 주말근무시 수당 별도 지급",퇴직연금,고용보험 산재보험 건강보험 국민연금,2026-07-27,,5.0,5.0,20.0,7.4,20.0,7.0,64.4,C
H954202607270241,송담케어센터,안중 (현덕면 안중역이안아파트 ) 2등급 여자 어르신 방문요양보호사 모심,재가 간병인,무관,관계없음,상용직,시급 / 10320원 ,경기 평택시,,"월요일, 화요일, 수요일 (주3일)
오전 : 08:00-11:00
오후 : 16:00-19:00 ",주5일근무,,마감일 (2026-09-25),방문 팩스 고용24 입사지원 ,기타   ,031-646-1229,.,"1. 수급자 : 2등급 여자 어르신 
2. 신체기능 : 기저귀 케어
3. 거주환경 : 깨끗한 아파트에서 독거중
4. 특이사항 : 거실 및 안방에 수급자 안전 확인을 위한 cctv 설치되어 있음
5. 월,화,수(주3일) 근무
    오전 08:00~11:00,  오후 16:00~19:00 (시간변경 가능)
6. 식사제공, 낙상예방, 정서지원등
7. 포괄시급 13,100원 + 중증수당 별도 지급 + 원거리 근무시 유류비 별도지급

자세한 사항은 전화로 문의 주시면 친절히 안내해 드리겠습니다.",퇴직금,고용보험 산재보험 건강보험 국민연금,2026-07-27,,11.5,5.0,18.0,7.4,16.0,7.0,64.9,C
H954202607270641,씨제이프레시웨이주식회사,LG전자마곡 직원식당 조리원 채용,단체 급식 보조원,경력,관계없음,계약직,월급 / 221만원 ,서울 강서구,,(근무시간) (오전) 10시 30분 ~ (오후) 7시 30분,주5일근무,40,마감일 (2026-09-25),고용24 입사지원   ,이력서   ,031-289-2298,기타음식료품 외,"● 근무형태
- CJ프레시웨이 자체계약직

● 근무조건
-담당업무 : 전처리, 세팅, 세척 등

-근무요일 : 평일 주 5일 근무

-근무시간 : 10:30 ~ 19:30 (휴게 1시간)

-급여 : 월 2,211,220원

● 지원조건 
- 연령, 나이, 학력무관, 보건증소지자, 단체급식 경력자

● 복리후생
- 국민연금, 건강보험, 고용보험, 산재보험
- 연차, 퇴직금
- 근무복 지급, 중식 제공
- 기타 회사내규에 따른 복리후생 적용",퇴직금,고용보험 산재보험 건강보험 국민연금,2026-07-27,,16.0,5.0,20.0,7.4,20.0,7.0,75.4,B
H954202607270275,(주)더라온,화장품 생산 기계설비 관리(오퍼레이터)모집,화장품·비누제품 생산기계 조작원,무관,관계없음,계약직,최소연봉 / 2600만원 ,인천 남동구,,(근무시간) (오전) 9시 00분 ~ (오후) 6시 00분,주5일근무,40,마감일 (2026-09-25),방문   ,이력서   ,032-460-4778,"화장품, 마스크팩-화장품관련제품 유통 및 판매업","오퍼레이터  ,및 생산관리",퇴직금,고용보험 산재보험 건강보험 국민연금,2026-07-27,,6.5,6.2,20.0,7.4,20.0,7.0,67.1,C
H954202607270105,주식회사 진우건설, 인테리어 시공 관리자,건축 현장소장,경력,전문대학,상용직,월급 / 300만원 - 면접 후 협의가능 ,경기 포천시,,"(오전) 8시 00분~(오후) 5시 00분
휴게시간 오후12시 부터 1시",주5일근무,40,마감일 (2026-09-25),고용24 입사지원   ,이력서   ,031-828-0921,건축업,"[모집직무]
인테리어 시공 관리자 모집 합니다

[직무소개]
우리 회사는 다양한 공간에 아름다움과 기능성을 더하는 인테리어 디자인을 전문으로 하며, 고객의 꿈을 현실로 만들어주는 경험을 선사합니다. 본 직무는 인테리어 시공 현장을 관리하는 역할입니다.

[주요업무]
- 고객 상담 및 컨설팅을 통한 공간 요구사항 파악
- 3D 모델링 및 시각화를 활용한 디자인 제안
- 디자인 구현을 위한 상세 계획 및 품목 선정
- 현장 관리 및 프로젝트 진행
- 포트폴리오 관리 및 업데이트",퇴직금,고용보험 산재보험 건강보험 국민연금,2026-07-27,,14.5,5.0,20.0,7.4,20.0,7.0,73.9,B
H954202607270123,예스산업자원주식회사,25T 방통차 기사 합니다.,중·대형 화물차 운전원(트레일러 포함),경력,고등학교,상용직,월급 / 300만원 - 면접 후 협의가능 ,경기 파주시예스산업자원(주),,(근무시간) (오전) 8시 00분 ~ (오후) 5시 00분,주6일근무,48,마감일 (2026-09-25),방문 우편 팩스 ,이력서 자기소개서 경력증명서 ,031-860-0433,철스크랩,"3년이상 경력 필수 사항입니다.
일이 없을 경우 마당일 병행
25톤 방통차 운전 및 납품
중식 제공
급여는 협의후 결정입니다
이외 자세한 사항은 문의 주세요.",퇴직금,고용보험 산재보험 건강보험 국민연금,2026-07-27,,5.0,5.0,20.0,7.4,20.0,7.0,64.4,C
H954202607270069,태영팩,포장재 제조 관리 및 시설 유지 보수 전문가를 찾습니다.,플라스틱제품 조립원 및 검사원,무관,관계없음,상용직,월급 / 220만원 ,경기 광주시,,(근무시간) (오전) 9시 00분 ~ (오후) 6시 00분,주5일근무,40,마감일 (2026-09-25),고용24 입사지원   ,이력서 자기소개서  ,031-799-2754,.,"[모집직무]
팩키징, 제조 관리, 유지보수, 시설 관리, 물류

[직무소개]
우리 회사는 다양한 포장재를 생산하는 제조 기업입니다.  본 직무는 포장재 제조 공정 관리와 시설 유지 보수를 총괄하여 효율적인 생산 환경을 조성하는 데 기여합니다.

[주요업무]
- 포장재 제조 공정 관리 및 최적화
- 시설 및 장비 점검 및 관리
- 보수 및 정비 작업 수행
- 안전 관리 및 위험 예방
- 생산 효율성 향상 방안 모색",퇴직금,고용보험 산재보험 건강보험 국민연금,2026-07-27,,13.0,5.0,20.0,7.4,20.0,7.0,72.4,B
H954202607270247,(주)더라온,",물류/지게차운전 관리원 채용",지게차 운전원,무관,관계없음,계약직,최소연봉 / 2600만원 ,인천 남동구71블럭 5로트,,(근무시간) (오전) 9시 00분 ~ (오후) 6시 00분,주5일근무,40,마감일 (2026-09-25),방문   ,이력서 자기소개서  ,032-460-4778,"화장품, 마스크팩-화장품관련제품 유통 및 판매업",화장품 및 마스크  물류관리/지게차운전가능한자(,퇴직연금,고용보험 산재보험 건강보험 국민연금,2026-07-27,,6.5,6.2,20.0,7.4,20.0,7.0,67.1,C
H954202607271030,비지팅엔젤스 하남위례방문요양지점,위례 70대 5등급 여성어르신 돌봐주실 선생님을 구합니다. ,요양 보호사 및 간병인,경력,관계없음,계약직(시간제),시급 / 10320원 ,경기 성남시5618동,,(근무시간) (오후) 3시 00분 ~ (오후) 6시 00분,주5일근무,15,마감일 (2026-09-25),방문 고용24 입사지원  ,기타   ,031-730-7009,,"* 경증 치매(복약 시간을 못맞추심), 당뇨
* 74세 여성 어르신, 낯을 가리시나 친해지면 이야기나누기를 좋아하신다고 함.
* 주로 정서지원 - 말벗, 산책동행
* 간단한 가사(반찬조리 등 필요없음), 인슐린 주사맞을 시간 챙겨드리기
* 할아버님 동거하시나, 보호사 선생님 계실 때는 외출 가끔 하셔야 함.
* 위례 56단지(한빛고 근처) 거주하심 
* 요양보호사 자격증, 치매교육이수 필수
* 다정하고 자상하신 분
* 주휴수당 등 포함/ 시급 13300원",퇴직금,고용보험 산재보험 건강보험 국민연금,2026-07-27,,11.5,5.0,18.0,7.4,20.0,7.0,68.9,C
H954202607270113,금호이앤지(주),"전기, 에너지, ESCO 사업 영업직 모집 ",전기·전자장비 기술영업원,경력,관계없음,계약직,최소연봉 / 3400만원 - 면접 후 협의가능 ,경기 용인시금호이앤지 주식회사 ,,(근무시간) (오전) 8시 30분 ~ (오후) 5시 30분,주5일근무,40,마감일 (2026-09-25),고용24 입사지원   ,이력서 자기소개서  ,031-289-2215,"전기제어장치,등기구,LED조명,전기공사,통신공사","[담당업무]
에너지 절감을 원하는 공공기관(학교, 관공서 등) , 공장,  병원 (요양시설 포함) , 골프장, 교회 등 
을 대상으로 아래 사항에 대하여 영업을 합니다.  
？ 최대전력관리장치(피크제어기) 
？ 에너지효율시장조성사업 
？ 수전합리화사업
？ 스마트팩토리
？ LED조명, 조명제어 

- 필드 영업에 필요한 자료작성 (보고서, 제안서, 안내문 등) , 프레젠테이션이 가능해야 하며 ,
  전기, 에너지, LED 등 관련하여 기본 지식을 갖춘 분만 지원해 주시기 바랍니다. 

[우대사항]
- 관련 자격증 보유자 (전기기사, 전기산업기사, 품질관리)

[복리후생]
ㆍ중식제공 
ㆍ명절선물
ㆍ우수사원표창",퇴직금,고용보험 산재보험 건강보험 국민연금,2026-07-27,,17.5,5.0,20.0,7.4,20.0,7.0,76.9,B
H954202607270095,좋은돌봄 방문간호요양센터,우이경천철 정릉역 도보 5분거리  1등급 할아버지 ,재가 간병인,경력,관계없음,상용직(시간제),시급 / 10320원 ,서울 성북구.,,(근무시간) (오후) 1시 00분 ~ (오후) 5시 00분,주6일근무,24,마감일 (2026-09-25),방문 고용24 입사지원  ,이력서   ,02-2241-3948,재가요양,"정릉역 도보5분거리 1등급 할아버지 

건강상태 : 고령으로 거동 불편, 청력이 약해 보청기 착용중임.
               부축 시 스스로 보행 가능(화장실 이용, 거실 식탁에 나와서 식사함)       
근무요일 : 월~토(주6일)
근무시간 : 오전 8시30분~10시30분(2시간) 오후 1시~4시(3시간) 하루 총5시간
               또는 오후 1시~5시30분 (휴게시간 30분포함 ) 
근무내용 : 어르신부축(화장실이동,식탁이동 시)
               주3회 반찬+밥 준비(반찬은 야채찜 정도, 밥은 죽처럼)
               식사보조(연하곤란장애 있어 아주 천천히 조심해서 보조)
               수급자방,부엌 1회용 밀대 걸레로 청소, 화장실 청소 없음)
시      급 :(기본급10,320+주휴수당2,064원,연차수당 664월, 기타수당522원->13,500원)+중증가산수당(6,000)
버스노선 : 정릉역2번출구->도보 5분거리",퇴직금,고용보험 산재보험 건강보험 국민연금,2026-07-27,,10.0,5.0,18.0,7.4,20.0,7.0,67.4,C
H954202607270234,하연재가센터,4등급 어르신 서울 은평구 증산동 170-14 / 요양보호사 구인합니다.,재가 간병인,경력,관계없음,상용직(시간제),시급 / 10320원 ,서울 은평구2층,,(근무시간) (오후) 1시 00분 ~ (오후) 4시 00분,주5일근무,15,마감일 (2026-09-25),방문 고용24 입사지원  ,기타   ,031-463-0743,.,"4등급 어르신 식사준비, 장보기, 청소

4대보험. 퇴직금, 장기근무장려수당. 명절선물

최저시급 10,320원이나 주휴수당, 연차수당 합해해 13,000원 지급",퇴직금,고용보험 산재보험 건강보험 국민연금,2026-07-27,,5.0,5.0,18.0,7.4,20.0,7.0,62.4,C
H954202607270019,좋은돌봄 방문간호요양센터,남가좌2동주민센터 근처 5등급 할머니,재가 간병인,무관,관계없음,상용직(시간제),시급 / 10320원 ,서울 서대문구,,(근무시간) (오전) 9시 00분 ~ (정오) 12시 00분,주5일근무,15,마감일 (2026-09-25),방문 고용24 입사지원  ,이력서   ,02-330-1485,재가요양,"남가좌2동주민센터 근처  5등급 할머니

건강상태 : 치매5등급(인지기능 양호함.)심하지 않은 시각장애인(혼자 밖간 활동 가능한 상태임)    
근무요일 : 월~토(주5일)월21일
근무시간 : 오전 9시00분~12시00분(3시간) 
근무내용 : 반찬준비(복지관에서 매일 반찬이 배달됨)원하시는 반찬 준비
               가사지원(청소)
               병원동행
               5등급으로 인지활동 매일 하고 특이사항에 기록해야함. 
시      급 :(기본급10,320+주휴수당2,064원,연차수당 664월, 기타수당522원->13,500원)
위      치 : 남가좌동백년시장 맞은편",퇴직금,고용보험 산재보험 건강보험 국민연금,2026-07-27,,11.5,5.0,18.0,7.4,20.0,7.0,68.9,C
H954202607271322,굿모닝요양원,간호조무사,간호조무사,신입,관계없음,상용직,월급 / 230만원 - 면접 후 협의가능 ,인천 서해구전층,,(근무시간) (오전) 9시 00분 ~ (오후) 6시 00분,주5일근무,40,마감일 (2026-09-25),고용24 입사지원   ,이력서   ,032-540-2030,노인 요양 복지시설,"요양원에서 근무하실 성실한 간호조무사를 모집합니다
근무시간 09~18시
4대보험 ,퇴직금",퇴직금,고용보험 산재보험 건강보험 국민연금,2026-07-27,,5.0,5.0,20.0,7.4,20.0,7.0,64.4,C
H954202607270501,진주재가노인복지센터,42년생 2등급 어머님을 사랑으로 섬겨주실 성실하시고 성품 좋으신 입주요양보호사님을 모십니다.,재가 간병인,경력,관계없음,상용직(시간제),월급 / 350만원 ,서울 노원구3동,,(근무시간) (오전) 7시 00분 ~ (오후) 9시 00분,주6일근무,24,마감일 (2026-09-25),고용24 입사지원   ,기타   ,031-560-1964,"방문요양,방문목욕",42년생 2등급 어머님을 사랑으로 섬겨주실 성실하시고 성품 좋으신 입주요양보호사님을 모십니다,퇴직금,고용보험 산재보험 건강보험 국민연금,2026-07-27,,5.0,5.0,20.0,7.4,20.0,7.0,64.4,C
H954202607270582,주식회사 설비드,친절하고 성실한 사무 지원팀원을 찾습니다.,행정사·문서대행자,무관,관계없음,계약직,월급 / 240만원 - 면접 후 협의가능 ,경기 안성시,,(근무시간) (오전) 8시 00분 ~ (오후) 5시 00분,주5일근무,40,마감일 (2026-09-25),고용24 입사지원   ,이력서   ,031-686-1716,강관 파이프 가공 ,"[모집직무]
사무 보조원(일반사업체), 경리 사무원(일반사업체)

[직무소개]
저희 회사는 성장하는  일반사업체입니다.  우리는 업무 효율을 높이고, 팀워크를 강화하기 위해 새로운 이력을 찾고 있습니다.

[주요업무]
- 전화 상담 및 응대
- 문서 작성 및 관리
- 일정 관리 및 행정 업무 지원
- 사무 공간 정리 및 관리",퇴직금,산재보험 건강보험 국민연금 ,2026-07-27,,9.5,5.0,20.0,7.4,20.0,7.0,68.9,C
H954202607271042,씨제이프레시웨이주식회사,평촌성심병원장례식장 주방직원 모집,주방 보조원,무관,관계없음,계약직,시급 / 10320원 ,경기 안양시,,"06:00 ~ 14:30 / 14:30 ~ 21:30 (교대근무)
일주일 단위 오전, 오후 교대근무",주5일근무,,마감일 (2026-09-25),고용24 입사지원 기타  ,이력서   ,031-289-2298,기타음식료품 외,"● 근무형태
- CJ프레시웨이 자체계약직

● 근무조건
- 업무내용 : 세척, 청소, 음식, 제사 등 장례식장 전반적 업무
- 근무요일 : 주 5,6일 스케쥴근무 (월 6회 휴무 / 직원들과 조율해서 휴무 진행)
- 근무시간 : 06:00？~？14:30？/？14:30？~？21:30 (2주 단위 교대근무)
- 급여조건 : 월평균 220~240만원 수준 (시급 10,320원+연장 발생  시 수당지급)

● 지원조건 
- 연령무관, 주방업무 경험자 우대, 보건증 소지자, 주말근무 가능자, 초보가능

● CJ프레시웨이 복리후생 (* 근속 3개월 이후 적용)
- 4대보험 가입 및 퇴직금 지급
- 설/추석 선물 지급
- 생일 축하 쿠폰 지급
- 연 5회(설,5월,7월,추석,12월) 모바일 상품권 지급
- 근로자 건강검진 지원
- 경조휴가 및 경조금 지급
- 근무복 지급
- 개인의료비 지원 (분기별 최대 200만원)
- 장기근속 포상(유급휴가 5일, 5/10년 근속 10만원, 15/20년 근속 20만원)",퇴직금,고용보험 산재보험 건강보험 국민연금,2026-07-27,,13.0,5.0,18.0,7.4,16.0,7.0,66.4,C
H954202607271634,다원실버케어,향남 다원실버케어에서 요양보호사를 구합니다.,간병인(재가 제외),무관,관계없음,계약직,월급 / 220만원 - 면접 후 협의가능 ,경기 화성시다원실버케어,,"(근무시간) (오전) 8시 30분 ~ (오후) 5시 30분
(근무시간) (오전) 8시 30분 ~ 익",주5일근무,40,마감일 (2026-09-25),고용24 입사지원   ,이력서   ,031-290-0821,"장기요양수급 어르신 요양보호, 생활서비스 및 의료재활서비스 제공","어르신 돌봄 서비스
근무형태 : 주간근무, 퐁당당근무 중 협의",퇴직연금,고용보험 산재보험 건강보험 국민연금,2026-07-27,,5.0,6.2,20.0,7.4,20.0,7.0,65.6,C
H954202607270003,다산케어센터 양평여주지사,"산후도우미,산후관리사,산모신생아 건강관리사 모집(친정엄마 산후조리 지원)",,무관,관계없음,상용직,일급 / 109800원 ,경기 양평군(백안리),,(근무시간) (오전) 9시 00분 ~ (오후) 6시 00분,주5일근무,,마감일 (2026-09-25),방문 고용24 입사지원  ,기타   ,031-770-1021,.,"[모집직무]
산모 돌봄, 신생아 돌봄 , 친정엄마(시어머니) 교육 후 바우처지원
[직무소개]
산모와 신생아 돌봄을 최우선으로 하실분을 모집합니다.
-아기를 사랑으로 돌보주실분 구합니다. 경력자 우대
- 출산 및 육아 경험이 있고  몸과 마음이 건강한 분

- 보건복지부 장관이 고시한 교육과정이수자 (신규60시간/경력40시간)
   (이수증 없으신 분은 다산케어본사(경의중앙선 도심역 인근) 교육기관에서도 이수 후 근무가능합니다)


[주요업무]
-산모케어 (산모 식사제공, 산모신체 체크)
-신생아케어 (신생아 위생관리, 목욕, 돌보미 케어)

*일 109,800원 ~(추가요금 별도)
*급여가 실제일하는 시간에 따라 달라질 수 있습니다.
*문의전화 031-774-0555
*양평군 지역

*다산케어센터 본사 교육센터 양성과정 안내*
(국비지원 국민내일배움카드 교육훈련기관)
교육일시 : 신규자 8일간 - 2026년 8월 5일(수) ~ 14일(금)
               경격자 5일간 - 2026년 8월 19일(수) ~ 25일(화)
수료시간 : 신규자 60시간
               경력자 40시간(사회복지사,요양보호사,간호조무사 자격증 소지자)
교육시간 : AM 09:00 ~ PM 17:30
교육장소 : 경기도 남양주시 덕소로274 우성상가 A동211호 
              (경의중앙선 도심역 2번 출구)
*교육 수료 후 다산케어센터 양평여주지사 근무가능*
교육문의 : 031-774-0555",퇴직금,산재보험 건강보험 국민연금 ,2026-07-27,,16.0,5.0,18.0,7.4,16.0,7.0,69.4,C
H954202607270588,유티즌,"마케팅 광고홍보, 삼품기획,총무사원 모집",인사 사무원,경력,관계없음,상용직,최소연봉 / 3000만원 ,서울 송파구제 9층 제티 - 9128호,,(근무시간) (오전) 9시 00분 ~ (오후) 6시 00분,주5일근무,40,마감일 (2026-09-25),고용24 입사지원   ,이력서 자기소개서  ,02-2142-8482,"웹개발,앱개발","[모집직무]
SNS 마케터, 콘텐츠 마케터, 디지털 마케터, 고객 관리, 비즈니스 개발

[직무소개]
우리 회사는 웹 개발 및 앱 개발을 목표로 합니다.  본 포지션은 SNS와 인터넷 콘텐츠를 활용한 마케팅 활동을 총괄하고, 업체 관리 업무를 담당합니다.

[주요업무]
- SNS 채널 관리 및 콘텐츠 제작 및 게시
- 인터넷 콘텐츠 마케팅 전략 수립 및 실행
- 고객 및 업체 관리
- 마케팅 캠페인 분석 및 성과 평가
- 신규 사업 기회 발굴 및 협력 업체 관리",퇴직금,산재보험 건강보험 국민연금 ,2026-07-27,,19.0,5.0,20.0,7.4,20.0,7.0,78.4,B
H954202607270147,건강재가복지센터,재가요양보호사 모집,재가 간병인,무관,관계없음,상용직,시급 / 10320원 ,서울 은평구북한산 현대홈타운,,(근무시간) (오전) 9시 00분 ~ (정오) 12시 00분,주6일근무,,마감일 (2026-09-25),방문 고용24 입사지원  ,이력서 기타  ,02-2077-3477,방문요양,"- 3등급,여자어르신 (95세)
-가사 및 일상지원
-은평구 불광로2길 16(북한산현대홈타운)
-문의02-2686-2004",퇴직연금,고용보험 산재보험 건강보험 국민연금,2026-07-27,,6.5,5.0,18.0,7.4,16.0,7.0,59.9,C
H954202607270063,주식회사토속촌삼계탕,주 5일 340만원 홀서빙 직원 구합니다.,일반 음식점 서빙원,신입,관계없음,상용직,월급 / 340만원 ,"서울 종로구자하문로5가길 3, 자하문로5길 4",,(근무시간) (오전) 10시 00분 ~ (오후) 10시 00분,주5일근무,40,마감일 (2026-09-25),고용24 입사지원   ,이력서 자기소개서  ,02-2004-7021,한식,"토속촌 삼계탕 홀서빙 직원 구합니다.

근무 시간 = 10~22시
휴게시간 = 1시간 40분
급여 = 340만원
담당업무 = 홀서빙, 추후 관리자재량 조절 가능

근무 시간은 10 ~ 22시이지만 코로나 이후 손님이 없을 때 20~30분 가량 일찍 퇴근합니다.

그 외에 업무 시간조정하여 근무도 가능하며 여러 방향으로 직원을 채용할 예정이니 많은 지원 부탁드립니다.",퇴직금,고용보험 산재보험 건강보험 국민연금,2026-07-27,,16.0,5.0,20.0,7.4,20.0,7.0,75.4,B
H954202607270545,대보유통(주),대보유통(주) 화성휴게소 -조리사원,주방 보조원,무관,관계없음,계약직,월급 / 283만원 ,경기 화성시화성(서울방향)휴게소,,"※ 상세 근무시간
(근무시간) (오전) 8시 00분 ~ (오후) 6시 00분, 연장근로 8시",주5일근무,40,마감일 (2026-09-25),방문 고용24 입사지원  ,이력서   ,031-290-0823,고속도로 휴게소,"휴게소내  식당가 조리 보조원 (조리보조,세척실)",퇴직금,고용보험 산재보험 건강보험 국민연금,2026-07-27,,5.0,5.0,20.0,7.4,20.0,7.0,64.4,C
H954202607271808,한상차림 코다리명가(의왕점),주방보조 모집,주방 보조원(일반 음식점),무관,관계없음,상용직,월급 / 340만원 ,경기 의왕시한상차림 코다리명가(의왕점),,(근무시간) (오전) 9시 30분 ~ (오후) 8시 30분,주6일근무,40,마감일 (2026-09-25),방문   ,기타   ,031-463-7470,`,"* 주방보조
 
1. 주요업무
   - 코다리 조림(초벌)
   - 생선구이
   - 중화웍 세척
   - 소스담기

2. 실장 대행 업부(주1회)
   - 코다리 조림

3. 설것이 업무
   - 주방식기 세척",퇴직금,고용보험 산재보험 건강보험 국민연금,2026-07-27,,6.5,5.0,20.0,7.4,20.0,7.0,65.9,C
H954202607270120,예스산업자원주식회사,"고물상 압축, 굴삭기 기사 구인합니다.","굴착기(굴삭기,포클레인) 운전원",경력,고등학교,상용직,월급 / 300만원 - 면접 후 협의가능 ,경기 파주시예스산업자원(주),,(근무시간) (오전) 8시 00분 ~ (오후) 5시 00분,주6일근무,48,마감일 (2026-09-25),방문 우편 팩스 ,이력서 자기소개서 경력증명서 ,031-860-0433,철스크랩,"5년이상 경력 필수 사항입니다.
10급 굴삭기로 마당 상하차 작업과 고철 압축 작업입니다.
기본적인 정비 가능하신 분
중식 제공
이외 자세한 사항은 문의 주세요.",퇴직금,고용보험 산재보험 건강보험 국민연금,2026-07-27,,5.0,5.0,20.0,7.4,20.0,7.0,64.4,C
H954202607270537,(주)명성라바,실리콘제품 고무제품제조 업체,고무 압출성형기 조작원,무관,관계없음,상용직,월급 / 250만원 - 면접 후 협의가능 ,경기 화성시가재리698-14,,(근무시간) (오전) 8시 30분 ~ (오후) 5시 30분,주5일근무,40,마감일 (2026-09-25),방문   ,이력서   ,031-290-0823,고무제품,"의료기 실리콘 제품제조
정수기 실리콘 제품제조
일반 고무 제품제조
초보자가능합니다",퇴직금,고용보험 산재보험 건강보험 국민연금,2026-07-27,,5.0,5.0,20.0,7.4,20.0,7.0,64.4,C
H954202607270085,다정한노인복지센터,요양보호사 채용,재가 간병인,신입,관계없음,상용직(시간제),시급 / 10320원 ,경기 여주시103동,,(근무시간) (오전) 9시 00분 ~ (정오) 12시 00분,주5일근무,15,마감일 (2026-09-24),고용24 입사지원   ,기타   ,031-644-3805,방문요양,70대초 여자 4등급 어르신케어,퇴직연금,고용보험 산재보험 건강보험 국민연금,2026-07-27,,5.0,5.0,18.0,7.4,20.0,7.0,62.4,C
H954202607270205,은빛노인복지센터,여성 노인 3등급 요양보호사를 모집합니다.,요양 보호사 및 간병인,무관,관계없음,상용직,시급 / 10320원 ,경기 부천시,,(근무시간) (오전) 8시 30분 ~ (오전) 11시 30분,주5일근무,,마감일 (2026-09-24),고용24 입사지원   ,이력서   ,032-310-8894,방문 요양,"[모집직무]
요양보호사

[직무소개]
여성노인 3등급 요양보호사로, 
8:30~11:30 근무하는 분을 모집합니다.
필요에 따라 8시에 근무시작하는 경우가 있을 수 있음.
주5일 화~토요일 근무

[주요업무]
- 여성 노인의 일상생활 지원
- 위생 관리 등 돌봄 활동",퇴직연금,고용보험 산재보험 건강보험 국민연금,2026-07-27,,9.5,5.0,18.0,7.4,16.0,7.0,62.9,C
H954202607270122,코코 코스메틱,포장 및 충진 생산직 모집,주입·포장·상표부착기 등 기타 기계 조작원,무관,관계없음,상용직,시급 / 10320원 ,경기 용인시,,(근무시간) (오전) 8시 30분 ~ (오후) 5시 30분,주5일근무,,마감일 (2026-09-24),고용24 입사지원   ,이력서 자기소개서 기타 ,031-289-2215,"화장품,무역업,화장품포장업",화장품 포장 및 충진 업무,퇴직연금,고용보험 산재보험 건강보험 국민연금,2026-07-27,,6.5,5.0,18.0,7.4,16.0,7.0,59.9,C
H954202607270378,주식회사 서플라인, [파주/현장관리자] 생산라인 관리자 모집,제조 단순 종사원,경력,관계없음,계약직,최소연봉 / 3200만원 ,경기 파주시(주)개선스포츠,,(근무시간) (오전) 8시 30분 ~ (오후) 5시 30분,주5일근무,40,마감일 (2026-09-24),고용24 입사지원   ,이력서 자기소개서  ,031-8071-4257,(주)서플라인,"[연봉 3200만원/파주] 헬스장비 조립 반장(관리자) 모집

1. 기계장비 조립, 경력자로 관리 경력자
2. 공구 사용 가능자(경력자 우대)
3. 헬스기계 장비 조립
4. 조립 경력 : 금속 기계 조립 경력자 우대 
5. 취업 후 6~12개월 이후 본사 평가 후 정규직 전환
6. 연장 근무 가능자 (평균 주 2~3회 : 21시까지)
7. 지게차 운전 가능자(우대)
8. 법정 공휴일 유급 휴무 실시
9. 연봉 외 연장수당 별도
10. 수습기간 : 입사일로부터 3개월",퇴직금,고용보험 산재보험 건강보험 국민연금,2026-07-27,,11.5,5.0,20.0,7.4,20.0,7.0,70.9,B
H954202607270838,영앤택,화성시 사출공장 생산직,플라스틱 사출성형기 조작원,무관,관계없음,상용직,시급 / 10320원 ,경기 화성시,,(근무시간) (오전) 9시 00분 ~ (오후) 6시 00분,주5일근무,,마감일 (2026-09-24),고용24 입사지원   ,이력서   ,031-290-0822,각종 플라스틱 제품 제조 및 판매,"구인

위치 : 화성시 정남면 효행구 괘랑리

업무 : 생산(인서트 작업), 검사, 사상, 포장, 운반 등

근로 계약 : 계약직 2개월 후 업무 능력 평가 후 정규직 전환 여부 결정

근로 형태
- 시급 10,320원
- 계약직 2개월 동안 자사의 업무 적응 및 기술 습득 (근무 시간 09:00~18:00)
- 희망 시 잔업 가능
- 정규직 전환 후 월 1~2주 야간 근무 필수 (야간 근무 시간 19:00~08:00)
- 중식 제공 (근처 한식뷔페 12:30~13:30), 야간 근무 시 협의
- 초과 근로 수당, 야간 근로 수당, 주휴 수당, 4대 보험 적용

우대 조건
- 유사 직종 관련 근무 경력자
- 인근 거주자
- 신체 건강하고 체력이 좋은 자
- 기술을 배우고 싶은 자",퇴직금,고용보험 산재보험 건강보험 국민연금,2026-07-27,,11.5,7.4,18.0,7.4,16.0,7.0,67.3,C
H954202607270083,동막역,마포 작은 파스타 메뉴개발 및 운영,양식 조리사,무관,관계없음,상용직,월급 / 250만원 ,서울 마포구,,(근무시간) (오전) 10시 00분 ~ (오후) 10시 00분,주5일근무,45,마감일 (2026-09-24),고용24 입사지원   ,이력서   ,02-2077-6071,"주방관리,음식조리,재고파악","[모집직무]
매니저, 요리사, 서비스 직원, 재고 관리 메뉴 개발 

[직무소개]
우리 가게는 다양한 메뉴를 제공하며, 맛있고 신선한 음료를 직접 제조합니다.  고객에  서비스를 제공하고 깨끗하고 편안한 환경을 유지하는 데에 힘쓰고 있습니다. 본 직무는 메뉴 개발부터 서비스, 음료 제조, 손님 응대 청결 관리까지  가게 운영의 모든 측면에 참여하며, 고객에게 최고의 경험을 선사하는 역할을 수행합니다.

[주요업무]
- 근면 성실 책임감 
- 새로운 메뉴 개발 및 기존 메뉴 개선
- 음료 제조 및 관리
- 고객 응대 및 서비스 제공
- 가게 청소 및 위생 관리
- 재고 관리 및 주문 처리
- 기본에 충실하실 분
- 수습 3개월 (경력 신입 수습 있습니다)",퇴직금,고용보험 산재보험 건강보험 국민연금,2026-07-27,,20.5,5.0,20.0,7.4,20.0,7.0,79.9,B
H954202607270036,아이앤디주식회사,플라스틱 용기 제조(압출성형) 생산직 모집,플라스틱제품 생산기계 조작원,경력,관계없음,상용직,최소연봉 / 4500만원 ,경기 용인시,,(근무시간) (오전) 8시 00분 ~ (오후) 5시 00분,주5일근무,40,마감일 (2026-09-24),고용24 입사지원   ,이력서 자기소개서  ,031-289-2215,플라스틱성형용기,"압출 성형기 조작(경력자 우대, 초보가능)
제품 조립, 사상, 포장 단순업무

신입부터 경력직까지 모집하고 있습니다.
블로우 성형 사출로 20L~1,000L의 플라스틱 용기를 생산 및 포장하고 있습니다.
사출 유관 업종 또한 경력으로 반영하고 있습니다.
사출/압출 경력자 우대하며, 경험이 없는 분도 무관합니다.",퇴직연금,고용보험 산재보험 건강보험 국민연금,2026-07-27,,6.5,5.0,20.0,7.4,20.0,7.0,65.9,C
H954202607270931,리뉴에트에스테틱 평택점,평택피부관리사 ,메이크업 아티스트 및 분장사,경력,관계없음,상용직,월급 / 300만원 ,경기 평택시2층,,"(근무시간) 화-금 11시 00분~20시 00분
화-금 휴게시간 13:30-14:00, 17:00-17:30

토",주5일근무,39,마감일 (2026-09-24),방문 고용24 입사지원  ,이력서   ,031-646-1269,.,"피부관리,바디관리, 홍보, 고객관리",퇴직금,고용보험 산재보험 건강보험 국민연금,2026-07-27,,6.5,5.0,20.0,7.4,20.0,7.0,65.9,C
H954202607270315,청운어린이집,보육교사,보육 교사,경력,전문대학,상용직,월급 / 233만원 - 면접 후 협의가능 ,서울 종로구청운별빛어린이집,,(근무시간) (오전) 9시 00분 ~ (오후) 6시 00분,주5일근무,40,마감일 (2026-09-24),고용24 입사지원   ,이력서 자기소개서 졸업증명서 경력증명서,02-2148-4181,어린이집,"안녕하세요~ 
자연속에서 아이들과 함께 근무하실 담임교사 모집 합니다. 
청운별빛어린이집에서 함께 좋은 인연을 만들어 보고자 합니다. 
많은 지원 부탁드립니다. 
1.채용분야 및 자격 - 자격 : 보육교사 2급 이상 소지자 
2.근무조건 - 급여 : 보육사업 지침 준수
3. 채용일정 - 1차: 서류 전형 - 2차 : 면접 - 접수 마감 후 , 1차 서류전형 합격자를 대상으로 개별 연락드립니다. - 최종 합격자 발표 : 2차 면접 합격자를 대상으로 개별 통보드립니다. 
4.  접수 방법 : chun220901@naver.com ( 이메일 접수 바랍니다.) - 제출서류 : 이력서, 자기 소개서, 자격증, 경력증명서 (경력자에 한함) ( 그 외 제출 서류는 1차 서류 합격자를 대상으로 개별 안내드립니다. ) 
5. 문의처 - 기타 문의 사항 : 02) 730-9261

 *** 선생님들의 많은 지원 바랍니다. 감사합니다. ***",퇴직금,고용보험 산재보험 건강보험 국민연금,2026-07-27,,13.0,5.0,20.0,7.4,20.0,7.0,72.4,B
H954202607270356,재가노인복지센터 설렘,노인주간보호센터 요양보호사 구인합니다.,간병인(재가 제외),경력,관계없음,계약직,월급 / 225만원 ,경기 용인시,,(근무시간) (오전) 8시 30분 ~ (오후) 5시 30분,주5일근무,40,마감일 (2026-09-24),방문 팩스 고용24 입사지원 ,이력서   ,031-289-2214,"방문요양, 주야간보호","저희 센터는 26년 3월에 시작한 재가노인복지센터로 주간보호센터와 방문요양을 합니다.  주간보호센터에서 함께할 요양보호사를 구인합니다.

[직무소개]
우리 기관은 노인들의 삶의 질을 향상시키기 위해 노력하는 기관입니다.  섬세하고 꼼꼼하고 책임감 있는 분을 찾습니다.<업무>
- 어르신 송영
- 어르신들의 일상생활 지원
- 영양 관리 및 식사 제공
- 정신적, 신체적 건강 관리
- 일상생활 돕기
- 안전 관리 및 예방
- 프로그램 지원
- 어르신 목욕

근무조건 : 주40시간 근무, 토요일이나 공휴일 근무시 평일 휴무",퇴직연금,고용보험 산재보험 건강보험 국민연금,2026-07-27,,16.0,5.0,20.0,7.4,20.0,7.0,75.4,B
H954202607270134,송추한가족요양원,퐁당당의 따뜻한 마음을 전하는 요양보호사를 찾습니다!,요양 보호사 및 간병인,무관,관계없음,상용직,월급 / 250만원 ,경기 양주시,,출근 8시40분 / 퇴근 익일 09:00(휴게시간 포함),주5일근무,40,마감일 (2026-09-24),고용24 입사지원   ,이력서 경력증명서  ,031-849-2331,노인요양기관,"[모집직무]
요양보호사(퐁당당)

[직무소개]
우리 요양원은 여러분의 따뜻한 마음과 솜씨가 필요한 노인 케어 서비스를 제공하고 있습니다.  우리 팀에 합류하여 노인들의 삶을 풍요롭게 만들어 주세요.

[주요업무]
- 노인들의 일상생활 지원
- 식사와 목욕 등 개인위생 관리
- 건강상태 관찰 및 기록
- 활동 및 놀이 활동 병행
- 환경 청결 유지 및 관리",퇴직금,고용보험 산재보험 건강보험 국민연금,2026-07-27,,9.5,5.0,20.0,7.4,20.0,7.0,68.9,C
H954202607270138,1424재가노인복지센터,성실하고 인내심있는 요양보호사-화성시 향남,재가 간병인,무관,관계없음,상용직(시간제),시급 / 10320원 ,경기 화성시000,,(근무시간) (오전) 9시 00분 ~ (오후) 1시 00분,주5일근무,20,마감일 (2026-09-24),고용24 입사지원   ,이력서 자기소개서  ,02-2142-8427,"방문요양, 방문목욕, 복지용구","- 2등급 (여:80대) 
- 인지저하, 거동가능
- 근무시간 : 주5일(월 ~ 금) 09:00~13:00
- 일상생활 지원, 취사, 식사 도움, 청소
- 화성시 향남읍 행정중앙2로38


1424care.com

5대보험, 퇴직금 적립해드림",퇴직금,고용보험 산재보험 건강보험 국민연금,2026-07-27,,6.5,5.0,18.0,7.4,20.0,7.0,63.9,C
H954202607270316,"제일스카이차,크레인","고소작업차, 스카이차 운전원모집, 초보자, 경력자우대",화물차·특수차 운전원,무관,관계없음,상용직,월급 / 255만원 ,경기 평택시2층,,(근무시간) (오전) 8시 00분 ~ (오후) 5시 00분,주6일근무,48,마감일 (2026-09-24),방문 우편 팩스 고용24 입사지원,이력서 자기소개서 경력증명서 ,031-646-1269,운수,"1~3.5톤 스카이장비 고소작업차 기사 모집합니다.

- 운전면허증, 스틱운전 (1종 보통이상) - 필수
- 화물운송종사자격증 - 필수
- 이동식크레인 고소작업대 조종작업자격증 - 필수
- 건설업기초보건이수증

차고지는 평택이며
평택외 인근 지역은(경기,충청) 이동을 해서 고소작업을 합니다.

초보자인경우 필수서류가 준비되어 있어야 지원가능하며
경력자 우대입니다.",퇴직금,고용보험 산재보험 건강보험 국민연금,2026-07-27,,11.5,5.0,20.0,7.4,20.0,7.0,70.9,B
H954202607270042,장솔노인복지센터,송파 경찰병원근처 4등급 89세 할머니 재가 요양사 구함,재가 간병인,무관,관계없음,상용직,시급 / 10320원 ,서울 송파구5층,,(근무시간) (오후) 1시 ~ (오후) 4시 00분,주5일근무,,마감일 (2026-09-24),방문   ,이력서   ,02-3282-9233,방문요양,"4등급 89세 독거 할머니 식사제공 걷기운동 
근무시간 : 주5일. 오후1시-4시 (3시간)
근무장소 : 서울특별시 송파구 동남로13길 32 (가락동, 가락그랑밸리) 5층",퇴직금,고용보험 산재보험 건강보험 국민연금,2026-07-27,,5.0,5.0,18.0,7.4,16.0,7.0,58.4,C
H954202607270070,고덕재가복지센터,요양보호사 선생님 구합니다.,재가 간병인,무관,관계없음,상용직(시간제),시급 / 10320원 ,경기 평택시신일연립,,(근무시간) (오전) 9시 00분 ~ (정오) 12시 00분,주5일근무,15,마감일 (2026-09-24),방문 고용24 입사지원 기타 ,이력서 기타  ,031-646-1043,.,"어르신 케어해주실 요양보호사 선생님을 구합니다. 
근처 거주자 환영 !

1. 신체 활동 지원
2. 식사 준비 및 제공
3. 말 벗

▶시급 : 13,000원이상 (주휴 수당, 기타 수당 포함) 
▶근무시간 : 오전, 오후 협의 가능 ( 근무시간협의가능)",퇴직연금,고용보험 산재보험 건강보험 국민연금,2026-07-27,,6.5,5.0,18.0,7.4,20.0,7.0,63.9,C
H954202607270010,은화케어센터,은화케어센터(노인전문요양원) 요양보호사 모집,간병인(재가 제외),무관,관계없음,상용직,월급 / 241만원 ,경기 평택시,,"주간:09:00-18:00 (휴식시간1시간)
야간:18:00-09:00 (휴식시간6시간)
주간 야간 ",주5일근무,40,마감일 (2026-09-24),방문 우편 팩스 고용24 입사지원,이력서   ,031-646-1229,노인의료복지,입소어르신 일상생활 케어 및 프로그램 보조,퇴직연금,고용보험 산재보험 건강보험 국민연금,2026-07-27,,5.0,5.0,20.0,7.4,20.0,7.0,64.4,C
H954202607270212,SH콘크리트,"콘크리트 벽돌,블록 단순 생산직 모집",제조 단순 종사원,무관,관계없음,상용직,월급 / 270만원 - 면접 후 협의가능 ,경기 고양시,,"평일:06:00~15:00 토요일:06:00~15:00
- 상기 근무에 대한 급여이며 조정 가능하오",주6일근무,42,마감일 (2026-09-24),고용24 입사지원   ,이력서   ,031-920-3930,"벽돌 , 블록","콘크리트 벽돌,블록 생산직
지게차 가능자 우대
보일러및 골재 관리
주변 정리 및 청소",퇴직금,고용보험 산재보험 건강보험 국민연금,2026-07-27,,6.5,5.0,20.0,7.4,20.0,7.0,65.9,C
H954202607270029,Q우리 노인주야간 보호센터,Q우리노인주간보호센터 요양보호사 선생님를 구합니다.^^,간병인(재가 제외),무관,관계없음,상용직,월급 / 216만원 ,경기 광주시2층,,(근무시간) (오전) 9시 00분 ~ (오후) 6시 00분,주5일근무,40,마감일 (2026-09-24),방문 우편 팩스 고용24 입사지원,이력서 자기소개서  ,031-799-2703,주야간보호센터,"Q우리노인주간보호센터에서 밝은 분위기로 함께 하실 요양보호사 선생님을 구합니다~~^^

근무시간 : 09:00~18:00
근무형태 :  주5일 이며  토요일 근무시 평일 하루 휴무입니다.
경력조건 : 신입, 경력 상관없습니다~
기타 : 차량 송영 (자차환영)가능자 우대합니다.(운전필수!!!!)

#  어르신에 대한 공경심과 성실한 근무 태도를 가지신 분 환영합니다.^^",퇴직연금,고용보험 산재보험 건강보험 국민연금,2026-07-27,,10.0,5.0,20.0,7.4,20.0,7.0,69.4,C
H954202607270046,가은재활주야간보호센터,가은재활주야간보호센터 요양보호사 모집,간병인(재가 제외),무관,관계없음,상용직,월급 / 216만원 ,경기 남양주시가은재활주야간보호센터,,(근무시간) (오전) 8시 00분 ~ (오후) 6시 00분,주5일근무,40,마감일 (2026-09-24),방문 고용24 입사지원  ,이력서   ,031-560-1965,주야간보호센터,"1. 채용분야 : 요양보호사 1명
2. 지원자격 
가. 요양보호사 자격증 소지자
나.케어포 및 운전가능자 
다. 주야간보호 이용 어르신 신체활동 지원,인지관리 및 의사소통, 프로그램 진행 등
- 주야간보호 요양급여 제공기록 및 서비스 제공
- 근무시간 : 08:00 ~ 18:00 / 주5일근무 (휴게시간 12:30~14:30 2시간)",퇴직연금,고용보험 산재보험 건강보험 국민연금,2026-07-27,,8.0,5.0,20.0,7.4,20.0,7.0,67.4,C
H954202607270074,맑은샘요양원II,요양보호사 주간 근무자를 모십니다.,간병인(재가 제외),무관,관계없음,상용직,월급 / 256만원 ,경기 안산시,,(근무시간) (오전) 8시 00분 ~ (오후) 6시 00분,주5일근무,40,마감일 (2026-09-24),방문 고용24 입사지원  ,이력서   ,031-412-6914,요양시설,"*요양보호사 업무


*근무시간
주간근무자
08:00-18:00
(휴게시간1시간)",퇴직연금,고용보험 산재보험 건강보험 국민연금,2026-07-27,,6.5,5.0,20.0,7.4,20.0,7.0,65.9,C
H954202607270056,푸른솔재가복지센터,요양보호사 모집,재가 간병인,무관,관계없음,상용직(시간제),시급 / 10320원 ,경기 남양주시,,(근무시간) (오후) 2시 00분 ~ (오후) 5시 00분,주5일근무,15,마감일 (2026-09-24),기타   ,이력서   ,031-560-1965,재가요양보호,"요양보호사 1명 모집 합니다.

자격 : 요양보호사 자격증 소지자(치매이수한 자)
경력 :  관계 없으나 경험자면 좋음
근무내용 : 5등급 80대 어르신,
    - 주 5일 (월~금)/ 일 3시간 근무 (근무시간: 오후 2시~오후 5시)
    - 인지활동, 가사 및 일상생활지원 등
    - 개인 위생은 본인이 함.
    - 희망자는 사무실 연락 또는 방문하여 면접 후 이용인과 대면 상담 후 채용

시급 : 13,200원 (기본급+주휴수당 등 기타수당 포함)
환경 : 단독주택
방문요양 급여제공 장소 : 남양주시 수동면 외방리
교통편 : 자가용 용이함. 대중교통 이용 가능.",퇴직금,고용보험 산재보험 건강보험 국민연금,2026-07-27,,11.5,5.0,18.0,7.4,20.0,7.0,68.9,C
H954202607270002,지안요양원 계산점,지안요양원 계산점 요양보호사 채용,간병인(재가 제외),무관,관계없음,상용직,월급 / 216만원 ,인천 계양구7층,,(근무시간) (오전) 9시 00분 ~ (오후) 6시 00분,주5일근무,40,마감일 (2026-09-24),고용24 입사지원   ,이력서   ,032-540-5740,요양원,"？？？ 주요업무 (요양보호사 업무)
신체활동 지원
식사 및 목욕 서비스
이동 및 기본동작 지원
정서지원 및 대화 서비스
체위변경 및 욕창 예방
생활환경 정리 및 위생관리

？？ 자격요건
？ 학력무관
？？요양보호사？자격을？보유하신？분
？？대인소통이？원활하고？성실하신？분

？？ 우대사항
？？요양원 경력자 우대

？？ 근무조건
？ 고용형태 : 정규직
？ 급여 : 월급 216만원 (주간근무)
？ 근무지 : 인천 계양구 오조산로57번길 11-1 강남모던빌 7층 (구 강남요양원)
？ 근무요일/시간 : 주간 기본
                 주간 : 09시~18시 (8시간), 
                 휴게시간 - 주간 1시간, 

？？ 복지 및 혜택
？？명절상여？(구정,？추석)？연2회？각？10만원
？？여름휴가비？지원？10만원
？？건강검진비？지원？10만원
？？생일축하비？5만원
？？분기별？우수직원？포상
？？자기계발비？지원
？？개인직무역량？강화를？위한？다양한？교육의？기회？제공
상기는？현재운영중인？복지혜택이며,？복지？혜택은？근로자의견을？수렴하여？다양하게？확대할？예정입니다.",퇴직금,고용보험 산재보험 건강보험 국민연금,2026-07-27,,16.0,5.0,20.0,7.4,20.0,7.0,75.4,B
H954202607270466,현대자원산업주식회사,[생산관리부]현장운영 공무팀 관리직 모집[대리급 이상](지게차 필수),재활용 처리장치 조작원,경력,고등학교,계약직,월급 / 400만원 - 면접 후 협의가능 ,경기 화성시,,"근무시간 07:30~17:30
휴게시간 09:30~10:00 / 12:00~13:00 / 15:00~15:30
(공통)토요일 ",주5일근무,40,마감일 (2026-09-24),고용24 입사지원   ,이력서 자기소개서 경력증명서 ,031-290-0823,"금속캔(철캔,알루미늄캔) 및 고철, 비철, 파지 등 자원을 수집하여 가공 납","[모집직무]

현장운영·생산관리·공무팀 관리직

[직무소개]

현대자원산업은 알루미늄캔 등 재활용 자원을 수거·선별·가공하는 재활용 전문 업체입니다.
본 직무는 생산·출하·물류 업무를 관장하며 데이터를 관리하고, 현장 설비 및 기계 조작을 지원하는 업무입니다.
공무팀 성격의 관리 업무를 수행하되, 회사 현장 상황에 따라 입고·출고·선별·정리 등 현장 업무도 함께 지원할 수 있는 분을 모집합니다.

[자격요건]

채용인원
총 1명
경력직·대리급 이상 1명

[주요업무]
입출고 상하차
생산 데이터 관리
출하 데이터 관리
물류 및 입출고 데이터 관리
설비 조작 및 기계 조작
현장 설비 점검 및 운영 보조
원재료 입고품 및 출고품 품질 검수
현장 정리 및 안전관리 보조
작업 현황 보고 및 부서 간 업무 협의

[자격요건]

학력: 고졸 이상
경력: 경력자
직급: 대리급 이상 우대
기본적인 엑셀 및 데이터 입력 가능자
현장 업무와 관리 업무를 함께 수행할 수 있는 분

[우대사항]
지게차 운전 가능자(필수)
지게차운전기능사 자격증 소지자(이수증 필수, 자격증 우대)
재활용업, 고철·비철, 물류, 제조업 현장 경험자
설비 조작, 기계 조작, 공무 업무 경험자
생산·출하·물류 데이터 관리 경험자
장기근무 가능자
인근지역 거주자",퇴직연금,고용보험 산재보험 건강보험 ,2026-07-27,,17.5,5.0,20.0,7.4,20.0,7.0,76.9,B
H954202607270179,은화케어센터,은화케어센터(노인전문요양원) 간호조무사 모집,간호조무사,무관,관계없음,상용직,최소연봉 / 2640만원 ,경기 평택시,,"(근무시간) (오전) 9시 00분 ~ (오후) 6시 00분
주5일 근무
(주말 근무 포함 상",주5일근무,40,마감일 (2026-09-24),방문 우편 팩스 고용24 입사지원,이력서   ,031-646-1207,노인의료복지,시설내 어르신 건강관련 업무 및 행정 사무관련 업무,퇴직연금,고용보험 산재보험 건강보험 국민연금,2026-07-27,,6.5,5.0,20.0,7.4,20.0,7.0,65.9,C
H954202607270530,대교뉴이프 데이케어센터 인천미추홀센터,대교뉴이프 인천미추홀센터 요양보호사 모집,간병인(재가 제외),무관,관계없음,상용직,시급 / 10320원 ,인천 미추홀구2층 대교뉴이프,,(근무시간) 7:40~16:40 / 8:10~17:10 / 09:00~18:00 근무표에 따른 근무시간 배정,주5일근무,,마감일 (2026-09-24),고용24 입사지원   ,이력서   ,032-460-4940,노인 요양 복지시설 운영업,"대교뉴이프 인천미추홀센터는 어르신 한 분 한 분을 가족처럼 존중하며 돌보고 있습니다.

어르신을 진심으로 대하고, 동료들과 함께 협력하며 밝은 분위기 속에서 오래 함께 성장할 수 있는 선생님을 기다립니다. 성실함과 따뜻한 마음을 가진 선생님의 많은 지원 바랍니다.

[담당업무]
- 어르신 케어 및 일상생활 지원
- 프로그램 진행 및 보조
- 급여제공기록 작성
- 센터 환경정리 및 운영 지원
- 송영업무(필요시)

[자격요건]
- 요양보호사 자격증 소지자
- 운전면허 소지자(실 운전가능)

[우대사항]
- 주야간보호센터 실무 2년이상 경력자 혹은 유관업무 경력자
- 스타리아 운전 가능자
- 인근 거주자",퇴직연금,고용보험 산재보험 건강보험 국민연금,2026-07-27,,17.5,5.0,18.0,7.4,16.0,7.0,70.9,B
H954202607271083,논현점 기아오토큐,자동차 정비 기사 채용합니다.,자동차 정비원,무관,관계없음,상용직,월급 / 260만원 - 면접 후 협의가능 ,서울 강남구기아오토큐 논현점,,(근무시간) (오전) 9시 00분 ~ (오후) 6시 00분,주6일근무,40,마감일 (2026-09-24),고용24 입사지원   ,이력서   ,02-3468-4902,자동차 정비서비스,자동차 정비,퇴직금,고용보험 산재보험 건강보험 국민연금,2026-07-27,,5.0,5.0,20.0,7.4,20.0,7.0,64.4,C
H954202607270163,썬앤문스퀘어주식회사,김포고촌 중고차매매단지 외곽청소 미화원 모집,청소원,무관,관계없음,계약직(시간제),월급 / 186만원 ,경기 김포시김포 국민차 매매단지,,"/ 주 5 일 근무 + 토, 일 7명이서 1명 씩 순번 근무
/ 월~금 : 07:30~16:00 (휴게 2.5",주5일근무,30,마감일 (2026-09-24),방문 기타  ,이력서   ,031-999-0921,비주거용 부동산 관리업,"**김포고촌 중고차매매단지 외곽청소 미화원 구인(고촌 아라뱃길 위치)
  고촌역 국민은행앞에서 16번 마을버스 이용하시거나 자차이용

* 중고 자동차매매단지 내 미화(분리수거 외곽청소 외 ) 업무
* 주말포함한 주 5 일 근무 (토, 일 7명이서 교대근무)월 1회 연차 사용
* 월~금 : 07:30~16:00 (휴게 2.5 시간: 휴계실있음) 휴일근무시(토, 일): 10:00~15:00 (휴게 1시간)
* 급여: 1,860,000원

 복지카드 소지자 우대함,",퇴직연금,고용보험 산재보험 건강보험 국민연금,2026-07-27,,11.5,5.0,20.0,7.4,20.0,7.0,70.9,B
H954202607270111,태화축산,농장가축사양원 구인,,신입,관계없음,상용직,월급 / 220만원 ,경기 파주시이천리10 ,,(근무시간) (오전) 7시 00분 ~ (오후) 6시 30분,기타,48,마감일 (2026-09-24),방문 고용24 입사지원  ,이력서 자기소개서  ,031-860-0411,양돈 (돼지),"양돈장가축사양관리,시설관리 등",퇴직금,고용보험 산재보험 건강보험 국민연금,2026-07-27,,6.5,5.0,20.0,7.4,15.0,7.0,60.9,C
H954202607270508,돌보미방문요양센터,요양보호사구함(2등급 여자어르신),재가 간병인,무관,관계없음,상용직,시급 / 10320원 ,서울 도봉구,,(근무시간) (오전) 9시 30분 ~ (오후) 1시 30분,주5일근무,,마감일 (2026-09-24),방문 기타  ,이력서   ,02-2171-1842,"방문요양, 방문목욕","-안방학동. 2등급여자어르신(부축하면 이동가능하심)
-신체, 정서, 일상생활 지원
-하루 2회 근무하실분
-1회 : 09:30-12:30(이외에 비급여근무 있음)
 2회 : 15:00-18:00(3시간)(주휴수당 등 포함 시 시급 13,500원)

*말 잘 듣는 영리한 강아지 있음
*오전/오후 따로 근무도 가능함(즉, 오전 오후 각각도 상관없다고 함)",퇴직연금,고용보험 산재보험 건강보험 국민연금,2026-07-27,,6.5,5.0,18.0,7.4,16.0,7.0,59.9,C
H954202607270007,지앤에스 주식회사,가평 골프장 락카 근무자 모집,"건물 청소원(공공건물,아파트,사무실,병원,상가,공장 등)",무관,관계없음,계약직,월급 / 216만원 ,경기 가평군현관사무실,,(근무시간) (오전) 5시 00분 ~ (오후) 2시 00분,주6일근무,48,마감일 (2026-09-24),   ,이력서   ,031-580-2956,골프장,"골프장 클럽하우스 내부 청소

조출(5:00~14:00)
마감(11:00~20:00)
교대근무

주 6일근무(공휴일휴무)",해당없음,고용보험 산재보험 건강보험 국민연금,2026-07-27,,5.0,5.0,20.0,6.2,20.0,4.0,60.2,C
H954202607270112,대경,생산직 채용,가구 제조원,신입,관계없음,상용직,월급 / 220만원 - 면접 후 협의가능 ,경기 김포시나동,,(근무시간) (오전) 8시 00분 ~ (오후) 5시 00분,주5일근무,40,마감일 (2026-09-24),방문   ,이력서 기타  ,031-999-0921,씽크및가구조립,"제조 단순직
기등공 보조",퇴직금,고용보험 산재보험 건강보험 국민연금,2026-07-27,,5.0,5.0,20.0,7.4,20.0,7.0,64.4,C
H954202607271733,(주)명성농산,가락시장 중앙청과에서 정직원 모집합니다.,지게차 운전원,경력,관계없음,상용직,월급 / 500만원 ,"서울 송파구서울시 송파구 양재대로 932 (가락동, 채소시장 2동 1층 251-1호(중도매인))",,(근무시간) (오후) 9시 30분 ~ (오전) 7시 30분,주6일근무,48,마감일 (2026-09-24),기타   ,기타   ,02-2142-8964,"농수산물 유통, 수출","가락시장 중앙청과 채소2동 (주)명성농산에서 함께할 직원을 구합니다.

주요품목: 양파

주요업무 :
매장 재고 관리 및 시장내 양파 배송
수출 품목 포장 및 팔렛 적재

근무시간: (오후) 09시 30분 ~ (오전) 7시 30분 (주 6일, 일요일 밤~토요일 오전까지)

급여: 세전 500만원 (식대포함, 수습기간 2주)

시장 경력, 나이, 거주 지역 문자 남겨주시면 연락 드리겠습니다.
공일공-3075-6235",퇴직금,고용보험 산재보험 건강보험 국민연금,2026-07-27,,13.0,5.0,20.0,7.4,20.0,7.0,72.4,B
H954202607270405,현대자원산업주식회사,[생산관리부]알루미늄캔 재활용품 제조라인 현장관리(지게차 필수),화학·환경·에너지 분야 단순 종사원,경력,관계없음,계약직,월급 / 330만원 - 면접 후 협의가능 ,경기 화성시,,"(오전) 7시 00분~(오후) 5시 30분
(오전) 9시 30분~(오전) 10시 휴게시간
(정오) 1",주5일근무,40,마감일 (2026-09-24),고용24 입사지원   ,이력서 자기소개서 경력증명서 ,031-290-0823,"금속캔(철캔,알루미늄캔) 및 고철, 비철, 파지 등 자원을 수집하여 가공 납","[모집직무]
재활용 현장관리 및 지게차 운전

[직무소개]
현대자원산업은 알루미늄캔을 수거하여 선별 가공을 통해 재활용 원자재를 생산하는 전문 업체입니다.
본 직무는 사업장 내에서 지게차 운용, 상·하차, 물류관리, 현장 정리, 선별·가공 보조 등 재활용 현장의 전반적인 업무를 담당하는 직무입니다.
성실하게 현장 업무를 수행하고, 장기적으로 현장 운영을 함께 관리해 나갈 분을 모집합니다.

[주요업무]
기능별 지게차 운용
알루미늄캔 재활용품 포장
알루미늄캔 재활용품 입출고 보조
재활용품 선별·분류 및 현장 정리
압축기, 컨베이어 등 현장 설비 운전 보조
작업장 청결 유지 및 안전관리 보조
입출고 물류관리 및 현장 보고

[우대사항]
지게차 운전 가능자
지게차운전기능사 자격증 보유자
재활용업, 고철·비철, 물류, 제조업 현장 근무 경험자
장기 근무 가능자
현장 업무에 성실하고 책임감 있는 분
경기도 화성시 남양읍 인근지역 거주자",퇴직연금,고용보험 산재보험 건강보험 국민연금,2026-07-27,,19.0,5.0,20.0,7.4,20.0,7.0,78.4,B
H954202607270055,(주)엔비전스,(주)엔비전스 북촌 어둠속의대화展 시각장애인 전문 가이드 채용 공고 (시각장애인 채용),"박물관,미술관,문화,역사,자연환경 등 각종 해설사",무관,관계없음,계약직,최소연봉 / 2000만원 ,서울 종로구,,"주 24시간 근무 (1일 8시간)
※ 주말 및 공휴일 근무 필수
※수습기간 3개월 포",기타,24,마감일 (2026-09-24),기타   ,이력서 자기소개서  ,02-2004-7323,공연전시기획 / 정보접근성컨설팅,"-어둠속의대화 시각장애인 전문 가이드
-시각장애인 지원 가능
-주말, 공휴일 근무 필수
-근무시간 로테이션
-주3일 근무
-자세한 문의는 1877-6145 대표번호로 연락부탁드립니다.",퇴직금,고용보험 산재보험 건강보험 국민연금,2026-07-27,,6.5,5.0,20.0,7.4,15.0,7.0,60.9,C
H954202607270262,평택 미영상 의학과의원,"평택병원원무, 평택병원접수, 평택병원행정",,무관,관계없음,상용직(시간제),월급 / 170만원 ,경기 평택시현진빌딩2층,,"월요일,금요일 09:00-14:30 (휴게시간 13:00~13:30분)
화요일,수요일 09:00-18:00 (휴",주5일근무,31,마감일 (2026-09-24),방문 기타  ,이력서   ,031-646-1269,피부관리,병원접수 및 원무행정업무,퇴직금,고용보험 산재보험 건강보험 국민연금,2026-07-27,,6.5,5.0,20.0,7.4,20.0,7.0,65.9,C
H954202607270071,운천한마음주간보호,주간보호 요양보호사 모집,간병인(재가 제외),무관,관계없음,상용직,월급 / 216만원 ,경기 포천시운천한마음주간보호,,(근무시간) (오전) 8시 00분 ~ (오후) 5시 00분,주5일근무,40,마감일 (2026-09-24),방문 고용24 입사지원  ,이력서 자기소개서 기타 ,031-828-0922,주간보호,"주간보호소 요양보호사 구합니다.

시간 : 오전 8시 - 오후 5시
근무일 : 주 5일
업무 : 어르신들 케어 및 청소
학력: 무관
급여 : 협의
필수조건 :  요양보호사 자격증 보유
*올해 건강검진서, 범죄경력회보서 필수지참(미보유시 건강검진 필수)",퇴직금,고용보험 산재보험 건강보험 국민연금,2026-07-27,,6.5,5.0,20.0,7.4,20.0,7.0,65.9,C
H954202607270064,화영일렉콤(주),kt무선중계기 전기공사업체 인천공항 전기공사 인력 모집,내선 전기공(건물 내 전기공사원),경력,관계없음,상용직,월급 / 250만원 - 면접 후 협의가능 ,경기 부천시,,(근무시간) (오전) 8시 00분 ~ (오후) 6시 00분,주5일근무,40,마감일 (2026-09-24),고용24 입사지원   ,이력서   ,032-320-8905,"전기공사, 통신공사, 신재생 에너지 사업","이동통신 및 전기공사 시공 인력 모집

현재 kt 무선중계기 전기공사 수행중으로 이동통신 및 전기공사 경력자 사원 모집합니다.

공사 현장은 경기도 인천 지역 빈번하여 창고와 가까운 인천 부천 시흥 광명 지역 우대합니다.

건물옥상 전기실까지 전기배관공사 합니다
 
* 주 5일제 근무
* 중식제공
* 4대보험 가입 및 퇴직금 (1년이상근무)",퇴직금,고용보험 산재보험 건강보험 국민연금,2026-07-27,,5.0,6.2,20.0,7.4,20.0,7.0,65.6,C
H954202607270596,디자인 도트,인테리어 영업 및 마케팅 전문가를 모십니다.,인테리어 디자이너,무관,관계없음,상용직,월급 / 250만원 ,경기 고양시,,(근무시간) (오전) 9시 00분 ~ (오후) 6시 00분,주5일근무,40,마감일 (2026-09-24),고용24 입사지원   ,이력서 자기소개서  ,031-920-3932,"도배, 실내 장식 및 내장 목공사업","직무내용
[모집직무]
인테리어 영업 및 SNS 마케터

[직무소개]
우리 회사는 매력적인 인테리어 디자인을 제공하며 다양한 고객의 니즈를 충족시키는 데 힘쓰고 있습니다. 본 채용은 인테리어 브랜드를 강화하고 고객과의 소통을 활성화하기 위해 전략적인 마케팅을 담당하는 인재를 모집합니다.

[주요업무]
- 회사 브랜드 인지도 제고",퇴직금,고용보험 산재보험 건강보험 국민연금,2026-07-27,,8.0,6.2,20.0,7.4,20.0,7.0,68.6,C
H954202607270008,으뜸노인복지센터,월곶 풍림2차 재가 요양보호사 구함,재가 간병인,무관,관계없음,상용직(시간제),시급 / 10320원 ,경기 시흥시,,(근무시간) (오전) 8시 00분 ~ (오전) 11시 00분,주5일근무,15,마감일 (2026-09-24),팩스   ,기타   ,031-496-1912,방문요양,"- 독거여자어르신- 4등급
 
- 일상생활지원 -
- 힘든일 없음.
- 주3회 도시락배달 국,찌게정도
- 거동가능하며 기저귀케어 없음.
- 조용하시고 성품이 좋음

-  08:00~11:00


-13,000원(기본시급10,320+주휴수당+연차수당포함)",퇴직연금,고용보험 산재보험 건강보험 국민연금,2026-07-27,,6.5,5.0,18.0,7.4,20.0,7.0,63.9,C
H954202607270050,화영일렉콤(주),kt무선중계기 전기공사업체 전기 공사 인력 모집,내선 전기공(건물 내 전기공사원),무관,관계없음,계약직,월급 / 250만원 - 면접 후 협의가능 ,경기 부천시,,(근무시간) (오전) 8시 00분 ~ (오후) 6시 00분,주5일근무,40,마감일 (2026-09-24),고용24 입사지원   ,이력서   ,032-320-8905,"전기공사, 통신공사, 신재생 에너지 사업","이동통신 및 전기공사 시공 인력 모집

현재 kt 무선중계기 전기공사 수행중으로 이동통신 및 전기공사 경력자 사원 모집합니다.

공사 현장은 경기도 인천 지역 빈번하여 창고와 가까운 인천 부천 시흥 광명 지역 우대합니다.

건물옥상 전기실까지 전기배관공사 합니다
 
* 주 5일제 근무
* 중식 제공
* 4대보험 가입 및 퇴직금 (1년 이상근무)",퇴직금,고용보험 산재보험 건강보험 국민연금,2026-07-27,,5.0,6.2,20.0,7.4,20.0,7.0,65.6,C
H954202607270291,평택 미영상 의학과의원,평택 피부관리사,메이크업 아티스트 및 분장사,경력,관계없음,상용직(시간제),월급 / 300만원 ,경기 평택시,,"(근무시간) 월-목 10시 00분~20시 00분
월-목  휴게시간 13:30-14:00, 17:00-17:30",주5일근무,35,마감일 (2026-09-24),방문 기타  ,이력서   ,031-646-1269,피부관리,"피부관리, 바디관리, 홍보",퇴직금,고용보험 산재보험 건강보험 국민연금,2026-07-27,,6.5,5.0,20.0,7.4,20.0,7.0,65.9,C
H954202607270193,늘푸른요양원,요양보호사 모집합니다.(야간),간병인(재가 제외),무관,관계없음,상용직,월급 / 230만원 - 면접 후 협의가능 ,경기 김포시늘푸른요양원,,(근무시간) (오후) 8시 00분 ~ (오전) 9시 00분,주5일근무,40,마감일 (2026-09-24),고용24 입사지원   ,이력서   ,031-999-0920,입소 어르신 건강유지 및 케어,요양원 어르신의 전반적인케어,퇴직금,고용보험 산재보험 건강보험 국민연금,2026-07-27,,5.0,5.0,20.0,7.4,20.0,7.0,64.4,C
H954202607271054,무풍(주),안전하고 편안한 아파트 생활을 위한 든든한 경비원을 모집합니다.,아파트·빌라 경비원,무관,관계없음,계약직,월급 / 290만원 ,경기 용인시,,(근무시간) (오전) 7시 00분 ~ (오전) 7시 00분,기타,48,마감일 (2026-09-24),방문 고용24 입사지원  ,이력서   ,031-496-1912,,"담당업무

- 아파트 경비업무



근무시간

- 2조 격일제 주간 2시간 / 야간 4시간 (격일근무)

*지원 및 문의는 ☎031-315-8614 로 연락주시기 바랍니다.",퇴직연금,고용보험 산재보험 건강보험 국민연금,2026-07-27,,9.5,5.0,20.0,7.4,15.0,7.0,63.9,C
H954202607270498,에스디에이테크놀로지(주),PCB 생산직 정규직 사원 채용 공고,PCB 부품·제품 조립·검사원,무관,관계없음,상용직,시급 / 10320원 ,인천 미추홀구타이거일렉,,"(오전) 08시 30분~(오후) 17시 30분 (o.t 18:00 ~ 20:30)

(야간) 20시 30분~(오전) 05시",주5일근무,,마감일 (2026-09-24),고용24 입사지원   ,이력서   ,032-460-4940,인쇄회로기판(완제품)제조,"[직무내용] PCB 제조라인 생산직(드릴, 인쇄, 동도금, 금도금)
즉시출근자 및 장기근무자 우대
외국인 F4 가능<2교대> 주52시간 적용 : 잔업순환근무
주간조 : 08:30~17:30 (O.T 20:30)
야간조 : 20:30~05:30 (O.T 08:30)


[근무시간 및 형태]
근무 (2교대)   
(오전) 08시 30분~(오후) 17시 30분 (o.t 18:00 ~ 20:30)

(야간) 20시 30분~(오전) 05시 30분 (o.t 06:00 ~ 08:30)    
 [급여조건]
- 시급  10,030원 이상 (동도금 및 금도금(수동)파트는 10,000원/시급)

- 상여금 100% (수습기간종료후)

- 야특근 수당   

- 제수당 별도(근속,부서,직책수당 등)

- 수습 3개월 적용

- 식사 제공, 야간 근무자 식사 및 간식 제공
- 통근버스 운행(주안역, 주안국가산단역)
우대조건 : 인근거주자, 경력자 
[기타 우대내용]  
2교대 근무 가능자",퇴직연금,고용보험 산재보험 건강보험 국민연금,2026-07-27,,10.0,6.2,18.0,7.4,16.0,7.0,64.6,C
H954202607270214,송도교향악단,오감쑥쑥 선생님 모십니다,유치원 교사,무관,관계없음,상용직(시간제),시급 / 18000원 ,인천 남동구4층,,(근무시간) (오후) 3시 00분 ~ (오전) 8시 00분,주5일근무,25,마감일 (2026-09-23),고용24 입사지원   ,이력서 자기소개서  ,032-460-4837,악단,"아이들에게 사랑을 주실수 있는 오감쑥쑥 선생님 모십니다

송도교향악단은 예술매체 오케스트라를 통해 행복한 삶을 위한 사회복지 서비스를 제공하는 전문기관입니다？？.  

본 기관에서는 유아를 대상으로 하는 방문오감놀이  전문가 선생님을 아래와 같이 채용하고자 합니다.(인천시 지역사회서비스 오감쑥쑥) 아이들에게는 웃음을, 부모님들에게는 건강한 지원을 실행하는 의미 있는 사회사업에 함께 참여하실 진취적이고 적극적인 선생님들의 많은 참여를 바랍니다.

？1. ？？모집부분 및 응시자격？
 ？가. 모집부분？
？1) ？？오감놀이 강사: 교육대상 만3세~만6세 아동？
？？？- ？？주？？1？？회 놀이지도？？, ？？미술활동？？, ？？동화구연 교육이 가능한 자？
？？？- ？？수업진행 및 부모상담？？, ？？대상자관리？？, ？？관련행정업무？
？？？- ？？주？？1？？회 연구모임 및 회의참석 가능필수？
？？？- ？？자차소지 및 운전능숙하여 가정방문 수업에 차량활용이 가능한 자 ？
  
？나. 응시자격？
？？？* ？？아래 항목 중 (1)과 (2) 중 ？？1？？개 이상으로 경력증명서 증빙이 가능한 자？, (3)의 거주지 우선지역 인근으로 수업 배정
？？？  (1) 보육교사 자격증 소지자？
？  ？？？(2) 유치원정교사 자격증 소지자？？？
  (3) 인천시 서구/부평구/연수구/미추홀구/남동구/계양구/ 지원 가능
다. 담당업무 특성？？？
？？？1) 오감놀이 강사: 재가방문형으로 ？？1:1 또는？1:2？가정방문으로 프로그램 운영？
？？？2) 지역사회서비스투자사업 경력자 우대 ？
？2. 근무조건？？1) 근무시작시기 협의가능？
？2) 근무형태: ？정규직 
   ？？？- 정규직 
？？？   -근무요일 및 시간 협의 가능？(희망시 파트타임도 근무 가능)
？3) 4대 보험 적용 ？
 
？？？※ 월 1회, 매주 마지막 주 목요일 12:30분 연구모임 필수참석 가능한 자 
？3. 준비 서류？
？가. 이력서 (일반양식, 사진첨부)
나. 자기소개서, 졸업증명서, 관련자격증 사본, 경력증명서 
？4. 전형방법
？가. 응시원수 접수 : 상시 발송 가능 (songdopo@naver.com)
나. 2차 면접일정 : 서류합격자에 한해 개별진행
？5. 응시방법 : 이메일접수 
？가. 관련서류를 스캔하여 첨부파일로 전송
나. 이메일 확인 후 서류합격자에 한해 개별 면접일정 안내 
？6. 접수는 이메일 접수만 가능하며 문의사항은 센터로 문의바람",퇴직금,산재보험 건강보험 국민연금 ,2026-07-27,,17.5,5.0,18.0,7.4,20.0,7.0,74.9,B
H954202607240383,비티컴퍼스,제품 생산사원을 모집합니다.,기타 전자 부품·제품 조립·검사원,무관,관계없음,상용직,월급 / 230만원 ,경기 고양시삼송테크노밸리 비동 405호,,(근무시간) (오전) 9시 00분 ~ (오후) 6시 00분,주5일근무,40,마감일 (2026-09-23),고용24 입사지원   ,이력서 자기소개서  ,031-920-3943,"주차관제, 소프트웨어개발, SI공사업및 시스템통합, 의료관광서비스","- 제품 생산 및 기술지원

- 제품 출고",퇴직연금,고용보험 산재보험 건강보험 국민연금,2026-07-24,,6.5,7.4,20.0,7.4,20.0,7.0,68.3,C
H954202607240868,주식회사 미주,강화산단) 생산직 사원 채용,전기 부품·제품 조립·검사원,무관,관계없음,상용직,월급 / 216만원 ,인천 강화군3동,,"(근무시간) (오전) 8시 30분 ~ (오후) 5시 50분
(휴게시간) 12:00~13:00, 10:30~10:40, 1",주5일근무,40,마감일 (2026-09-23),고용24 입사지원   ,이력서   ,032-540-2034,"케이블릴, 멀티탭","업무내용
1) 제품 조립
2) 제품 포장 및 검수
3) 그 외 관련 업무",퇴직금,고용보험 산재보험 건강보험 국민연금,2026-07-24,,6.5,5.0,20.0,7.4,20.0,7.0,65.9,C
H954202607241146,용인레미콘 주식회사,안전관리 및 산업안전관리자 채용 안내,산업 안전원 및 위험물 관리원,경력,전문대학,상용직,월급 / 500만원 ,경기 용인시SK하이닉스 산업단지 내(실제주소:원삼면 독성리 539-1),,"주간근무 08:30~17:30
야간근무 18:00~익일 06:00
1주 단위로 주야 교대근무",주5일근무,40,마감일 (2026-09-23),고용24 입사지원   ,이력서 자기소개서  ,031-289-2215,레미콘 제조,"[모집직무]
산업안전 및 건설안전기사

[직무소개]
우리 회사는 SK하이닉스 산단내 레미콘제조현장 업체로서 SK현장내에서 안전을 책임지는 전문가를 모집합니다.

[주요업무]
- 산업 현장의 위험 요소 분석 및 관리
- 산업안전관련 법규 및 지침 준수
- 안전 교육 및 훈련 프로그램 기획 및 실행
- 안전사고 예방 및 대응 체계 구축
- 안전 관련 보고서 작성 및 관리",퇴직금,고용보험 산재보험 건강보험 국민연금,2026-07-24,,19.0,5.0,20.0,7.4,20.0,7.0,78.4,B
H954202607241110,한국주택시설관리(주),현대모닝사이드2차 아파트 미화원 구인,"건물 청소원(공공건물,아파트,사무실,병원,상가,공장 등)",경력,관계없음,계약직,월급 / 174만원 ,경기 광주시현대모닝사이드2차 아파트,,(근무시간) (오전) 8시 30분 ~ (오후) 3시 30분,주6일근무,31,마감일 (2026-09-23),팩스 고용24 입사지원  ,이력서   ,02-580-4917,아파트 및 건물관리,"현대모닝사이드2차 미화원 구인

1. 근무지
- 현대모닝사이드2차 아파트
- 경기도 광주시 오포읍 새말길 93

2. 근무시간 
    월~금 08:30~15:30 (휴게시간 12:00~13:00)
    토요일 오전 4시간 (3주에 1회)
   
3. 급여 : 월 1,740,000원
- 연차, 퇴직금 별도

4. 근무내용
- 아파트 공용부 청소

5. 필수 및 우대사항
- 아파트, 빌딩 미화 경력자 우대
- 인근 거주자 우대

5. 지원방법
- 워크넷 지원
- 이메일 지원 (007842600@yesvill.com)
- 팩스 지원(02-586-1876)

* 이메일이나 팩스지원 시 이력서 상단 또는 제목에 '현대모닝사이드2차 미화원 지원' 기재 필수

* 외근 및 업무량이 많아 핸드폰 문의 부탁드리겠습니다.",퇴직금,고용보험 산재보험 건강보험 국민연금,2026-07-24,,13.0,5.0,20.0,7.4,20.0,7.0,72.4,B
H954202607240327,세안산업,SUN그룹 (주)세안 Q/S팀 공정안전관리(PSM) 정규직 채용,산업 안전원 및 위험물 관리원,신입,전문대학,상용직,최소연봉 / 2900만원 - 면접 후 협의가능 ,인천 서해구주식회사 세안,,(근무시간) (오전) 8시 00분 ~ (오후) 5시 00분,주5일근무,40,마감일 (2026-09-23),고용24 입사지원   ,이력서 자기소개서 졸업증명서 경력증명서,032-540-2035,연료관 생산,"[모집직무]
공정안전관리(PSM)

[급여조건]
초대졸 신입 연봉 2,900만원 이상
경력에 따른 급여 협의

[직무소개]
우리 회사는 안전을 최우선으로 생각하는 부탄가스 제조업체입니다.  
본 채용은 공정안전관리(PSM) 전문가를 찾고 있습니다.

[주요업무]
- 공정안전관리(PSM
- 가스 관련 안전 교육 및 훈련
- 위험 상황 발생 시 대응 및 관리",퇴직연금,고용보험 산재보험 건강보험 국민연금,2026-07-24,,8.0,5.0,20.0,7.4,20.0,7.0,67.4,C
H954202607240081,(주)에이론,전기 및 기계 조작원 모집합니다.,전기 부품·제품 생산기계 조작원,신입,관계없음,상용직,월급 / 216만원 ,경기 포천시(용정리486),,(근무시간) (오전) 8시 00분 ~ (오후) 5시 00분,주5일근무,40,마감일 (2026-09-23),고용24 입사지원   ,이력서   ,031-828-0923,보온단열재,"제품 생산 및 기계 조작 


공고 졸업생 우대",퇴직금,고용보험 산재보험 건강보험 국민연금,2026-07-24,,5.0,5.0,20.0,7.4,20.0,7.0,64.4,C
H954202607240583,(주)에스앤에이,글로벌 시장 진출을 위한 다언어 영업 전문가를 모집합니다.,해외 영업원(중국어),경력,관계없음,상용직,월급 / 300만원 ,"경기 성남시비106, 비107, 비108, 비131호(시흥동, 판교아이티센터)",,(근무시간) (오전) 8시 30분 ~ (오후) 5시 30분,주5일근무,40,마감일 (2026-09-23),고용24 입사지원   ,이력서 자기소개서 졸업증명서 경력증명서,031-739-3190,아나로그 반도체 개발,"[모집직무]
해외 영업원(중국어), 해외 영업원(영어), 해외 영업원(기타 언어권)

[직무소개]
우리 회사는 글로벌 시장 확장을 위한 다양한 사업을 추진하고 있습니다.  
 해외 영업, 제품 판가관리, 대리점 운영을 주도하며, 중국어 가능한 대리급 인력을 채용합니다.

[주요업무]
- 해외 시장 조사 및 분석
- 지역 특성에 맞는 판로 개척 및 네트워킹
- 제품 가격 전략 수립 및 관리
- 해외 대리점 관리 및 협력
- 해외 고객과의 소통 및 계약 협상",퇴직연금,고용보험 산재보험 건강보험 국민연금,2026-07-24,,16.0,5.0,20.0,7.4,20.0,7.0,75.4,B
H954202607240211,고양센트럴요양병원,고양센트럴요양병원 미화팀 구인합니다.,"건물 청소원(공공건물,아파트,사무실,병원,상가,공장 등)",무관,관계없음,상용직,월급 / 216만원 ,경기 고양시,,평일 출근 7:00 퇴근 3:00  + 토요일  출근 07:00~12:00,주6일근무,40,마감일 (2026-09-23),팩스 고용24 입사지원  ,이력서 자기소개서  ,031-920-3914,요양병원,"경기도 고양시 덕양구에 위치한
고양센트럴요양병원은 200병상 규모의 재활중심의 요양병원입니다. 
미화팀 결원으로 인해 
함께 좋은 병원을 만들어 나갈 미화 선생님을 모시고자 하오니 많은 지원 바랍니다.


1) 모집분야

미화부

2) 근무조건

1. 주 6일 
평일 출근 7:00 퇴근 3:00  + 토요일  출근 07:00~12:00

3) 복리후생

1. 4대보험
2. 연/월차 (노동법에 근거한 일 수 보장)
3. 각 종 경조휴가
4. 생일자 상품권 지급
5. 부서별 간식비 지급",퇴직연금,고용보험 산재보험 건강보험 국민연금,2026-07-24,,11.5,5.0,20.0,7.4,20.0,7.0,70.9,B
H954202607240235,(주)홈스웰,[역삼동] 역삼 쌍용플래티넘밸류 미화원 모집,"건물 청소원(공공건물,아파트,사무실,병원,상가,공장 등)",무관,관계없음,계약직,월급 / 197만원 ,서울 강남구쌍용플래티넘밸류,,"평일08:00~16:00 (휴게시간 : 11:30-13:00)
토요일 08:00~12:00",주6일근무,36,마감일 (2026-09-23),기타   ,이력서   ,02-2155-6673,경비 미화 서비스업,"[역삼동] 역삼 쌍용플래티넘밸류 미화원 모집

- 근무시간 : 평일08:00~16:00 (휴게시간 : 11:30-13:00)
                토요일 08:00~12:00
- 급여 : 1,971,000원
- 문의 : 010-4702-4280",퇴직연금,고용보험 산재보험 건강보험 국민연금,2026-07-24,,5.0,6.2,20.0,7.4,20.0,7.0,65.6,C
H954202607240489,삼희건축사사무소,건축설계 인허가 담당 디자이너 채용,건축 제도사(캐드원),무관,관계없음,상용직,최소연봉 / 3000만원 - 면접 후 협의가능 ,경기 가평군,,(근무시간) (오전) 8시 30분 ~ (오후) 6시 00분,주5일근무,40,마감일 (2026-09-23),고용24 입사지원   ,이력서 자기소개서 졸업증명서 경력증명서,033-250-1911,"건축설계, 인테리어, 인허가 업무","[모집직무]
건축설계, 인허가  업무


[직무소개]
인허가 과정을 전담하는 디자이너를 모집하고 있습니다.

[주요업무]
- 건축 설계 인허가 서류 준비 및 제출
- 건축 관련 규정 및 지침 준수
- 업무 관련 자문 및 협의
- 인테리어 디자인 업무 참여 (선택 사항)",퇴직금,고용보험 산재보험 건강보험 국민연금,2026-07-24,,6.5,5.0,20.0,7.4,20.0,7.0,65.9,C
H954202607240511,하이리치자산관리(주),[힐스테이트 수지구청역]미화원 모집,"건물 청소원(공공건물,아파트,사무실,병원,상가,공장 등)",무관,관계없음,계약직,월급 / 188만원 ,경기 용인시힐스테이트수지구청,,"평일8:30-16:00(휴게1시간)
토요9:00-12:00",주6일근무,35,마감일 (2026-09-23),고용24 입사지원   ,이력서   ,031-463-0743,건물시설관리,"*오피스텔 미화1명구인
*미화 월1,883,400
평일8:30-16:00(휴게1시간)
토요9:00-12:00",퇴직연금,고용보험 산재보험 건강보험 국민연금,2026-07-24,,5.0,5.0,20.0,7.4,20.0,7.0,64.4,C
H954202607240517,하이리치자산관리(주),[동편마을3단지]아파트 미화원 모집,"건물 청소원(공공건물,아파트,사무실,병원,상가,공장 등)",무관,관계없음,계약직,월급 / 159만원 ,경기 안양시동편마을3단지,,"평일9:00-15:30(휴게1시간)
토요9:00-11:30",주6일근무,30,마감일 (2026-09-23),고용24 입사지원   ,이력서   ,031-463-0743,건물시설관리,"*아파트 미화
*평일5.5, 토요2.5시간 근무
*반장님과 먼저 통화후 진행",퇴직연금,고용보험 산재보험 건강보험 국민연금,2026-07-24,,5.0,5.0,20.0,7.4,20.0,7.0,64.4,C
H954202607240163,예주산업(주),아파트미화원모집 - 마포구 성산동 성산월드타운대림아파트,"건물 청소원(공공건물,아파트,사무실,병원,상가,공장 등)",무관,관계없음,계약직,월급 / 157만원 ,서울 마포구성산동,,09:00~15:30(휴게1)/09:00~12:00(격주토),주6일근무,29,마감일 (2026-09-23),기타   ,이력서   ,02-2670-3798,"청소, 시설경비, 위생관리, 시설관리, 노무관리, 주차관리외","아파트 공용부분 미화업무
09:00~15:30(휴게1)/09:00~12:00(격주토)
월 1,568,640원
전화문의 010-4222-0064(미화반장)",해당없음,고용보험 산재보험 건강보험 국민연금,2026-07-24,,6.5,5.0,20.0,6.2,20.0,7.0,64.7,C
H954202607240889,(주)듀델코리아,아파트미화원 구인,"건물 청소원(공공건물,아파트,사무실,병원,상가,공장 등)",무관,관계없음,계약직,월급 / 155만원 ,인천 서해구,,"08:30~15:00(휴게1시간), 토요일 08:30~11:30(격주토)",주6일근무,29,마감일 (2026-09-23),방문 기타  ,이력서   ,031-5186-3636,"경비업, 건물청소업","아파트 공용부분 미화업무 

08:30~15:00(휴게1시간), 토요일 08:30~11:30(격주토)
 월 1,548,000원
 - 복지카드 소지자 우대

전화문의 010-4369-9337(미화반장)",해당없음,고용보험 산재보험 건강보험 국민연금,2026-07-24,,6.5,5.0,20.0,6.2,20.0,7.0,64.7,C
H954202607270028,(주)니즈원,폐유정제기 영업 마켓팅 판매원으로 함께 성장해 나가요.,기계장비 기술영업원,경력,관계없음,상용직,월급 / 400만원 ,경기 시흥시시화공단3라827호,,(근무시간) (오전) 8시 00분 ~ (오후) 5시 00분,주5일근무,40,마감일 (2026-09-23),고용24 입사지원   ,이력서 자기소개서  ,031-496-1913,금형부품,"[모집직무]
폐유·재생유 처리 제어장치 조작원, 해외 영업원(영어), 제품 영업원

[직무소개]
일본 금형부품 제조 및 수출 업체인 우리 회사는새로운 비지니스 모델 구출 일환으로 폐유정제기의 수출 및 판매를 위한 영업 마켓팅 담당자를 모집합니다.

[주요업무]
- 폐유정제기의 국내외 시장 조사 및 분석
- 잠재 고객 발굴 및 관계 구축
- 제품 홍보 및 마케팅 전략 수립
- 계약 협상 및 판매 계약 체결
- 고객과의 원활한 소통 및 서비스 제공",퇴직연금,고용보험 산재보험 건강보험 국민연금,2026-07-27,,16.0,5.0,20.0,7.4,20.0,7.0,75.4,B
H954202607240736,주식회사 민병산업,사무직 사원 모집 (cad 가능자),기계·금속 제도사(캐드원),신입,관계없음,상용직,월급 / 216만원 ,인천 부평구,,(근무시간) (오전) 9시 00분 ~ (오후) 6시 00분,주5일근무,40,마감일 (2026-09-23),고용24 입사지원   ,이력서   ,032-540-5815,안전 인증,"CAD 및 일반 사무(서류 작업) 신입 직원 모집합니다.

업무 내용CAD 및 서류작업 

*필수조건*

AutoCAD 가능자

기본적인 컴퓨터 활용 능력 필요( 한글, Excel 등 문서 작성 가능자)


식사제공, 자율복장",퇴직금,고용보험 산재보험 건강보험 국민연금,2026-07-24,,6.5,5.0,20.0,7.4,20.0,7.0,65.9,C
H954202607240198,(주)이오티앤디,"[전농 SK아파트] 아파트 경비원 구인/격일근무: 06:00~06:00/ 월 2,510,000만원","건물 청소원(공공건물,아파트,사무실,병원,상가,공장 등)",무관,관계없음,계약직,월급 / 251만원 ,서울 동대문구,,"격일근무: 06:00~06:00/휴게시간 주간: 12:00-13:30/야간 23:00-05:00, 18:00-19:30",기타,30,마감일 (2026-09-23),방문   ,이력서 기타  ,02-2127-4920,주택관리업,"- 전농 SK아파트
- 격일근무: 06:00~06:00/휴게시간 주간: 12:00-13:30/야간 23:00-05:00, 18:00-19:30
- 월 2,510,000만원",퇴직금,고용보험 산재보험 건강보험 국민연금,2026-07-24,,5.0,5.0,20.0,7.4,15.0,7.0,59.4,C
H954202607241160,경희재활요양원,[경희재활요양원] 조리사를 모십니다,,경력,관계없음,상용직,일급 / 150000원 - 면접 후 협의가능 ,경기 화성시,,(근무시간) (오전) 6시 30분 ~ (오후) 6시 00분,기타,,마감일 (2026-09-23),고용24 입사지원   ,이력서   ,031-290-0823,.,"？	입소 어르신 식사 준비 및 조리 (아침, 점심, 저녁)
	？	식재료 손질 및 보관 관리
	？	배식 준비 및 배식 보조
	？	식기 세척 및 주방 청결 유지
	？	위생관리 기준에 따른 주방 위생 관리
	？	식자재 재고 확인 및 간단한 발주 보조
	？	조리실 및 주방 기기 관리
	？	“단체급식 또는 요양시설 조리 경험자 우대”
	？	“책임감 있고 성실하게 근무하실 분 환영”
	？      퐁당당으로 근무하여 1달 10일 출근 입니다.
파트타임 가능합니다.",퇴직금,고용보험 산재보험 건강보험 국민연금,2026-07-24,,13.0,5.0,18.0,7.4,11.0,7.0,61.4,C
H954202607240618,(주)에코그린티엠,여주 오드카운티아파트 외곽 미화원 채용,배관 세정원 및 방역원,무관,관계없음,상용직(시간제),시급 / 10320원 ,경기 여주시,,직무내용 참조,주5일근무,29,마감일 (2026-09-23),방문   ,이력서   ,031-887-2692,"위탁관리업, 주택관리업","- 아파트 외곽 미화 
- 주 6일근무 평일 (08:30~15:00(11:50~13:10) / 토요일 08:30~12:30 격주

- 월 1,619,500원(복지카드 소지자- 수당 5만원 별도 지급)",퇴직금,고용보험 산재보험 건강보험 국민연금,2026-07-24,,5.0,5.0,18.0,7.4,20.0,7.0,62.4,C
H954202607240159,삼양알엠씨(주),에스와이삼양알엠씨(주) 영업부 직원 모집,기술 영업원,무관,관계없음,상용직,최소연봉 / 3500만원 ,경기 김포시,,(근무시간) (오전) 8시 00분 ~ (오후) 5시 00분,주5일근무,40,마감일 (2026-09-23),팩스   ,이력서 자기소개서 졸업증명서 경력증명서,031-999-0921,레미콘 제조 및 도소매,레미콘 영업직,퇴직연금,고용보험 산재보험 건강보험 국민연금,2026-07-24,,5.0,6.2,20.0,7.4,20.0,7.0,65.6,C
H954202607240407,주식회사 이노플랜트,집진기(대기환경장치) 캐비넷 판금 설계(제도사) 및 외주 관리직 외,기계·금속 제도사(캐드원),경력,고등학교,계약직,월급 / 360만원 ,경기 시흥시1사 302-1호,,(근무시간) (오전) 8시 00분 ~ (오후) 5시 00분,주5일근무,40,마감일 (2026-09-23),고용24 입사지원   ,이력서 자기소개서 경력증명서 ,031-496-1914,"집진기제작및설치,임대업","*** 실업급여 수급을 위한 입사지원은 피해주시기 바랍니다. ***

< 채용분야 >
집진기(대기환경장치-기체여과기) 판금 설계(제도사) 및 외주업체관리 외
-> 설계 프로그램 : DraftSight 이용

< 직무내용 >
1. 집진기 캐비넷(판금) 설계원(제도사)
-> (필수사항) 집진기(대기환경장치) 판금 설계 경력자
2. 외주 업체 관리 직무
3. 내외근직 유선 상담자 가능자

< 우대조건 >
- 대기분야방지시설업 관련 기사 혹은 기술사 자격증 보유자 우대
- 차량소지자 
- 운전가능자(1종보통소유자-필수)
- 장기근속 가능자

< 근무조건 > 
- 근무지 주소 : 경기도 시흥시 시화벤처로 147 (시화MTV내 위치)
- 근무요일 : 주 5일(월~금)  
- 급여조건 : 면접 후 협의 가능 (경력 여부에 따라)  
- 고용형태 : 계약직(12개월)
1) 계약기간 만료 후 상용직 전환검토
2) 수습기간 3개월 (수습기간동안 급여차감 없음-4대보험 동일 적용) 

< 복리후생 >- 중.석식 제공
- 4대보험 가입 
- 퇴직금 지급 진행
- 법정공휴일 휴무
- 하계휴가(연차사용)",퇴직금,고용보험 산재보험 건강보험 국민연금,2026-07-24,,13.0,5.0,20.0,7.4,20.0,7.0,72.4,B
H954202607240884,안성기공(주),공무관리(프로젝트 운영·설계지원) 담당 채용,기계·금속 제도사(캐드원),경력,전문대학,계약직,월급 / 400만원 ,서울 금천구305-305호,,(근무시간) (오전) 9시 00분 ~ (오후) 6시 00분,주5일근무,40,마감일 (2026-09-23),고용24 입사지원   ,이력서   ,02-3282-9236,레미콘 가공 및 철골조물 외,"공무관리(프로젝트 운영·설계지원) 담당 채용
프로젝트 운영의 핵심이 될 공무관리 전문가를 찾습니다.
저희 (주)안성엔지니어링은 플랜트 및 산업설비 제작·설치 전문기업으로 전국 다양한 프로젝트를 수행하고 있습니다.
회사의 지속적인 성장에 따라 프로젝트 운영 효율화와 공무관리 체계 구축을 함께 이끌어갈 핵심 인재를 모집합니다.

설계(CAD) 지원부터 프로젝트 자원 운영, 구매 검토, 현장 운영 지원을 수행하며, 본사와 현장을 연결하는 중요한 역할을 담당하게 됩니다.

■ 모집분야

**공무관리(프로젝트 운영·설계지원) 담당**


 ■ 담당업무

* 프로젝트 공무 및 운영관리 업무
* 설계(CAD) 도면 작성 및 수정 지원
* 프로젝트 자원(자재·공구·장비) 운영계획 수립 및 관리
* 현장별 자재 입·출고 및 재고관리 시스템 운영
* 자재 구매 검토 및 발주 업무 지원
* 프로젝트 원가 절감을 위한 자원 운영 및 관리
* 현장별 자재 사용현황 및 재고 분석
* 본사·현장 간 자재 및 공구 운영 프로세스 관리
* 현장 운영 데이터 취합 및 보고서 작성
* 프로젝트 진행에 따른 공무 행정업무 지원
* 협력업체 및 거래처 대응 업무
* 기타 프로젝트 운영 전반에 대한 지원 업무


■ 지원자격

* 학력 : 초대졸 이상
* 경력 : 신입 및 경력
* 운전면허 소지 및 운전 가능자
* MS Office(Excel, Word) 활용 가능자
* CAD도면 작성업무 가능한 자 
* 책임감과 꼼꼼한 업무 수행 능력을 갖춘 분

 ■ 우대사항

* CAD(AutoCAD) 사용 가능자
* 건설·플랜트·기계 관련 업종 근무 경험
* 공무, 프로젝트 관리(PM), 구매, 자재 운영관리 경력자
* 엑셀 활용 능력 우수자
* 문서 작성 및 데이터 관리 능력 우수자


■ 이런 분을 찾습니다.

* 단순 사무업무보다 프로젝트 운영 전반을 이해하고 관리하는 업무를 선호하는 분
* 문제점을 분석하고 개선 방안을 고민하는 것을 좋아하는 분
* 현장과 본사 간 원활한 소통과 협업이 가능한 분
* 체계적인 관리와 업무 프로세스 구축에 관심 있는 분
* 회사와 함께 장기적으로 성장하며 핵심 인재로 자리매김하고 싶은 분",퇴직금,고용보험 산재보험 건강보험 국민연금,2026-07-24,,26.5,5.0,20.0,7.4,20.0,7.0,85.9,A
H954202607271533,유성클리닝,소형 세탁공장 세탁원 4시간 주4일 오전10시 ~ 오후2시,,무관,관계없음,상용직(시간제),시급 / 11000원 ,경기 안양시1층,,(근무시간) (오전) 9시 00분 ~ (오후) 1시 30분,기타,16,마감일 (2026-09-23),고용24 입사지원   ,이력서   ,031-463-0746,.,"세탁기, 건조기를 돌리고
수건과 옷을 접는 일",퇴직연금,고용보험 산재보험 건강보험 국민연금,2026-07-27,,5.0,5.0,18.0,7.4,15.0,7.0,57.4,C
H954202607240775,(주)코리아테크,"도장설비, 플랜트 기계분야 경력사원 모집",기계·금속 제도사(캐드원),경력,관계없음,상용직,최소연봉 / 3500만원 ,경기 안양시코텍본사,,(근무시간) (오전) 8시 00분 ~ (오후) 5시 00분,주5일근무,40,마감일 (2026-09-23),고용24 입사지원   ,이력서 자기소개서  ,031-463-0753,"당사는 도장설비, 도료공급설비, Plant 기계설비, 자동화 설비 시스템을 설계 및 시공, A/S까지 경제적인 기술개발로 성장하고 있습니다.설립 이후 성공적인 코리아테크만의 시스템을 공급하여, 현대&기아자동차GM대우자동차, 르노삼성자동차, 쌍용자동차, General Motors Global 의 1차공급업체로 등록 되었습니다.  또한 미국 터키, 슬로바키아, 체코, 우즈베키스탄, 인도 등 많은 프로젝트를 성공적으로 수행하고 있으며, 전문기업으로서 축적된 경험과 기술력으로 도장의 모든 분야를 소화하는 세계적인 기업으로서 매년 2백만불 이상의 수출을 달성하고 지금 현재도 세계 각국으로 진출하고 있습니다.코리아테크는 고객들에게 최고의 품질과 서비스를 위해 지속적인 신기술 개발 및 관리에 중점적으로 투자하고 있으며 도장설비 분야의 선두에 설 수","1. 모집분야 
    1) 도장설비 : 기계설비 및 플랜트설비

2. 지원자격
    1) 현장 시공관리 2년이상 유경험자
    2) 기계설계 2D(Auto CAD) 가능자
    3) 기계 도면 해독 및 관련 지식 가능자
    4) 경력자는 경력에 따라 면접시 연봉 협의가능

3. 우대사항
    1) 외국어(영어, 일어, 중국어) 회화 가능자
    2) 관련 학과 전공 및 자격증 보유자
    3) 남자의 경우 병역필 또는 면제자
    4) 해외 여행에 결격 사유가 없는자",퇴직연금,고용보험 산재보험 건강보험 국민연금,2026-07-24,,13.0,11.6,20.0,7.4,20.0,7.0,79.0,B
H954202607240134,케이티텔레캅(주),동양대학교 동두천캠퍼스 미화원모집,배관 세정원 및 방역원,무관,관계없음,계약직,월급 / 243만원 ,경기 동두천시,,"주 6일 근무 /  주중: 08:00~18:00 , 주말: 08:00~13:00 ",주6일근무,40,마감일 (2026-09-23),방문 기타  ,이력서   ,031-860-3127,"시설경비,기계경비등","미화원 모집  
주 6일 근무 주44시간 근무 /  주중: 08:00~18:00(휴게시간2시간) , 주말: 08:00~13:00 (휴게시간 1시간)",퇴직연금,고용보험 산재보험 건강보험 국민연금,2026-07-24,,5.0,5.0,20.0,7.4,20.0,7.0,64.4,C
H954202607240368,가평자원사회적협동조합,현장관리 및 소독,자동판매기 관리원,무관,관계없음,상용직,월급 / 220만원 ,경기 가평군3층,,(근무시간) (오전) 9시 00분 ~ (오후) 6시 00분,주5일근무,40,마감일 (2026-09-23),방문   ,이력서   ,031-580-4068,폐기물 수집 운반 및 건축물 위생관리업,"-현장관리 및 소독
-자세한 문의는 가평군 일자리센터 031)580-4068전화주세요.
-운전 가능자 우대",퇴직금,고용보험 산재보험 건강보험 국민연금,2026-07-24,,6.5,5.0,20.0,7.4,20.0,7.0,65.9,C
H954202607240590,꿈꾸는재가노인복지센터,요양보호사(화곡 8동),요양 보호사 및 간병인,무관,관계없음,상용직(시간제),시급 / 10320원 ,서울 강서구.,,(근무시간) (오전) 8시 30분 ~ (오전) 11시 30분,주5일근무,15,마감일 (2026-09-23),방문 고용24 입사지원  ,기타   ,02-2063-6725,재가,"5등급 독거(남)-1944년생
대부분 가사지원이고 가끔 병원동행 해주시면 됩니다.
약챙겨주시고 말벗지원정도 입니다.
혼자 거동 다 가능하시고 기저귀케어 전혀 없어요
시급13,100(10,320+주휴수당)",퇴직금,고용보험 산재보험 건강보험 국민연금,2026-07-24,,6.5,5.0,18.0,7.4,20.0,7.0,63.9,C
H954202607260002,윈윈종합관리,여의도 빌딩 관리반장 모집,"건물 경비원(청사,학교,병원,상가,빌딩,공장 등)",경력,관계없음,상용직(시간제),시급 / 10320원 ,서울 영등포구본건물(국민의힘당사 옆),,"근무 (오전) 6시 00분 ~ 익일(오전) 6시 00분

휴게시간: (일반) 조식 1시간30분",기타,39,마감일 (2026-09-23),방문 팩스 고용24 입사지원 기타,이력서   ,031-412-6919,건물(시설)관리,"근무내용: 건물 보안경비 및 안내관리

근무장소: 서울특별시 영등포구 여의도동 13-17 (굿피플빌딩)

근무시간: 24시간 맞교대

근무요일: 24시간 맞교대",퇴직금,고용보험 산재보험 건강보험 국민연금,2026-07-26,,6.5,5.0,18.0,7.4,15.0,7.0,58.9,C
H954202607240803,(주)이지스가드, [경기/성남] 사업장 경비원 모집(주야비 3교대),"건물 경비원(청사,학교,병원,상가,빌딩,공장 등)",무관,관계없음,계약직,월급 / 217만원 ,경기 성남시,,"주간 07:00 ~ 19:00
  - 휴게시간 2시간 / 실근로 8시간

야간 19:00 ~ 익일07:00
  ",기타,40,마감일 (2026-09-23),고용24 입사지원   ,이력서   ,032-460-4838,"시설경비, 신변보호, 기타수송지원 서비스업","■  전반적인 경비업무

1. 입·출차량 통제 및 안내
2. 외부 출입자 기록 및 통제
3. 내방객 응대, 출입증 발급 및 안내
4. 시설안전 및 건물보안
5. 시설 내 도난 및 화재 방지
6. 정선순찰
7. 기타 경비 업무 제반

※ 우대사항 :경찰공무원 퇴직자, 장기복무 제대군인, 차량소지자, 운전면허증, 복지카드 소지자

■ 근무시간 : 3교대(주야비) 주간 07:00~19:00, 야간 19:00~익일07:00, 비번

■ 급여 : 2,168,576원(세전)

■ 식사제공, 주차가능",퇴직금,고용보험 산재보험 건강보험 국민연금,2026-07-24,,11.5,6.2,20.0,7.4,15.0,7.0,67.1,C
H954202607240252,㈜에코비엠플러스,비전 IT타워 건물 경비원 ,"건물 경비원(청사,학교,병원,상가,빌딩,공장 등)",무관,관계없음,계약직,월급 / 238만원 ,경기 화성시비전 IT타워 지식산업센터,,오전 7시~ 익일 오전 7시 (휴게시간 14시간) ,기타,40,마감일 (2026-09-23),고용24 입사지원 기타  ,이력서   ,031-5189-5673,용역업체,"건물 경비원  모집합니다.

-근무지: 화성시 동탄대로 677-5 비전 IT타워 지식산업센터
-근무 형태: 24시간 맞교대, 격일제 근무 
-근무시간: 오전 7시~익일 오전 7시 (휴게시간 14시간)",퇴직금,고용보험 산재보험 건강보험 국민연금,2026-07-24,,5.0,5.0,20.0,7.4,15.0,7.0,59.4,C
H954202607241035,동우피엠씨주식회사,운서동 삼성홈큐브 시설반장 구인,"건물 경비원(청사,학교,병원,상가,빌딩,공장 등)",무관,관계없음,상용직,월급 / 280만원 ,인천 영종구.,, 08:00 ~ 08:00(휴게시간 8h),기타,40,마감일 (2026-09-23),고용24 입사지원   ,이력서   ,032-746-6926,인력파견,"* 직무내용: 시설관리, 건물관리, 민원대응
* 근무시간: 08:00 ~ 08:00(휴게시간 8h)
* 임      금: 월 280만원 ~ 285만원
* 근 무 지: 인천광역시 영종구 영종대로 162번길 26, 삼성 홈큐브
* 지원방법: 고용24. 이메일(pk65@naver.com)",퇴직금,고용보험 산재보험 건강보험 국민연금,2026-07-24,,8.0,5.0,20.0,7.4,15.0,7.0,62.4,C
H954202607270504,(주)시에스앤씨,서울 성수동 시설관리 직원 구인,건물 보수원 및 영선원(아파트 기계·전기 시설관리 제외),경력,관계없음,상용직,월급 / 320만원 ,서울 성동구B1층 방재실,,"(근무시간) (오전) 8시 00분 ~ (오전) 8시 00분
(휴게시간) (주간) 12:00~13:00 , 18:0",기타,48,마감일 (2026-09-23),팩스 고용24 입사지원  ,이력서   ,02-2047-9922,"시설관리, 경호경비, 청소용역, 회계용역","방재실 시설기사 구인합니다.

격일근무이며 08:00 ~ 익일 08:00 까지 근무합니다.

주 업무는 방재실에서 입주사들 민원 처리 및 시설관리 업무이며,
차량의전활동 지원 있습니다. (건물 대표님 차량 의전 후 엘레베이터 까지 의전활동 해야합니다.)
소방안전관리자 1급 자격증 소지해야 합니다.",퇴직금,고용보험 산재보험 건강보험 국민연금,2026-07-27,,11.0,5.0,20.0,7.4,15.0,7.0,65.4,C
H954202607240806,주식회사 에스엠보세창고,보세창고 입출고차량 핸들링 및 주차안내를  모집 합니다.,"건물 경비원(청사,학교,병원,상가,빌딩,공장 등)",무관,관계없음,상용직,월급 / 220만원 ,인천 제물포구(주)에스엠보세창고,,(근무시간) (오전) 8시 30분 ~ (오후) 6시 00분,주5일근무,40,마감일 (2026-09-23),고용24 입사지원   ,이력서   ,032-460-4838,창고업,"LCL 화물 취급 보세창고 내
원활한 차량 입출고를 핸들링 합니다.
보세창고내 청결 및 안전점검 등 
창고내 모든 관리를 담당해 주실 현장 매니저를 구합니다.",퇴직금,고용보험 산재보험 건강보험 국민연금,2026-07-24,,8.0,5.0,20.0,7.4,20.0,7.0,67.4,C
H954202607271626,주식회사 동화자산관리,안산 상록구 자이센터프라자 시설관리원 구인,건물 보수원 및 영선원(아파트 기계·전기 시설관리 제외),경력,관계없음,계약직,월급 / 230만원 - 면접 후 협의가능 ,경기 안산시자이센터프라자 관리사무소,,주간 9시~18시/당직 8시~익일8시/비번,기타,42,마감일 (2026-09-23),팩스   ,이력서   ,031-646-1006,상가 건물관리,"시설관리원 3교대
 -자격증 필요사항 없음(시설관련 자격증 소유자 우대)",퇴직금,고용보험 산재보험 건강보험 국민연금,2026-07-27,,6.5,5.0,20.0,7.4,15.0,7.0,60.9,C
H954202607240706,축복샘방문요양센터,재가요양보호사구인(5등급 할아버지),요양 보호사 및 간병인,무관,관계없음,상용직(시간제),시급 / 10320원 ,서울 성북구1층,,(근무시간) (오전) 9시 00분 ~ (정오) 12시 00분,주5일근무,15,마감일 (2026-09-23),방문   ,이력서   ,031-270-9879,방문요양센터,"[장위동] 5등급 할아버지, 독거
- 식사도움,병원동행,일상생활지원,인지활동
- 거동가능하심. 인지상태 비교적양호하심, 난청이 있으심
- 09:00~12:00
- 포괄시급 : 13,200원",퇴직금,고용보험 산재보험 건강보험 국민연금,2026-07-24,,6.5,5.0,18.0,7.4,20.0,7.0,63.9,C
H954202607240569,김포그레이스요양원,김포그레이스요양원에서 요양보호사 선생님을 모집합니다,간병인(재가 제외),무관,관계없음,계약직,월급 / 248만원 ,경기 김포시,,"퐁당당(09:00~익일 09:00)  근무형태
주간 3시간, 야간 4시간 휴무",주5일근무,40,마감일 (2026-09-23),고용24 입사지원   ,이력서 자기소개서  ,031-999-0920,노인 요양 복지,"1~2인실 위주의 프리미엄 요양원, 김포그레이스요양원에서 어르신을 따뜻한 마음으로 돌봐주실 요양보호사 선생님을 모집합니다. 보다 안정적이고 질 높은 돌봄 서비스를 제공하기 위해 인력을 충원하고 있으며, 어르신의 일상생활을 세심하게 지원하고 함께 편안한 생활환경을 만들어가실 분들의 많은 지원 바랍니다.


■ 모집분야
* 요양보호사

■ 모집인원
* 0명

■ 근무형태
* 요양원 시설 요양보호 업무
* 퐁당당(09:00~익일 09:00)  근무

■ 직무내용
* 입소 어르신 일상생활 지원
* 식사, 이동, 배변, 목욕, 위생관리 등 신체활동 지원
* 체위 변경, 침상 정리, 생활실 환경 정돈
* 어르신 상태 관찰 및 이상 시 보고
* 프로그램 및 여가활동 참여 보조
* 낙상 예방 등 안전한 생활 지원

■ 지원자격
* 요양보호사 자격증 소지자
* 어르신을 존중하고 책임감 있게 근무하실 분
* 요양원 근무 경력자 우대
* 신입 지원 가능

■ 근무장소
* 경기도 김포시 통진읍 마송로 223 김포그레이스요양원",퇴직금,고용보험 산재보험 건강보험 국민연금,2026-07-24,,17.5,5.0,20.0,7.4,20.0,7.0,76.9,B
H954202607270476,한가족재활요양원,주주야야비비 근무형태 요양보호사 모십니다,간병인(재가 제외),무관,관계없음,계약직,월급 / 216만원 ,인천 미추홀구1~4층,,"(근무시간) (오전) 9시 00분 ~ (오후) 6시 00분
  (야간)18:00~익일09:00

주주야",주5일근무,40,마감일 (2026-09-23),방문 고용24 입사지원  ,이력서   ,032-460-4940,노인장기요양서비스,"주간, 야간 근무 요양보호사 구인
주5일/2,156,880 이상 /09:00-18:00/ 18:00-09:00
시간외수당별도지급

*신입 및 경력자",퇴직금,고용보험 산재보험 건강보험 국민연금,2026-07-27,,5.0,5.0,20.0,7.4,20.0,7.0,64.4,C
H954202607270009,(주)상우시스템,［고덕동］고덕아이파크 경비원 모집,아파트·빌라 경비원,무관,관계없음,계약직,월급 / 284만원 ,서울 강동구.,,07시~익일07시까지 교대 / 격일근무,기타,40,마감일 (2026-09-23),방문 기타  ,이력서   ,031-920-3932,건물시설유지관리,"［고덕동］고덕아이파크 경비원 모집

/ 아파트 경비 업무
/ 경비이수 필수
/ 격일 근무(07시 교대)_휴게 : 주간4시간, 야간4시간)
/ 급여 : 월 2,843,820원",해당없음,고용보험 산재보험 건강보험 국민연금,2026-07-27,,6.5,5.0,20.0,6.2,15.0,7.0,59.7,C
H954202607240044,(주)경진이앤지,[성동구 성수동] 성수쌍용이아파트 격일 경비원(복지카드소지자 우대)모집,아파트·빌라 경비원,경력,관계없음,계약직,월급 / 230만원 ,서울 성동구성수쌍용아파트,,(근무시간) (오전) 6시 00분 ~ (오전) 6시 00분,기타,40,마감일 (2026-09-23),방문 팩스 기타 ,이력서 기타  ,02-2286-5408,"청소,경비","성수쌍용아파트 격일 경비업무
-복지카드 소지자 우대
-06시교대(주간 4시간 40분, 야간6시간 휴게시간)
급여 월 230만원 
이상용 인사담당자  010-3721-8712로 이력서 보내주시면 검토 후 연락드립니다.",퇴직연금,고용보험 산재보험 건강보험 국민연금,2026-07-24,,8.0,5.0,20.0,7.4,15.0,7.0,62.4,C
H954202607240771,무지개케어재가센터,의정부/민락센트럴 15단지/☆정이 넘치는 따뜻한 가정안 어르신의 일상을 책임감 있게 지켜주실 요양선생님모셔요,요양 보호사 및 간병인,무관,관계없음,상용직(시간제),시급 / 10320원 ,경기 의정부시15단지 ,,(근무시간) (오후) 1시 00분 ~ (오후) 4시 00분,주5일근무,15,마감일 (2026-09-23),방문 고용24 입사지원  ,이력서 기타  ,031-828-0922,방문요양,"""누군가에게는 일상이지만, 어르신께는 전부인 시간. 
그 우주를 함께 지켜주실 귀한 분을 무지개케어재가센터에서 모십니다.
저희 어르신은 정말 정이 많으시고 자애로우신 분입니다.출근하시는 선생님께 따뜻한 간식을 먼저 챙겨주실 만큼 가족처럼 대해주십니다.잦은 인력 교체 없이, 서로 신뢰하며 오래도록 정을 나누며 함께하실 책임감 있는 선생님을 기다립니다

？？ 이런 분을 모십니다
어르신과 센터 업무를 깊이 공감하고 이해해 주실 넉넉한 마음을 가지신 분

[필수 조건] 2026년 건강검진 내역 제출이 가능하신 분 (자격증만큼 꼭 필요합니다!)
출퇴근 거리가 가까워 지치지 않고 오래 근무하실 수 있는 분 환영합니다.

？？ 근무 조건 및 업무대상: 
아버님 (신체활동, 가사 및 식사 지원)시간: 주 5일 (월~금) / 13:00 ~ 16:00 (하루 3시간)

급여: 시급 13,000원계약 기간: 계약서상 '기간 정함'은 매년 시급 변경으로 인해 12월까지로 설정되며, 연말에 재계약을 진행합니다. 

오래 함께하실 분을 모십니다. (●'？'●)

？？ 지원 방법절차: 전화상담 후 방문면접",퇴직금,고용보험 산재보험 건강보험 국민연금,2026-07-24,,14.5,5.0,18.0,7.4,20.0,7.0,71.9,B
H954202607241060,태원기업(주),용접 및 배관 업무 가능한 직원 모집,기타 배관공,무관,관계없음,상용직,시급 / 10320원 ,경기 포천시태원기업(주),,(근무시간) (오전) 8시 30분 ~ (오후) 5시 30분,주5일근무,,마감일 (2026-09-23),방문 팩스 고용24 입사지원 ,이력서   ,031-828-0923,"금속탱크제작,상하수도 배관공사","용접 및 건축외 배관공
지원하시기전 채용담당자에게  전화주세요~",퇴직금,고용보험 산재보험 건강보험 국민연금,2026-07-24,,8.0,5.0,18.0,7.4,16.0,7.0,61.4,C
H954202607240343,(주)경진이앤지,[은천동 두산위브아파트] 경비 모집,아파트·빌라 경비원,무관,관계없음,계약직,월급 / 228만원 ,서울 관악구,,"격일(06시 교대)
휴게시간 주간 6~7시, 12~13시, 18~19시, 야간 20~5시",기타,40,마감일 (2026-09-23),기타   ,이력서 자기소개서 기타 ,02-879-5776,"청소,경비","[은천동 두산위브아파트] 경비 업무
- 경비신임교육이수/복지카드 소지자(우대)
- 근무시간: 06:00~(익일)06:00(휴게시간: (주간)3시간, (야간)7시간)
- 급여: 월 2,275,830원(주 40시간 외 추가수당 포함)
- 문의전화: 010-9808-5108 
- 3개월 계약후 6개월 ,12개월 계약 후 상용직검토",퇴직연금,고용보험 산재보험 건강보험 국민연금,2026-07-24,,6.5,5.0,20.0,7.4,15.0,7.0,60.9,C
H954202607240508,측천통운(주),토양정화 반입장 현장운영 및 장비운용,"굴착기(굴삭기,포클레인) 운전원",무관,관계없음,상용직,월급 / 300만원 ,경기 화성시,,(근무시간) (오전) 7시 00분 ~ (오후) 4시 00분,주5일근무,40,마감일 (2026-09-23),고용24 입사지원   ,이력서   ,032-460-4831,철스크랩운반전용차량운전,"<토양정화 반입장 현장운영>

- 장비 운용(굴착기, 로더, 지게차 등)
- 반입장 설비운용 및 관리
- 부대시설 관리
- 기타 현장 운영에 필요한 제반업무 

<지원자격>

- 자차 출퇴근 가능한 분
- 현장 중심 업무 수행 가능한 분
- 굴착기·지게차 운용 가능한 분 
- 관련 업무 경력자 우대 (신입 지원 가능)


<근무조건>

급여 : 월 300만원 (시간외 근무시 수당 별도)
근무형태 : 정규직(수습기간 협의)
근무일 : 주 5일 (월 ~ 금)
근무시간 : 1일 8시간
근무지 : 화성시 만세구 서신면

<복리후생>

- 식사 제공
- 유류비 일부 지원",퇴직금,고용보험 산재보험 건강보험 국민연금,2026-07-24,,16.0,5.0,20.0,7.4,20.0,7.0,75.4,B
H954202607240039,(주)경진이앤지,아파트경비원 모집(산본주공11단지),아파트·빌라 경비원,무관,관계없음,계약직,월급 / 183만원 ,경기 군포시.,,격일근무/06시교대,기타,40,마감일 (2026-09-23),팩스 기타  ,이력서 기타  ,031-8045-6912,"청소,경비","- 신임경비교육 이수 필수
- 격일근무 (휴게시간 주간5, 야간 7  ) 06:00시교대근무
- 급여 (183만원 )
- 경증 장애 복지카드 소지자
- 이력서 팩스 지원(02-2684-8264 ,""산본주공11단지 경비원 지원"" 기재)",퇴직연금,고용보험 산재보험 건강보험 국민연금,2026-07-24,,6.5,5.0,20.0,7.4,15.0,7.0,60.9,C
H954202607241050,늘푸른건강 재가복지센터,"[ 중랑구, 4등급, 여자어르신(90세)] 요양보호사 구인",간병인(재가 제외),무관,관계없음,상용직,시급 / 10320원 ,서울 중랑구,,(근무시간) (오전) 10시 00분 ~ (오후) 1시 00분,주5일근무,,마감일 (2026-09-23),고용24 입사지원   ,이력서   ,02-2047-9922,방문요양서비스,"4등급 90세 여자어르신
일상생활지원, 가사지원, 식사챙겨드리기, 말벗

기본시급 10,320원/ 수당 포함시 시급 13,000원",퇴직금,고용보험 산재보험 건강보험 국민연금,2026-07-24,,6.5,5.0,18.0,7.4,16.0,7.0,59.9,C
H954202607270045,사랑드림요양복지센터,요양보호사구인,간병인(재가 제외),무관,관계없음,상용직,시급 / 10320원 ,인천 부평구..,,(근무시간) (오전) 9시 00분 ~ (정오) 12시 00분,주5일근무,,마감일 (2026-09-23),고용24 입사지원   ,이력서 기타  ,032-540-5764,"방문요양, 방문목욕","-72세 4등급 여자 어르신으로 지팡이로 이동가능한  독거어르신입니다

-주5회 09:00-12:00(월-금) 
-인지는 양호하시고 허리디스크 인해 보행시 지팡이 사용함.
-식사,가사 및 일상생활지원(산책, 마트, 병원동행)
-시급 13,000원 (수당,주휴수당,연차 포함)

요양보호사 자격증,건강검진",퇴직금,고용보험 산재보험 건강보험 국민연금,2026-07-27,,6.5,5.0,18.0,7.4,16.0,7.0,59.9,C
H954202607270410,혜민서 시니어케어,성실하고 따뜻한 마음을 가진 요양보호사를 찾습니다.,간병인(재가 제외),무관,관계없음,상용직,시급 / 13200원 ,경기 안성시,,(근무시간) (오전) 9시 00분 ~ (정오) 12시 00분,주5일근무,,마감일 (2026-09-23),고용24 입사지원   ,이력서   ,031-686-1716,.,"금광면 오흥리 5등급 어머님
기본적인 업무만 하시면 됩니다.",퇴직금,고용보험 산재보험 건강보험 국민연금,2026-07-27,,6.5,5.0,18.0,7.4,16.0,7.0,59.9,C
H954202607240805,최고야 방문요양센터,[장위동/2등급 여자어르신/09:00~13:00] 주5일 요양보호사,요양 보호사 및 간병인,무관,관계없음,상용직(시간제),시급 / 10320원 ,서울 성북구,,(근무시간) (오전) 9시 00분 ~ (오후) 1시 00분,주5일근무,20,마감일 (2026-09-23),방문 기타  ,기타   ,02-2147-3684,방문요양서비스,"- 대상자 : 장위동 2등급 여자어르신 90세
- 직무 내용 : 일상생활지원, 병원동행, 기저귀케어 없슴
- 근무시간 09:00~13:00  주5일 
- 시급 10,320원 +  기타 수당

* 지원 문의 : 전화(010-9811-9828)",퇴직금,고용보험 산재보험  ,2026-07-24,,6.5,5.0,18.0,7.4,20.0,7.0,63.9,C
H954202607240969,성화개발(주),[선부2동] 안산 한신더휴 아파트 경비원 모집,아파트·빌라 경비원,무관,관계없음,계약직,월급 / 275만원 ,경기 안산시,,근무시간: 격일제 / 07:00~익일 07:00,기타,40,마감일 (2026-09-23),기타   ,이력서   ,02-860-2159,인력공급,"[선부2동] 안산 한신더휴 아파트 경비원

-근무내용: 아파트 경비업무
-근무시간: 격일제 / 07:00~익일 07:00
 휴게시간 : 주간 3시간, 야간5시간 
-급여 : 2,746,630원 
-경비신임교육이수자 필수 ",퇴직금,고용보험 산재보험 건강보험 국민연금,2026-07-24,,6.5,5.0,20.0,7.4,15.0,7.0,60.9,C
H954202607240419,주식회사 동화자산관리,용인 기흥 세종그랑시아 관리원 ,아파트·빌라 경비원,무관,관계없음,계약직,월급 / 227만원 - 면접 후 협의가능 ,경기 용인시,,격일근무(07시 교대),기타,42,마감일 (2026-09-23),팩스   ,이력서   ,031-646-1006,상가 건물관리,"*업무: 세종그랑시아 관리원(4층 저층 아파트 관리원) 1인 2개동 담당
*근무시간: 격일근무(07시 교대)
*급여: : 월 2,270,000원
*자격조건: 경비이수증 없어도 지원가능. 경력무관 , 성실한분",퇴직금,고용보험 산재보험 건강보험 국민연금,2026-07-24,,11.0,5.0,20.0,7.4,15.0,7.0,65.4,C
H954202607240067,(주)듀델코리아,아파트 경비원 모집 - 화성 동탄구 장지동 동탄금호어울림레이크2차아파트/근무일에 따른 채용담당자 구직자에게 안내요망,아파트·빌라 경비원,무관,관계없음,계약직,월급 / 283만원 ,경기 화성시동탄구 장지동,,"근무시간: 07:00~익일07:00 (휴게 주간4, 야간4) / 격일제",기타,48,마감일 (2026-09-23),기타   ,이력서 기타  ,02-2670-3798,"경비업, 건물청소업","짝수일:김난수반장(010-6740-3912)/홀수일:김영택반장(010-8600-3230) 연락 요망

직무: 아파트 경비 업무 - 경비신임교육 이수자

근무시간: 07:00~익일07:00 (휴게 주간4, 야간4) / 격일제

급여: 월 2,825,210원 ",퇴직금,고용보험 산재보험 건강보험 국민연금,2026-07-24,,6.5,5.0,20.0,7.4,15.0,7.0,60.9,C
H954202607240024,(유)탄천산업,[하남호반써밋 에듀파크] 아파트 경비원 모집,아파트·빌라 경비원,무관,관계없음,계약직,월급 / 259만원 ,경기 하남시,,격일근무(06:00 ~ 익일06:00) ,기타,32,마감일 (2026-09-23),방문 기타  ,이력서   ,031-790-6897,청소업,"[하남호반써밋 에듀파크] 아파트 경비 업무
 ★pc사용 가능자 우대(주차차량 전산입력), 비흡연자 우대 / 일반경비원신임교육 이수증 필수★
 ㅇ근무시간 : (격일근무) 06:00 ~ 익일 06:00
 ㅇ급여 : 월 2,589,680원

◆지원문의: 경비조장 010-8724-6479, 010-3669-5577◆ ",퇴직금,고용보험 산재보험 건강보험 국민연금,2026-07-24,,8.0,5.0,20.0,7.4,15.0,7.0,62.4,C
H954202607240612,한강어린이집,[동작구 서달로] 한강어린이집 담임교사 구인_만0세만 증설 ,,무관,관계없음,상용직(시간제),월급 / 216만원 ,서울 동작구107 (흑석한강센트레빌2차),,(근무시간) (오전) 9시 30분 ~ (오후) 4시 00분,주5일근무,30,마감일 (2026-09-23),   ,이력서   ,070-4048-7015,유아교육,"[동작구 서달로] 한강어린이집 보조교사 

□ 모집대상
- 담임교사 1명

□ 직무내용
- 담임교사 및 제반업무

□ 지원자격
- 보육교사 자격증 소지자(보육교사 2급이상)
- 장기 미종사자교육 이수자(해당자)

□ 급여 수준
- 2,158,800원~ 4대보험, 퇴직금, 건강관리수당, 동작형수당, 교사수당10만원, 생일연차

□ 근무시간
- 6시간: 09:30 ~ 16:00 (휴게시간 30분포함)

□ 근무지역
- 서울 동작구 서달로 91(관리동어린이집)

□ 지원서 접수기간
- 채용시까지

□ 제출서류
- 이력서, 자기소개서, 경력증명서(경력자인 경우)

□ 접수방법
- 이메일 : douna@hanmail.net

□ 문의처
- 한강어린이집 (02-3280-1628 / 010-4327-7855)",퇴직금,고용보험 산재보험 건강보험 국민연금,2026-07-24,,14.5,5.0,20.0,7.4,20.0,4.0,70.9,B
H954202607240409,두호종합건설(주),건축현장 토목직 과장을 모집합니다,기타 채굴·토목 종사원,경력,관계없음,상용직,최소연봉 / 5500만원 ,경기 양주시,,(근무시간) (오전) 9시 00분 ~ (오후) 6시 00분,주6일근무,40,마감일 (2026-09-23),고용24 입사지원   ,이력서 자기소개서 경력증명서 ,031-739-3190,"건축공사업,토목공사업",". 현장근무 가능자

.",퇴직금,고용보험 산재보험 건강보험 국민연금,2026-07-24,,5.0,6.2,20.0,7.4,20.0,7.0,65.6,C
H954202607241082,다원노인복지센터,재가요양보호사 모집(수진동),간병인(재가 제외),무관,관계없음,상용직(시간제),시급 / 10320원 ,경기 성남시,,(근무시간) (오전) 9시 00분 ~ (정오) 12시 00분,주5일근무,15,마감일 (2026-09-23),팩스 기타  ,기타   ,02-2680-6784,방문요양서비스,"- 대 상 자 : 4등급 할머니(인지정상)/독거
- 근무 시간: 09:00 ~ 12: 00 /주5일
- 직무 내용: 청소-정리정돈,조리-취사-세탁,말벗,병원동행
- 시     급 : 기본 10,320(포괄시급 13,000원)
- 지원문의: 010-3748-1337
** 8월 초부터 근무 예정",퇴직금,고용보험 산재보험 건강보험 국민연금,2026-07-24,,6.5,5.0,18.0,7.4,20.0,7.0,63.9,C
H954202607240758,(주)영동아이앤디,철재/목재 조경시설물 현장시공원 구인,조경시설물 설치원,경력,관계없음,상용직,월급 / 300만원 - 면접 후 협의가능 ,경기 고양시,,(근무시간) (오전) 8시 00분 ~ (오후) 5시 00분,주5일근무,40,마감일 (2026-09-23),우편 고용24 입사지원  ,이력서 자기소개서 경력증명서 ,031-920-3930,"목재,철재 조경시설물 제작 및 시공","[모집직무]
철재 / 목재 조경시설물 제조 및 시공인원

[직무소개]
철재, 목재 시설물 제작 및 시공을 주업으로 하는 회사입니다.
이번에 시공팀을 4명 충원하고자 합니다.


[주요업무]
- 철재 및 목재 조경 시설물 현장 시공
- 시공 전 준비 작업 및 현장 관리
- 시공 관련 도구 및 재료 관리
- 안전 작업 지침 준수 및 현장 안전 관리
- 팀원과의 협업 및 의사소통",퇴직연금,고용보험 산재보험 건강보험 국민연금,2026-07-24,,16.0,5.0,20.0,7.4,20.0,7.0,75.4,B
H954202607270068,내가족요양원,요양보호사(요양원) 주간 or 24시간 중 선택,간병인(재가 제외),경력,관계없음,상용직,월급 / 216만원 ,경기 의왕시,,"주간 - (오전) 9시 00분 ~ (오후) 6시 00분
or
24시간 - (오전)9시 00분~(오전)9시 0",주5일근무,40,마감일 (2026-09-23),고용24 입사지원 기타  ,이력서   ,031-463-7470,요양원,9to6 근무 or 24시간 근무 선택,퇴직금,산재보험 건강보험 국민연금 ,2026-07-27,,5.0,5.0,20.0,7.4,20.0,7.0,64.4,C
H954202607240662,주식회사 서원포장기계,산업용 포장기계 영업직 구인,,무관,관계없음,상용직,월급 / 240만원 ,경기 부천시,,(근무시간) (오전) 8시 30분 ~ (오후) 5시 30분,주5일근무,40,마감일 (2026-09-23),고용24 입사지원   ,이력서 자기소개서 경력증명서 ,032-320-8902,"산업용 포장기 가공, 조립, 판매","열성형 진공포장기 전문기업 (주)일성포장기계에서 함께 성장해 나갈 열정적인 영업 담당자를 모집합니다.
신입과 경력 모두 환영하니 도전적인 분들의 많은 지원 바랍니다!

*****모집 부문 및 자격 요건*****

1) 담당 업무: 포장기계 영업 및 고객사 관리

2) 지원 자격:
[필수] 운전면허 소시자 및 자차 보유자 (업무 수행 시 필요/유류비 지원)
[우대] 기계/제조 관련 분야 이해도가 높거나 영업에 열정이 있는 분

3) 경력 여부: 신입/경력 무관 (초보자도 기초부터 차근차근 배울 수 있습니다.)

4) 인센티브: 면접 시 상세 협의 (성과에 따른 인센티브 지급)",퇴직연금,고용보험 산재보험 건강보험 국민연금,2026-07-24,,17.5,6.2,20.0,7.4,20.0,7.0,78.1,B
H954202607240129,(주)에스엔에스,영업부 직원모집,,무관,관계없음,상용직,최소연봉 / 3600만원 ,인천 남동구남동공단31블럭1롯트,,평일 : 08:10 ~ 17:20,주5일근무,40,마감일 (2026-09-23),고용24 입사지원   ,이력서 자기소개서  ,032-460-4778,공구함 제조,"산업용 철재가구를 제조 및 판매하는 업체입니다.

성실하고 활동적인 영업 직원(납품영업)을 모집합니다.

운행차량은 1톤 화물차(자동, 수동)입니다",퇴직연금,고용보험 산재보험 건강보험 국민연금,2026-07-24,,5.0,5.0,20.0,7.4,20.0,7.0,64.4,C
H954202607240013,김은숙 인지재활 주간보호센터,주간보호센터 요양보호사 구인,간병인(재가 제외),경력,관계없음,상용직,시급 / 11000원 ,경기 화성시,,(근무시간) (오전) 8시 00분 ~ (오후) 5시 30분,주5일근무,,마감일 (2026-09-23),   ,이력서 자기소개서 경력증명서 ,031-231-7908,주간보호센터,"주간보호센터 요양보호사 구인

- 업무내용  : 어르신 송영, 케어, 프로그램 진행 등 주간보호센터 요양보호사 업무 

- 근무시작일 : 협의 

- 센터 내 근무 시간표에 따른 근무 가능한 자

- 우대사항 : 주간보호센터 경력 3개월 이상,  요양보호사 자격증 소지 및 업무 경험자 

- 급여 : 시급 11,000원 (협의가능)

- 이력서 제출 : kimes9339@naver.com 혹은 고용24 지원
                     (서류합격자에 한해 개별 연락드립니다)",퇴직금,고용보험 산재보험 건강보험 국민연금,2026-07-24,,13.0,5.0,18.0,7.4,16.0,4.0,63.4,C
H954202607240782,주식회사 비에스건업,현장 공무담당,건설·채굴 단순 종사원,경력,고등학교,계약직,월급 / 400만원 ,경기 남양주시,,(근무시간) (오전) 7시 30분 ~ (오후) 4시 30분,주6일근무,48,마감일 (2026-09-23),방문 고용24 입사지원  ,이력서   ,031-496-1917,"습식방수공사,미장공사,조적공사,타일","남양주 화도 현장 공무담당(현장직)_급구함

기성신청  및 서류작성(컴퓨터 능숙한사람)",해당없음,고용보험 산재보험 건강보험 국민연금,2026-07-24,,6.5,5.0,20.0,6.2,20.0,7.0,64.7,C
H954202607240578,주식회사 삼구에프에스,"[[평일 근무] 스태츠칩팩코리아 구내식당 주방보조,세척원 모집]",단체 급식 보조원,무관,관계없음,계약직,월급 / 186만원 ,인천 영종구,,"- 근무요일 
  (파트타임) 월~금 근무(주말, 공휴일 휴무)
   (풀타임) 주5일 근",주5일근무,28,마감일 (2026-09-23),방문 고용24 입사지원  ,이력서   ,02-2639-2171,음식료·외식·프랜차이즈,"[평일 근무] 스태츠칩팩코리아 구내식당 주방보조,세척원 모집]

- 근무기간 : 장기 근무자 우대

- 근무요일 
  (파트타임) 월~금 근무(주말, 공휴일 휴무)
   (풀타임) 주5일 근무 (주말 포함 스케줄 근무)

- 근무시간
 (파트타임) 10:00~16:00 (휴게 30분)
   (풀타임) 10:00~20:00 (휴게 60분)

- 월급여
 (파트타임) 월186만원(연장 및 휴일근로수당 별도)
   (풀타임) 280~310만 (휴일근로수당에 따라 변동 있음)

- 근무지 :  인천 영종구 자유무역로 191(운서동) 스태츠칩팩코리아 본관 식당
*** 운서역 1번 출구에서 통근버스 운영(버스 10분 거리)***",퇴직연금,고용보험 산재보험 건강보험 국민연금,2026-07-24,,11.5,5.0,20.0,7.4,20.0,7.0,70.9,B
H954202607270204,구립홍익어린이집,어린이집 시간제 조리사님 채용,,무관,관계없음,상용직(시간제),월급 / 171만원 ,서울 성동구,,(근무시간) (오전) 8시 00분 ~ (오후) 2시 30분,주5일근무,30,마감일 (2026-09-23),방문 고용24 입사지원  ,이력서 자기소개서 경력증명서 기타,02-2047-9925,어린이집,"성동구에 위치한 홍익어린이집입니다.
어린이집의 영유아77명과 교직원22명의 영양 및 급간식 제공을 위한 시간제 조리사님을 모십니다.
[조리사  조리업무외 위생담당을 하시게 됩니다.]

 근무를 하실 수 있는 분의 많은 관심 부탁드립니다.

조리사 자격증을 소지하시고, 경력이 있으신분 우대합니다 .(오래근무가능하신 더 더 우대합니다.)



4대보험을 가입의무이며, 퇴직금은 퇴직연금으로 적립을 하게되어 있습니다.(단,1년미만일땐 지급하지 아니합니다)

근무시간은 8시부터 오후2시30분까지 이며 (휴게시간 30분 포함입니다.)",퇴직연금,고용보험 산재보험 건강보험 국민연금,2026-07-27,,13.0,5.0,20.0,7.4,20.0,7.0,72.4,B
H954202607240714,시립 새빛어린이집,시립 새빛어린이집 조리사 채용 공고,,무관,관계없음,상용직(시간제),월급 / 108만원 ,경기 광명시,,(근무시간) (오전) 9시 30분 ~ (오후) 2시 00분,주5일근무,20,마감일 (2026-09-23),   ,이력서 기타  ,02-2680-6785,국공립 어린이집,"시립 새빛어린이집 보조조리사 채용 공고
보조조리사(반일근무 : 09:30-14:00, 4시간근무, 30분 휴게시간)
한식조리기능사 자격증 필수
급여 : 월 1,083,600원(세전금액) / 4대보험 가입 
※명절수당,휴가비 등 추가로 지급함.
 접수방법 :  이메일( gung74@hanmail.net )로  접수
문 의 처 : 02-897-2825",퇴직연금,고용보험 산재보험 건강보험 국민연금,2026-07-24,,5.0,5.0,20.0,7.4,20.0,4.0,61.4,C
H954202607240176,새미은총요양원,새미은총요양원 요양보호사 구인,간병인(재가 제외),무관,관계없음,상용직,월급 / 216만원 ,경기 시흥시,,"- 데이(06:30~15:30)
- 주간(09:00~18:00)
- 오후(11:00~20:00)
- 야간(20:00~08:00)",주5일근무,40,마감일 (2026-09-23),방문 팩스 고용24 입사지원 ,이력서   ,031-496-1917,노인요양보호시설,"* 월곶동에 위치한 28명 입소 정원인 새미은총요양원입니다.
* 주말, 공휴일 근무 가능자
* 4대보험, 퇴직연금, 중식 제공

※ 업무내용
입소자 케어 및 전산 일지 업무 (케어포)

* 교대 업무시간
D (06:30~15:30)
S (09:00~18:00)
E (11:00~20:00)
N (20:00~08:00)

4교대 모두 가능하신 요양보호사 선생님 지원 환영합니다~",퇴직연금,고용보험 산재보험 건강보험 국민연금,2026-07-24,,13.0,5.0,20.0,7.4,20.0,7.0,72.4,B
H954202607240335,로얄실버케어,요양원 주간요양보호사 구인,간병인(재가 제외),무관,관계없음,상용직,월급 / 220만원 - 면접 후 협의가능 ,경기 의정부시,,(근무시간) (오전) 9시 00분 ~ (오후) 6시 00분,주5일근무,40,마감일 (2026-09-23),방문   ,이력서   ,031-270-9873,노인요양업,"[ 요양원 주간요양보호사 구인]
- 근무지 : 낙양동 로얄실버케
- 직무: 요양원 어르신 케어
- 근무시간 : 9:00~18:00, 주5일 근무
- 급여 : 220만원 이상",퇴직연금,고용보험 산재보험 건강보험 국민연금,2026-07-24,,5.0,5.0,20.0,7.4,20.0,7.0,64.4,C
H954202607240358,한마음요양원,요양원 요양보호사 모집,간병인(재가 제외),무관,관계없음,상용직,월급 / 216만원 ,"서울 강남구2층, 3층",,(근무시간) (오전) 8시 30분 ~ (오후) 5시 30분,주5일근무,40,마감일 (2026-09-23),방문 팩스 고용24 입사지원 기타,이력서 자기소개서  ,02-2147-3683,*,"요양원 요양보호사 구인

- 근무시간: 주5일 8:30~17:30
- 급여: 월2,156,880원",퇴직연금,고용보험 산재보험 건강보험 국민연금,2026-07-24,,5.0,5.0,20.0,7.4,20.0,7.0,64.4,C
H954202607240655,미소요양원,"요양보호사  모집(주간, 야간, 3교대 중 선택 가능)",간병인(재가 제외),무관,관계없음,상용직,월급 / 239만원 ,경기 김포시미소요양원,,(오전) 07시 30분 ~ (오후) 5시 00분 / (오전) 08시 00분 ~ (오후) 5시 30분 *휴게 1시,주5일근무,40,마감일 (2026-09-23),방문 고용24 입사지원  ,이력서 기타  ,031-999-0957,노인복지,"요양원(시설)에서 요양보호사 업무.
* 3교대 / 주간 / 야간 중 선택 근무",퇴직연금,고용보험 산재보험 건강보험 국민연금,2026-07-24,,6.5,5.0,20.0,7.4,20.0,7.0,65.9,C
H954202607240813,씨제이프레시웨이주식회사,하남케어허브점 조리원 모집,단체 급식 보조원,경력,관계없음,계약직,월급 / 235만원 ,경기 하남시하남케어허브,," 스케쥴 교대, 주 5일 06:00~15:00 또는 10:00~19:00 (휴게시간 1시간)",주5일근무,40,마감일 (2026-09-23),고용24 입사지원   ,이력서   ,031-289-2214,기타음식료품 외,"● 근무형태
- CJ프레시웨이 자체계약직

● 근무조건
-담당업무 : 조리, 배식, 전처리 등 (식수 매우작음)

-근무요일 : 주말포함 주5 일 스케즐근무

-근무시간 : 2교대 로테이션 근무
               1) 06:00 ~ 15:00 (휴게 60분)
               2) 10:00 ~ 19:00 (휴게 60분)

-급여 : 월 세전 2,349,000원 + 오전조 출근일별 교통비 6천원 추가지급

● 지원조건 
- 연령, 나이, 학력무관, 보건증소지자, 단체급식 경력자

● 복리후생
- 국민연금, 건강보험, 고용보험, 산재보험
- 연차, 퇴직금
- 근무복 지급, 중식 제공
- 기타 회사내규에 따른 복리후생 적용",퇴직금,고용보험 산재보험 건강보험 국민연금,2026-07-24,,16.0,5.0,20.0,7.4,20.0,7.0,75.4,B
H954202607240626,씨제이프레시웨이주식회사,(마곡) 디엘이앤씨 직원식당 조리원 채용,단체 급식 보조원,경력,관계없음,계약직,월급 / 224만원 ,서울 강서구,,"- 월~금
- 근무시간 : 10:00-19:00 (휴게 60분) ",주5일근무,40,마감일 (2026-09-23),고용24 입사지원 기타  ,이력서   ,031-289-2215,기타음식료품 외,"● 근무형태
- CJ프레시웨이 자체계약직

● 근무조건
- 업무내용 : 배식, 정리, 청소 등 주방보조 업무
- 근무요일 : 월~금
- 근무시간 : 10:00-19:00 (휴게 60분) 
- 급여조건 : 월 세전 2,244,500원

● 지원조건 
- 보건증 소지자, 유사업무 경험자 우대

● 복리후생
- 4대보험
- 연차, 퇴직금
- 근무복 지급
- 중식제공
- 기타 회사내규에 따른 복리후생 적용",퇴직금,고용보험 산재보험 건강보험 국민연금,2026-07-24,,13.0,5.0,20.0,7.4,20.0,7.0,72.4,B
H954202607240983,위드미요양병원,[위드미요양병원 ] 조리원 채용 (인천 논현역 부근),단체 급식 보조원,무관,관계없음,상용직,시급 / 10320원 - 면접 후 협의가능 ,인천 남동구,,"오전 08시 30분~ 오후 6시 30분 (휴게시간 1시간 14:30~15:30 포함)

주 5일 근무 (",주5일근무,,마감일 (2026-09-23),방문 고용24 입사지원  ,이력서   ,032-460-4778,종합병원,"*조리원(자격증무관, 경력무관)

- 급여 : 면접 후 협의
   
- 설/추석연휴에 근무할 경우 일급 10만원 별도 지급

- 근속기간에 따라 임금 인상 

- 오전 08시 30분~ 오후 6시 30분 (휴게시간 1시간 14:30~15:30 포함)

- 주 5일 (월~금) 근무 / 토,일 휴무

- 수인선 인천논현역 3번출구 도보 2분거리

- 업무 : 셋팅/배식및 퇴식/설거지/조리보조

- 우대사항 : 병원 근무경력",퇴직금,고용보험 산재보험 건강보험 국민연금,2026-07-24,,11.5,5.0,18.0,7.4,16.0,7.0,64.9,C
H954202607241053,서울명병원,서울명병원에서 병원 조리원/주방보조 모집합니다. (스케줄 근무/월-일/매월 10일(고정) 휴무)/06~18시(휴게시간 7:30~9:10/13:20~15:10),단체 급식 보조원,무관,관계없음,계약직,월급 / 250만원 - 면접 후 협의가능 ,서울 동대문구,, 월~일(스케줄 근무/매월 10일(고정) 휴무)/06~18시(휴게시간 7:30~9:10/13:20~15:10),주5일근무,40,마감일 (2026-09-23),방문 기타  ,이력서   ,02-2127-4920,의료사업,"* 근무시간: 월~일(스케줄 근무/매월 10일(고정) 휴무)/06~18시(휴게시간 7:30~9:10/13:20~15:10)
 병원 조리원 경력 보유자/인근 거주자/경력자 우대",퇴직금,고용보험 산재보험 건강보험 국민연금,2026-07-24,,5.0,5.0,20.0,7.4,20.0,7.0,64.4,C
H954202607240375,더지극정성요양원, 요양보호사 구인(주간) 주5일 근무,간병인(재가 제외),무관,관계없음,계약직,월급 / 255만원 ,경기 고양시더지극정성요양원,,"(오전) 8시 00분~(오후) 7시 00분 2시간휴게 주5일근무
치매교육이수자 필수",주5일근무,40,마감일 (2026-09-23),방문   ,이력서   ,031-920-3930,노인업소시설 요양원,"* 시설내 수급자 일상생활 지원
* 치매환자의 상태를 관찰하고 시설생활 안정을 지원
* 신체기능 유지를 위한 기본동작 및 일상생활 지원
* 쾌적한 환경과 질병 예방을 위해 생활환경 조성
* 입소자가 사용하는 물품의 목록작성, 점검, 관리
* 사고의 예방을 위해 시설 물품을 관리
* 입소자의 식사 수발과 지원
* 사망자의 개인소지품을 정리 등


    셔틀운행 원당역, 운정역, 오미산주유소 앞",퇴직연금,고용보험 산재보험 건강보험 국민연금,2026-07-24,,13.0,5.0,20.0,7.4,20.0,7.0,72.4,B
H954202607241208,송정요양원,[송정요양원]  시설 요양보호사 모집,간병인(재가 제외),무관,관계없음,계약직,월급 / 245만원 ,서울 성동구송정요양원,,"주간09:00~18:00/야간 18:00~09:00 3조 2교대 (주주야야비비)
주간휴게시간 (1시간)",주5일근무,40,마감일 (2026-09-23),방문 팩스 고용24 입사지원 ,이력서 자기소개서  ,02-2047-9924,노인요양원,"1. 모집부문
-  요양보호사

2. 자격요건
- 필수) 요양보호사 자격증

3. 근로조건
- 급 여 :  2,450,760원 (기본금 2,033,040원 연장근로 157,150원 야간근로 210,570원 식대 50,000원)
- 근무부서 : 성동구 고산자로8길 5 송정요양원
- 근무시간 :  주간09:00~18:00/야간 18:00~09:00 3조 2교대 (주주야야비비)
4. 전형사항
(1) 전형방법 : 1차(서류전형) 2차(면접) 
(2) 제출서류 : 이력서, 자기소개서
(3) 접수방법 :
① 이메일접수 : songjeong4870@naver.com
* 제목 : [요양보호사] 지원자명으로 표기
② 워크넷
③방문접수
5. 문의사항
담당자 : 손재영
TEL : 02-2295-2220, (월~금: 09:00~18:00)",퇴직연금,고용보험 산재보험 건강보험 국민연금,2026-07-24,,13.0,5.0,20.0,7.4,20.0,7.0,72.4,B
H954202607270209,일산늘봄요양원,(일산서구)일산늘봄요양원에서 요양보호사 퐁당당(격격일)선생님을 모집합니다.,간병인(재가 제외),무관,관계없음,계약직,월급 / 242만원 ,"경기 고양시, 가202호, 나201호",,"* 퐁당당(격격일)근무 
일일 오전 09:00-익일 오전 09:00
주간휴게 3시간, 야간",주5일근무,40,마감일 (2026-09-23),방문 고용24 입사지원  ,이력서 기타  ,031-920-3930,요양원,"- 29인시설
- 케어포 프로그램사용
- 요양원 어르신 케어 및 요양보호사 업무
- 요양보호사 자격증필수
- 9월1일 근무시작

1. 퐁당당(격격일)근무 
   일일 오전 09:00-익일 오전 09:00
   주간휴게 3시간, 야간휴게 4시간",퇴직연금,고용보험 산재보험 건강보험 국민연금,2026-07-27,,6.5,5.0,20.0,7.4,20.0,7.0,65.9,C
H954202607240117,역촌꿈의숲어린이집,어린이집 조리사 구함,,무관,관계없음,계약직,월급 / 216만원 ,서울 은평구역촌꿈의숲 어린이집,,(근무시간) (오전) 8시 30분 ~ (오후) 5시 30분,주5일근무,40,마감일 (2026-09-23),방문   ,이력서 자기소개서  ,02-389-2115,,"-직무내용: 어린이집급간식조리업무
-근무시간: 8:30-17:30(주5일,40시간)
-급여: 2,156,880원
-근무지: 진흥로5길 8-1
* 경력무관, 조리사 자격증 필수, 식수인원55명정도",퇴직금,고용보험 산재보험 건강보험 국민연금,2026-07-24,,6.5,5.0,20.0,7.4,20.0,9.0,67.9,C
H954202607241019,들깨향밀내음,[서울대입구역 인근 들깨향밀내음] 주방 보조원 구인,주방 보조원(일반 음식점),무관,관계없음,상용직,월급 / 320만원 - 면접 후 협의가능 ,서울 관악구2층,,(근무시간) (오전) 10시 00분 ~ (오후) 8시 30분,주6일근무,40,마감일 (2026-09-23),방문   ,기타   ,02-879-5774,한식업,"[서울대입구역 인근 들깨향밀내음] 주방 보조원 구인
- 설거지 및 야채 세척, 다양한 작업
- 주 6일, 오전10:00~20:30
- 월급:320만원",퇴직금,고용보험 산재보험 건강보험 국민연금,2026-07-24,,5.0,5.0,20.0,7.4,20.0,7.0,64.4,C
H954202607271540,구립해봄어린이집,강동구 구립해봄어린이집 조리사님을 모집합니다,,무관,관계없음,상용직,월급 / 216만원 - 면접 후 협의가능 ,서울 강동구일원(강일동 강동리버스트7단지 관리동),,(근무시간) (오전) 8시 00분 ~ (오후) 5시 00분,주5일근무,40,마감일 (2026-09-23),고용24 입사지원   ,이력서 자기소개서 경력증명서 기타,02-2142-8427,보육서비스,"강동구 국공립어린이집 입니다
조리사님을 모집합니다. 많은 관심과 지원 부탁드립니다

* 어린이집 : 구립해봄어린이집
* 소 재 지 : 서울 강동구 아리수로 93가길 70 강동리버스트 7단지내
* 현 원 : 75 ~ 85명 내외

모집직원
* 조 리 사 : 1명
* 처 우 : 보육사업안내의 처우 사항따름, 보조조리사 4시간 근무중
* 근무예정일 : 9월 1일 부터
* 전형 일정
- 접수기간 : 2026년 7월 15일 ~ 충원시까지
- 제출서류 : 이력서, 자기소개서 1부, 경력증명서, 자격증 사본
인터넷접수 gubom123@naver.com
: 1차 서류제출 후 2차 면접 (개별통보)
* 알림사항
- 제출된 서류는 채용목적 외에는 절재 활용하지 않으며 제출된 서류는 일체 반환하지 않습니다
- 구비서류 미흡, 연락두절 등으로 인한 불이익은 지원자 봄인의 책임입니다
- 개인정보보호법에 의거, 생년월일만 기재합니다
- 합격자의 경우 신체검사, 건강검진, 성범죄 및 아동학대 조회결과 부적격 판정자는 합격이 취소됩니다",퇴직금,고용보험 산재보험 건강보험 국민연금,2026-07-27,,13.0,5.0,20.0,7.4,20.0,9.0,74.4,B
H954202607240644,이든실버케어센터,[산곡 우성아파트] 요양보호사 구인,간병인(재가 제외),무관,관계없음,상용직(시간제),시급 / 10320원 ,인천 부평구,,(근무시간) (오전) 9시 00분 ~ (정오) 12시 00분,주5일근무,15,마감일 (2026-09-23),방문   ,기타   ,032-719-3957,"방문요양,목욕","-4등급 할아버지
-시       간: 09:00~12:00/(주5일)
-업       무: 말벗, 운동, 식사도움, 청소, 병원동행, 재가요양서비스 제공      
-시       급: 10,320원    (주휴, 연차수당 포함:13,200원)
-근무장소: 산곡동, 우성아파트",퇴직연금,고용보험 산재보험 건강보험 국민연금,2026-07-24,,5.0,5.0,18.0,7.4,20.0,7.0,62.4,C
H954202607271189,폴콘블랙,폴콘블랙 대형 베이커리 브런치 카페 주방 보조원 채용!,주방 보조원(일반 음식점),무관,관계없음,상용직(시간제),시급 / 10500원 ,경기 하남시오벨리스크 1층 폴콘블랙,,(근무시간) (오전) 9시 00분 ~ (오후) 3시 00분,주5일근무,30,마감일 (2026-09-23),방문 고용24 입사지원  ,이력서   ,031-730-7009,.,샌드위치 제작 설거지 및 간단조리,퇴직금,산재보험 건강보험 국민연금 ,2026-07-27,,5.0,5.0,18.0,7.4,20.0,7.0,62.4,C
H954202607240435,(주)대성기연,냉동공조 설비 및 관련 제품의 생산·조립 업무를 담당할 직원을 모집합니다,보일러 설치·정비원,경력,관계없음,상용직,월급 / 380만원 - 면접 후 협의가능 ,경기 파주시,,"월요일 : 08:00~18:00

화~금 : 08:30~18:00



매주 월요일 아침 8시에는 30분간 ",주5일근무,40,마감일 (2026-09-23),고용24 입사지원   ,이력서 자기소개서 경력증명서 ,031-860-0433,"클린룸공사, 클린장비, 공조장비제작","담당업무
·냉동공조 설비 및 관련 제품 생산·조립
·기본적인 전기 배선 및 부품 조립
·산소용접을 이용한 배관 작업
·제품 설치 및 현장 업무
·기타 생산부 관련 업무

지원자격
·기본적인 전기 작업이 가능한 분
·산소용접이 가능한 분
·국내 현장 장기출장이 가능한 분
·냉동공조 분야에서 장기적으로 근무하실 분
·책임감 있고 성실하게 업무를 수행하실 분

우대사항
·냉동공조 설비 제작 및 조립 경력자
·전기·용접·냉동공조 관련 자격증 소지자
·관련 업종 및 유사업무 경력자
·인근 거주자
·즉시 출근 가능자

근무조건
·근무부서: 생산부
·급여조건: 회사 내규에 따름（면접 후 결정）
·근무지: ㈜대성기연 본사 및 국내 현장
·근무시간: 회사 근무시간에 따름

전형절차
·서류전형 → 면접전형 → 최종합격

제출서류
·이력서
·경력자의 경우 관련 경력사항 상세 기재",퇴직연금,고용보험 산재보험 건강보험 국민연금,2026-07-24,,16.0,5.0,20.0,7.4,20.0,7.0,75.4,B
H954202607240527,하이젤(주)인천,냉동보세창고 시설(개별냉동기)관리 기사모집,산업용 보일러 설치·수리원,경력,관계없음,상용직,월급 / 300만원 ,인천 제물포구하이젤,,(근무시간) (오전) 8시 30분 ~ (오후) 5시 30분,주5일근무,40,마감일 (2026-09-23),고용24 입사지원   ,이력서   ,032-460-4838,창고보관업,"인천 중구 월미로에 위치한 냉동보세창고입니다.

직무내용 : 시설관리 (전기.소방.승강기.방열문 등)
               개별냉동기 관리 (30마력 개별냉동기 10대 관리)


우대 : 개별냉동기 관리 경력자 우대 (공조냉동기능사 우대, 냉동창고근무 경력자 우대)
        소방안전관리자 2급 이상 우대 (소방안전관리자 선임예정)
        운전면허소지자 우대",퇴직금,고용보험 산재보험 건강보험 국민연금,2026-07-24,,11.5,5.0,20.0,7.4,20.0,7.0,70.9,B
H954202607240728,리본주간보호센터,요양보호사 경력직 채용,간병인(재가 제외),경력,관계없음,계약직,월급 / 225만원 - 면접 후 협의가능 ,경기 용인시4층,,(근무시간) (오전) 9시 00분 ~ (오후) 6시 00분,주5일근무,40,마감일 (2026-09-23),방문 기타  ,이력서   ,031-289-2266,- 장기요양기관 주야간보호 및 어르신 돌봄,"- 주간보호센터 요양보호사 업무(노인돌봄 및 프로그램 보조)
- 주 5일근무(09:00~18:00(휴게 12:30~13:30))
- 월 225만원(면접시 협의가능)

※방문자는 방문하기전 전화요망※",퇴직연금,고용보험 산재보험 건강보험 국민연금,2026-07-24,,6.5,5.0,20.0,7.4,20.0,7.0,65.9,C
H954202607240687,주식회사 에이탑,MCT 및 품질 인원 채용,,신입,관계없음,상용직,최소연봉 / 3000만원 - 면접 후 협의가능 ,경기 화성시,,(근무시간) (오전) 8시 30분 ~ (오후) 5시 30분,주5일근무,40,마감일 (2026-09-23),고용24 입사지원   ,이력서   ,031-290-0822,.,"[모집직무]
1. mct 초보~경력자 1명 

[주요업무]
- MCT생산 보조 및 경력자
- 초보 - 생산보조 
- 경력 - 제품생산

2.품질관리 사무원(기계·자동차·금속) 1명 

[주요업무]
- MCT 제품의 조립 및 검사
- 품질 기준에 따라 제품의 합격/불합격 판단
- 품질 관리 기록 및 보고서 작성
- 제품 오류 분석 및 개선 방안 제시",퇴직금,고용보험 산재보험 건강보험 국민연금,2026-07-24,,11.0,5.0,20.0,7.4,20.0,7.0,70.4,B
H954202607240977,참사랑케어,재가요양보호사 채용(도봉동),간병인(재가 제외),무관,관계없음,상용직(시간제),시급 / 10320원 ,서울 도봉구,,(근무시간) (오후) 2시 00분 ~ (오후) 5시 00분,주6일근무,18,마감일 (2026-09-23),방문   ,기타   ,02-2091-2923,방문요양,"3등급 여어르신 방문 케어
- 도봉동(도봉역 15분 거리/서울가든아파트 인근) 거주
- 식사준비, 가사 등 일상생활 지원
- 주6일, 14-17시 근무
- 시급 10,320원(수당 포함 시 13,000원)",퇴직금,고용보험 산재보험 건강보험 국민연금,2026-07-24,,6.5,5.0,18.0,7.4,20.0,7.0,63.9,C
H954202607240540,등대유치원,유치원 교사보조 및 환경미화 채용,,무관,관계없음,계약직,월급 / 90만원 ,"서울 양천구신정동, 목동현대아파트",,월~금 15:20-18:00,주5일근무,12,마감일 (2026-09-23),   ,이력서   ,02-858-4822,"보육시설, 교육","- 교실청소와 수업자료보조 업무
- 15:20-18:00 (2시간40분 근무)
- 월 90만원",해당없음,고용보험   ,2026-07-24,,6.5,5.0,20.0,6.2,20.0,4.0,61.7,C
H954202607241044,한마음재가복지센터,4등급 여자어르신(창3동 농협인근),간병인(재가 제외),신입,관계없음,상용직,시급 / 10320원 ,서울 도봉구1층,,(근무시간) (오전) 8시 30분 ~ (오후) 11시 30분,주6일근무,,마감일 (2026-09-23),고용24 입사지원   ,기타   ,02-2171-1799,"방문요양, 방문목욕","4등급 독거 여자어르신으로 오전 근무 원하심 8:30-11:30

일반적인 요양사 업무범위를 벗어나지 않음. (일상가사, 병원, 산책 동행 등)
작은 개가 한마리 있으나 엄청 순합니다. 짖지 않아요.
개 돌봄 없음.",퇴직금,고용보험 산재보험 건강보험 국민연금,2026-07-24,,6.5,5.0,18.0,7.4,16.0,7.0,59.9,C
H954202607240918,오화루,식당의 깨끗함을 책임질 설거지 및 보조 업무 담당자 모집합니다.,주방 보조원,무관,관계없음,상용직(시간제),월급 / 220만원 ,경기 광주시1층,,"평일 (정오) 12시 00분~(오후) 9시 00분
주말 (오전) 11시 00분~(오후) 9시 00분",주5일근무,39,마감일 (2026-09-23),고용24 입사지원   ,이력서   ,031-799-2754,.,"[모집직무]
주방 보조원

[직무소개]
우리 식당은 다양한 메뉴를 제공하는 매력적인 공간입니다. 
본 직무는 주방에서 필요한 업무를 다양하게 경험하며 식당 운영에 기여하는 역할입니다.

[주요업무]
- 식재료 준비 및 조리 지원
- 설거지 및 주방 청소
- 주방 위생 관리
- 매장 운영에 필요한 주방 업무 지원",퇴직금,고용보험 산재보험 건강보험 국민연금,2026-07-24,,12.5,5.0,20.0,7.4,20.0,7.0,71.9,B
H954202607240226,아이레네주야간보호센터,주야간보호센터 주방보조 구인,주방 보조원,무관,관계없음,상용직,월급 / 216만원 ,서울 구로구,,(근무시간) (오전) 8시 30분 ~ (오후) 5시 30분,주5일근무,40,마감일 (2026-09-23),방문   ,이력서   ,02-802-0185,"장기요양 주야간보호, 방문요양","- 주야간보호센터 입소 어르신 및 직원 점심식사
- 조리, 식재료 준비, 식사 후 정리, 간단한 저녁준비
- 어르신 맞춤식 제공 지원
- 주방 청결 유지 및 위생관리",퇴직금,고용보험 산재보험 건강보험 국민연금,2026-07-24,,8.0,5.0,20.0,7.4,20.0,7.0,67.4,C
H954202607240560,청주냉삼,주방보조  구인,일반 음식점 서빙원,무관,관계없음,상용직,시급 / 11000원 - 면접 후 협의가능 ,경기 시흥시,,"근무 시간 및 요일 협의 가능/
9시30분시~14시30분",기타,0,마감일 (2026-09-23),방문   ,이력서   ,031-310-4765,일반음식점,"*주방보조  구인

*구인 인원:  주방보조 1명
*시급 지급: 11,000원 (경력자는 우대 시급 적용)
*근무시간: 9:30 ~ 14:30(주방보조)
*근무요일: 주4일 (월~목)/ 요일.시간조율 가능함 

*사대보험 가입
*지원방법 전화 접수 후 면접 진행",퇴직금,산재보험 건강보험 국민연금 ,2026-07-24,,6.5,5.0,18.0,7.4,15.0,7.0,58.9,C
H954202607270763,(주)이남장,이남장설렁탕 홀주방 조리/보조원 채용,일반 음식점 서빙원,무관,관계없음,상용직,월급 / 330만원 - 면접 후 협의가능 ,서울 강남구,,(근무시간) (오전) 10시 00분 ~ (오후) 8시 00분,주6일근무,40,마감일 (2026-09-23),고용24 입사지원   ,이력서   ,02-3468-4717,한식,"[모집직무]
일반 음식점 접객서빙원, 주점·커피숍 접객서빙원, 숙박시설 서비스 종사원

[직무소개]
저희는 맛있는 음식과 편안한 분위기가 조화를 이루는 곳입니다.  고객들에게 최고의 서비스를 제공하는 것을 즐기는 사람이라면, 반드시 우리 가족이 되어주세요.

[주요업무]
- 손님 접수 및 주문 받기
- 음료 및 메뉴 설명
- 주문 처리 및 메뉴 제공
- 테이블 관리 및 청소
- 고객 응대 및 서비스",퇴직금,고용보험 산재보험 건강보험 국민연금,2026-07-27,,14.5,5.0,20.0,7.4,20.0,7.0,73.9,B
H954202607240744,코리아휴먼리스오스시스템,[경기 화성시/본푸드/구내식당] 엘케이엔지니어링점 구내식당 직원모집,,경력,관계없음,계약직,월급 / 95만원 ,경기 화성시엘케이엔지니어링점,,(근무시간) (오전) 11시 00분 ~ (오후) 2시 00분,주5일근무,15,마감일 (2026-09-23),방문 고용24 입사지원  ,이력서   ,02-3282-9233,"아웃소싱,콜센터 등","< 담당업무 > 
코리아휴먼 경기 화성시, 엘케이엔지니어링점 구내식당 조리원 모집/
- 근무시간:  11:00~14:00 (주 5일 근무  )
- 급여: 950,000원
- 업무 : 세척 및 주방보조
- 근무지: 경기 화성시 동탄산단6길 31-37
- 구내식당 조리 경력자 우대

** 실업급여 수급을 위한 지원은 삼가해 주세요 **",퇴직연금,고용보험 산재보험 건강보험 국민연금,2026-07-24,,9.5,5.0,20.0,7.4,20.0,7.0,68.9,C
H954202607240825,가비에프앤비,가비국수집 -  홀서빙 구함 상현역 위치,홀서빙원,경력,관계없음,상용직,월급 / 250만원 - 면접 후 협의가능 ,경기 용인시,,"(근무시간) (오전) 10시 00분 ~ (오후) 8시 30분
* 상세한 근무시간 및 휴게시간",주6일근무,40,마감일 (2026-09-23),방문 고용24 입사지원  ,기타   ,031-289-2214,일반 한식    음식점,"홀 써빙 하실 분 찾습니다 
주간 1 명   근무시간 10:00: 20:00  휴식시간 15:00 ~16:30 
 / 야간 1 명  22;00 ~ 일일 8:00   

일 반 음식점 

상현역 2 번 출구  1 분거리",퇴직금,고용보험 산재보험 건강보험 국민연금,2026-07-24,,5.0,5.0,20.0,7.4,20.0,7.0,64.4,C
H954202607240716,공경의집,박애재단 공경의집 노인요양원 조리원 채용공고,기타 조리사,무관,관계없음,상용직,월급 / 235만원 ,경기 고양시(설문동) 공경의 집 노인요양원 ,,"주간 09:00~18:00
아침 06:30~15:30 (월 9~10일 내)",주5일근무,40,마감일 (2026-09-23),방문 팩스  ,이력서 자기소개서  ,031-920-3930,장기요양등급 어르신 케어,"- 시설분야
 어르신


- 모집정보
*모집기간 : 채용시까지
*모집인원 : 1 명
*근무지역 : 경기도 고양시 일산동구
*근무형태 : 정규직
*경력 : 무관
*급여 : 내규 


-지원자격
1) 조리업무 경력직 우대
2) 노인요양시설 근무경력 우대

-기타

사회복지법인 박애재단 공경의집 노인요양원에서는 다음과 같이 단체급식 조리원을 공개모집합니다. 

1. 근무기관 : 공경의집 노인요양원 (www.sgong.kr) 

2. 채용직책 및 인원 : 조리원 1명 

3. 채용일정 
1) 기간 : 채용시까지 (서류접수시 확인 후 수시면접 진행) 
2) 접수 : 이메일, 팩스 수시접수
3) 면접 : 서류확인후 날짜 개별통보 

4. 제출서류 
1) 이력서 (사진 첨부시 최근 6개월 이내 사진 제출 요망)
2) 자기소개서

6. 근무조건 
1) 근무시간 : 06:30~15:30/ 09:00~18:00 스케쥴근무 주 40시간
2) 근무기간 : 근무평가에 따라 정년까지 재계약(정규직), 정년(만 60세)이후 근로 가능 
3) 복지혜택 : 상여금, 4대보험, 퇴직연금, 연차, 생일축하포상, 직원상해보험(사회복지공제회) 등 
4) 급 여 : 내규에 따라 협의 후 결정 

7. 기타 문의 
1) 접수방법 : 이메일접수(gong3945@hanmail.net)/ 팩스접수 (031-977-3941) 
2) 전화문의 : 공경의집 조윤애 영양사 (TEL 031-977-3945) 
3) 채용 적격자 없을시 재공고함. 
4) 채용종료후 미채용자의 수집된 개인정보는 즉시 파기함.

* 사회복지사업법 제7조, 제35조, 제35조의 2에 근거하여 노인학대관련 범죄경력조회, 성범죄경력조회, 범죄경력조회후 결격사유 확인시 채용이 취소될수 있습니다.",퇴직연금,고용보험 산재보험 건강보험 국민연금,2026-07-24,,13.0,5.0,20.0,7.4,20.0,7.0,72.4,B
H954202607240722,주한미공군,"OAB-NAF-054-25, 보조요리사, 기능직 3급",기타 조리사,경력,대학_대학교,상용직(시간제),시급 / 16000원 ,경기 평택시,,"5~11시, 11~17시, 17~22시
3조 3교대 근무",주5일근무,32,마감일 (2026-09-23),우편   ,이력서 졸업증명서 경력증명서 기타,031-646-1207,부대내 후생.,"요리사를 보조하는 업무, 음식 재료준비 및 보조 요리 업무",퇴직금,고용보험 산재보험 건강보험 국민연금,2026-07-24,,6.5,5.0,18.0,7.4,20.0,7.0,63.9,C
H954202607240268,세온재가복지센터,치매교육이수하신 요양보호사 모집,재가 간병인,무관,관계없음,상용직,시급 / 10320원 ,경기 의정부시..,,(근무시간) (오전) 9시 00분 ~ (정오) 12시 00분,주5일근무,0,마감일 (2026-09-23),방문   ,이력서   ,031-850-5938,재가 요양,"치매교육이수하신 요양보호사 구인입니다.
▣대상자: 5등급  여어르신 
  일상생활, 가사지원, 및 인지
▣근무형태 : 주5일 09:00~12:00
▣시급 : 10,320원(수당포함 13,000원)
☎문의사항 010-5134-8625 연락 후 면접 진행하시기 바랍니다.",퇴직금,고용보험 산재보험 건강보험 국민연금,2026-07-24,,6.5,5.0,18.0,7.4,20.0,7.0,63.9,C
H954202607240272,더아름복지센터,방문요양 요양보호사 모집,재가 간병인,무관,관계없음,상용직,시급 / 10320원 ,경기 화성시108동 1005호,,(근무시간) (오전) 9시 00분 ~ (정오) 12시 00분,주5일근무,,마감일 (2026-09-23),방문   ,이력서 기타  ,031-290-0860,노인요양 복지시설,"*  통합돌봄서비스 - 일상생활지원 주5일, 12:00 ~ 15:00(월 60시간) : 근무지:화성시 효행구 효행로 291번길 26, 108동 1005호 (기안동 신일해피트리아파트))- 시급: 10,320원 (주휴수당 포함 시급 13,000원)",퇴직금,고용보험 산재보험  ,2026-07-24,,6.5,5.0,18.0,7.4,16.0,7.0,59.9,C
H954202607240288,우리동네 나이팅게일 주간보호센터 파주점,[방문요양]파주시 동패동 근무 가능하신 선생님 모십니다.,재가 간병인,무관,관계없음,상용직,시급 / 10320원 ,경기 파주시,,"근무시간
평일: 월~금 09시~12시(3시간)",주5일근무,,마감일 (2026-09-23),고용24 입사지원   ,이력서   ,031-860-0411,주간보호센터,"- 근무시간 : 평일/ 월~금 09시~12시(3시간)
- 시급 : 13,500원( 기본 10,320원 + 각종 수당 등)
- 밑반찬 조리, 청소",퇴직금,고용보험 산재보험 건강보험 국민연금,2026-07-24,,5.0,5.0,18.0,7.4,16.0,7.0,58.4,C
H954202607240470,실버사랑방문요양재가센터,[미사26단지] 누구나 돌봄 남자어르신 케어 재가요양보호사 모집,재가 간병인,무관,관계없음,상용직,시급 / 10320원 - 면접 후 협의가능 ,경기 하남시,,(근무시간) (오전) 9시 00분 ~ (정오) 12시 00분,주5일근무,0,마감일 (2026-09-23),방문 기타  ,기타   ,031-790-6886,요양보호사파견업,"[미사26단지] 누구나 돌봄 남자어르신 케어 재가요양보호사 모집
 ㅇ4인가구, 직장다니시며 부부 두분이서 종일 계심. / 기저귀케어
 ㅇ7월 28일 근무 시작(27일 요양원 퇴소예정)
 ㅇ근무시간 : 주5일 09:00~12:00 (근무 시간 협의 가능)
 ㅇ급여 : 기본시급 10,320원 + 기타수당 포함 = 시급 13,000원(시급 조정 가능)

◆전화( 센터장 010-5429-2844 또는 시설장 010-7429-2844 )상담 후 지원◆",퇴직금,고용보험 산재보험 건강보험 국민연금,2026-07-24,,11.5,5.0,18.0,7.4,20.0,7.0,68.9,C
H954202607240740,바드림노인복지센터,휘경동(시조사삼거리 근처) 3등급 어머님 오전 9시~12시 주5일 방문요양 요양보호사 구인,재가 간병인,무관,관계없음,상용직,시급 / 10320원 ,서울 동대문구,,(근무시간) (오전) 9시 00분 ~ (정오) 12시 00분,주5일근무,,마감일 (2026-09-23),방문   ,기타   ,02-2127-4923,"노인장기요양 재가복지(방문요양, 방문목욕, 방문간호), 노인돌봄서비스, 요양보호사 양성",어르신 가정 방문하여 가사 및 일상생활 지원,퇴직금,고용보험 산재보험 건강보험 국민연금,2026-07-24,,6.5,6.2,18.0,7.4,16.0,7.0,61.1,C
H954202607240908,일류노인요양복지센터,정릉동1등급할머니 재가요양구인 ,재가 간병인,무관,관계없음,상용직,시급 / 10320원 ,서울 성북구.,,(근무시간) (오후) 1시 00분 ~ (오후) 4시 00분,주5일근무,0,마감일 (2026-09-23),방문   ,이력서   ,02-2241-3948,"재가장기요양기관 방문요양, 방문목욕","정릉동 1등급할머니케어 
부축 거동가능하심
전반적인요양업무 
09:00-13:30 (30분휴게시간포함 )  주5일 
- 시급10,320원 (포괄 시급 13,100원)
- 문의 010-4944-8043",퇴직금,고용보험 산재보험 건강보험 국민연금,2026-07-24,,6.5,5.0,18.0,7.4,20.0,7.0,63.9,C
H954202607240921,두레재가노인복지센터,부평구청역 인근 3등급 여자어르신 재가요양보호사 구인,재가 간병인,무관,관계없음,상용직,시급 / 10320원 ,인천 부평구상가 건물,,(근무시간) (오전) 9시 00분 ~ (정오) 12시 00분,주5일근무,,마감일 (2026-09-23),기타   ,기타   ,032-517-1604,재가노인복지,"* 근무하실 곳은 부평구청역 7번 출구 인근 상가 빌라
* 오전 9시 ~ 12시
* 월~금 (주 5일)
* 3등급 여자 독거 어르신 (실내 거동, 인지 가능)
* 어르신 식사 준비, 청소 및 가사 활동, 어르신 케어
* 시급 13,000원 (10,320원+제수당)",퇴직금,고용보험 산재보험 건강보험 국민연금,2026-07-24,,5.0,5.0,18.0,7.4,16.0,7.0,58.4,C
H954202607240785,엔터타이어,[세모타이어 용인점] 언제든 점장으로 성장할 수 있는 정직원을 모십니다,자동차 경정비원,무관,관계없음,계약직,최소연봉 / 3600만원 ,경기 용인시뒷길 동양강철 옆 세모타이어,,"(오전) 8시 00분~(오후) 7시 00분
휴게시간: 점심 1시간 / 오전 30분 / 오후 30분",주5일근무,40,마감일 (2026-09-23),고용24 입사지원   ,이력서   ,031-289-2214,중고타이어 수출,"안녕하세요! 경기 용인시 처인구에 위치한 세모타이어 용인점입니다.

저희 세모타이어는 단순한 동네 타이어 매장이 아닙니다. 국내 도·소매 및 해외 수출까지 아우르는 탄탄한 타이어 유통 전문 기업이며, 용인점은 신품 타이어와 중고 타이어를 모두 전문적으로 판매하는 곳입니다.

현재 매장이 빠르게 성장함에 따라 저희와 함께 호흡을 맞출 '정직원'을 정식으로 모시고자 합니다. 당장은 직원으로 시작하지만, 본인의 의지와 성실함만 있다면 언제든지 점장으로 승진할 수 있는 기회가 열려 있습니다.

수직적인 상하 관계나 꼰대 문화는 전혀 없습니다. 동등한 위치에서 서로 돕고 시너지를 내며 일하실 분이라면 두 팔 벌려 환영합니다. 화려한 경력이나 기술보다 '매일 아침 성실하게 출근하는 근태'와 '거짓 없이 고객을 대하는 정직함'을 가장 중요하게 생각합니다. 책임감 넘치는 분들의 많은 지원 부탁드립니다.

담당 업무
타이어 탈부착 및 매장 관리: 기본적인 타이어 교체 작업 및 쾌적한 매장 환경 유지
타이어 상품화 작업: 입고된 중고타이어에 규격 스티커를 부착하고, 왁스로 깨끗하게 닦아 새 단장하는 꼼꼼한 작업
온라인 판매 및 홍보: 꼼꼼하게 상품화된 타이어를 당근마켓 등에 업로드하여 판매를 늘리는 업무
재고 관리: 신품 및 중고 타이어 입출고 확인 및 정리

참고 사항: 당장 눈앞의 이익을 위해 고객에게 무리한 교체를 요구하는 영업은 절대 하지 않습니다. 정직하게 상태를 안내하고 신뢰를 쌓는 것이 저희의 방식입니다.

자격 요건 및 우대 사항
[자격 요건 (필수)]
운전면허 소지 필수 (매장 내 차량 이동)
학력 무관, 연령 무관 (신체 건강하고 성실함 하나면 충분합니다)

[우대 사항] (채용 시 가산점이 부여)
초보자 대환영 (처음부터 친절하게 알려드립니다)
경기 용인시 처인구 마평동 인근 거주자이신 분

근무 조건
근무 형태: 정직원 (수습 기간 3개월 / 수습 기간에도 급여는 100% 동일하게 지급됩니다)
근무 시간: 08:00 ~ 19:00 (주 5일 근무)
휴무일 안내: 매주 화요일, 수요일 휴무 (주말은 정상 근무합니다. 평일 이틀 연속 휴무로 은행 업무, 병원 진료, 한적한 평일 여행을 즐기기 좋습니다)

근무지 위치: 경기 용인시 처인구 마평동 510-9 세모타이어 용인점

급여 및 복리후생
급여 조건: 기본급 연봉 3,600만 원 + 인센티브 (월 최대 300만 원)

인센티브 상세 내용: 매장 내 중고타이어 판매 개수 기준, 월 300개 돌파 시 301개째부터 개당 1만 원씩 추가로 지급해 드립니다.",퇴직금,고용보험 산재보험 건강보험 국민연금,2026-07-24,,17.5,5.0,20.0,7.4,20.0,7.0,76.9,B
H954202607241031,효사랑나눔노인복지센터,방문요양보호사 지원 바랍니다.,재가 간병인,무관,관계없음,상용직,시급 / 10320원 ,경기 평택시,,(근무시간) (오전) 11시 00분 ~ (오후) 5시 00분,주5일근무,,마감일 (2026-09-23),고용24 입사지원   ,기타   ,031-8024-9831,개인 간병 ,"대상자 : 3등급여자, 4등급 남자 부부 어르신 

주된 급여 서비스: 말벗 및 청소와 간단한 식사준비
근무시간:11:00시~17:00시 (1일 6시간)
거주지 :진위면 진위로 
1시간 임금 :13,200원(차량유지비별도지원)
(최저임금 10,320 포함, 주휴수당, 연차수당 , 기타수당포함)
자차필수",퇴직금,고용보험 산재보험 건강보험 국민연금,2026-07-24,,6.5,5.0,18.0,7.4,16.0,7.0,59.9,C
