company_name,matched,matched_name,subscribers,avg_monthly_salary,avg_annual_salary,data_month,checked_date
&#039;(A)공동체안양노인복지센터,False,,,,,,2026-07-10
&#039;분당&#039;효자촌재가복지센터,False,,,,,,2026-07-10
&quot;(A)&quot;+연세재가복지센터,False,,,,,,2026-07-10
&quot;(A)&quot;＋신사방문요양센터,False,,,,,,2026-07-10
&quot;(A+)&quot;튼튼한방문간호센터,False,,,,,,2026-07-10
&quot;1288&quot;참사랑노인복지센터,False,,,,,,2026-07-10
&quot;AAA+&quot;광진효나눔센터,False,,,,,,2026-07-10
&quot;더조은&quot;사랑나눔노인복지센터,False,,,,,,2026-07-10
( A+ ) 부천 이레아이맘 교육원,False,,,,,,2026-07-10
( A+ ) 이레아이맘 산후도우미 부천지사,False,,,,,,2026-07-10
( A+ )노원아이맘케어,False,,,,,,2026-07-10
( No.1 )아이맘케어,False,,,,,,2026-07-10
( 주)나래건설,False,,,,,,2026-07-10
(#)다산케어센터,False,,,,,,2026-07-10
(#)베베산모도우미,False,,,,,,2026-07-10
(+A)송도효드림복지센터,True,(+A)송도효드림복지센터,11.0,3302000.0,39624000.0,2026-05,2026-07-10
(A) 경기안산 참사랑어머니회,True,(A) 경기안산 참사랑어머니회,5.0,2088444.0,25061333.0,2026-05,2026-07-10
(A)+1건강드림실버케어통합재가센터,False,,,,,,2026-07-10
(A)+봄봄재가복지센터,False,,,,,,2026-07-10
(A)+예손방문요양센터,False,,,,,,2026-07-10
(A)가송방문요양센터,False,,,,,,2026-07-10
(A)강남세곡행복케어재가센터,False,,,,,,2026-07-10
(A)관악현대재가복지센터,False,,,,,,2026-07-10
(A)나은재가센터,True,(A)나은재가센터,13.0,1474051.0,17688615.0,2026-05,2026-07-10
(A)느티나무방문요양센터,True,(A)느티나무방문요양센터,15.0,1297467.0,15569600.0,2026-05,2026-07-10
(A)바로노인복지센터,False,,,,,,2026-07-10
(A)비지팅엔젤스 강동지점,False,,,,,,2026-07-10
(A)비지팅엔젤스 강북지점,False,,,,,,2026-07-10
(A)비지팅엔젤스 구로개봉지점,False,,,,,,2026-07-10
(A)비지팅엔젤스 남양주별내 방문요양지점,False,,,,,,2026-07-10
(A)비지팅엔젤스 도봉방문요양지점,False,,,,,,2026-07-10
(A)비지팅엔젤스 목동지점,False,,,,,,2026-07-10
(A)비지팅엔젤스 북수원방문요양지점,False,,,,,,2026-07-10
(A)비지팅엔젤스 서대문지점,False,,,,,,2026-07-10
(A)비지팅엔젤스 성북지점,False,,,,,,2026-07-10
(A)비지팅엔젤스 송파위례방문요양지점,False,,,,,,2026-07-10
(A)비지팅엔젤스 용인구갈 방문요양지점,False,,,,,,2026-07-10
(A)비지팅엔젤스 의왕내손방문요양지점,False,,,,,,2026-07-10
(A)비지팅엔젤스 인천미추홀중앙방문요양지점,False,,,,,,2026-07-10
(A)비지팅엔젤스 중랑지점,False,,,,,,2026-07-10
(A)비지팅엔젤스부천중동방문요양지점,False,,,,,,2026-07-10
(A)비지팅엔젤스분당지점,False,,,,,,2026-07-10
(A)비지팅엔젤스송파지점,False,,,,,,2026-07-10
(A)비지팅엔젤스안산상록안산방문요양지점,True,(A)비지팅엔젤스안산상록안산방문요양지점,11.0,1147434.0,13769212.0,2026-05,2026-07-10
(A)비지팅엔젤스영등포지점,False,,,,,,2026-07-10
(A)샬롬방문요양센터,True,(A)샬롬방문요양센터,11.0,1451515.0,17418182.0,2026-05,2026-07-10
(A)실버천사 방문요양센터,False,,,,,,2026-07-10
(A)온마음재가복지센터,False,,,,,,2026-07-10
(A)유니실버요양원,False,,,,,,2026-07-10
(A)은혜재가노인복지센터,False,,,,,,2026-07-10
(A)이레재가복지센터,False,,,,,,2026-07-10
(A)정원재가복지센터,True,(A)정원재가복지센터,12.0,1612852.0,19354222.0,2026-05,2026-07-10
(A)큰사랑재가요양센터,True,(A)큰사랑재가요양센터,13.0,1768803.0,21225641.0,2026-05,2026-07-10
(A)하모니방문요양센터,False,,,,,,2026-07-10
(A+) 가연간호방문요양센터,False,,,,,,2026-07-10
(A+) 누리 봄 방문간호요양센터,False,,,,,,2026-07-10
(A+) 이레아이맘 성동광진동대문,False,,,,,,2026-07-10
(A+)가나복지센터,True,(A+)가나복지센터,22.0,1322636.0,15871636.0,2026-05,2026-07-10
(A+)가족사랑재가노인복지센터,False,,,,,,2026-07-10
(A+)강동포도나무요양원 1호점,False,,,,,,2026-07-10
(A+)늘찬복지용구,False,,,,,,2026-07-10
(A+)단비재가간호요양센터,True,(A+)단비재가간호요양센터,13.0,1558803.0,18705641.0,2026-05,2026-07-10
(A+)더원재활주간보호센터,True,(A+)더원재활주간보호센터,31.0,1771685.0,21260215.0,2026-05,2026-07-10
(A+)도봉재가복지센터,False,,,,,,2026-07-10
(A+)바른케어,False,,,,,,2026-07-10
(A+)산모피아,False,,,,,,2026-07-10
(A+)서울노인복지센터,True,(A+)서울노인복지센터,16.0,1102208.0,13226500.0,2026-05,2026-07-10
(A+)서울방문요양센터,False,,,,,,2026-07-10
(A+)서울시니어스 방문요양센터 중랑,False,,,,,,2026-07-10
(A+)서울시니어스 원스톱실버케어,False,,,,,,2026-07-10
(A+)아람노인재활주간보호,False,,,,,,2026-07-10
(A+)온누리사랑재가요양센터,False,,,,,,2026-07-10
(A+)우리방문요양센터,False,,,,,,2026-07-10
(A+)은평시니어복지센터,True,(A+)은평시니어복지센터,12.0,1680093.0,20161111.0,2026-05,2026-07-10
(A+)은혜방문요양센터,False,,,,,,2026-07-10
(A+)춤추는고래재가복지센터,False,,,,,,2026-07-10
(A+)평화요양원,False,,,,,,2026-07-10
(A+)하나방문요양센터,True,(A+)하나방문요양센터,11.0,1258566.0,15102788.0,2026-05,2026-07-10
(A+)하누리케어,False,,,,,,2026-07-10
(A+)하모니주야간보호센터 송파풍납점,False,,,,,,2026-07-10
(A+)한겨레실버방문요양센터,True,(A+)한겨레실버방문요양센터,7.0,2004286.0,24051429.0,2026-05,2026-07-10
(A+)한성노인복지센터,True,(A+)한성노인복지센터,12.0,1410759.0,16929111.0,2026-05,2026-07-10
(A+)행복나눔방문요양,False,,,,,,2026-07-10
(A+)효자손노인복지센터,True,(A+)효자손노인복지센터,16.0,1269750.0,15237000.0,2026-05,2026-07-10
(A방문3천사),True,(A방문3천사),13.0,1528786.0,18345436.0,2026-05,2026-07-10
(K)한누리한마음센터,True,(K)한누리한마음센터,10.0,1747822.0,20973867.0,2026-05,2026-07-10
(NO1)아이맘케어,False,,,,,,2026-07-10
(No.1)아이맘케어안양지사,False,,,,,,2026-07-10
(心)심방문요양센터,False,,,,,,2026-07-10
(가)김포중앙데이케어센터,False,,,,,,2026-07-10
(강남서초)엔젤스맘,False,,,,,,2026-07-10
(강동송파)다산케어센터,False,,,,,,2026-07-10
(경기)산모피아 화성지사,False,,,,,,2026-07-10
(고양)하늘소리요양원,True,(고양)하늘소리요양원,13.0,2469846.0,29638154.0,2026-05,2026-07-10
(공립)남면어린이집,True,(공립)남면어린이집,6.0,2842519.0,34110222.0,2026-05,2026-07-10
(금천)하늘방문요양센터,True,(금천)하늘방문요양센터,22.0,1420263.0,17043152.0,2026-05,2026-07-10
(농)(주)수지스링크,False,,,,,,2026-07-10
(복)서로사랑복지센터,False,,,,,,2026-07-10
(복)진영실버복지센터,False,,,,,,2026-07-10
(사)경기도농아인협회,True,(사)경기도농아인협회,14.0,3695556.0,44346667.0,2026-05,2026-07-10
(사)경기도시각장애인연합회 용인시지회,False,,,,,,2026-07-10
(사)경기도시각장애인연합회평택시지회,False,,,,,,2026-07-10
(사)경기도장애인복지회 부천지부,False,,,,,,2026-07-10
(사)경기도장애인정보화협회 군포시지회,True,(사)경기도장애인정보화협회 군포시지회,8.0,1620194.0,19442333.0,2026-05,2026-07-10
(사)국립예술단체연합회,False,,,,,,2026-07-10
(사)국민독서문화진흥회,False,,,,,,2026-07-10
(사)국민안전진흥협회,True,(사)국민안전진흥협회,7.0,1800698.0,21608381.0,2026-05,2026-07-10
(사)나눔복지,True,(사)나눔복지,5.0,2575022.0,30900267.0,2026-05,2026-07-10
(사)늘푸른복지,False,,,,,,2026-07-10
(사)담배인삼공제회,True,(사)담배인삼공제회,232.0,3559201.0,42710414.0,2026-05,2026-07-10
(사)대한노인회영등포구지회,True,(사)대한노인회영등포구지회,7.0,2825968.0,33911619.0,2026-05,2026-07-10
(사)몽양여운형선생기념사업회,False,,,,,,2026-07-10
(사)보성 유통사업단,True,(사)보성 유통사업단,5.0,2883289.0,34599467.0,2026-05,2026-07-10
(사)새누리장애인부모연대시흥지부,False,,,,,,2026-07-10
(사)서울뇌병변장애인인권협회,True,(사)서울뇌병변장애인인권협회,79.0,1771376.0,21256506.0,2026-05,2026-07-10
(사)서울장애인부모연대 광진지회,False,,,,,,2026-07-10
(사)수원여성인권돋음,False,,,,,,2026-07-10
(사)아름다움나눔협회사업단,True,(사)아름다움나눔협회사업단,10.0,2125044.0,25500533.0,2026-05,2026-07-10
(사)에바다장애인종합복지관,False,,,,,,2026-07-10
(사)우리들행복나눔,False,,,,,,2026-07-10
(사)인천장애인부모회,True,(사)인천장애인부모회,174.0,1526225.0,18314697.0,2026-05,2026-07-10
(사)정을심는복지회,True,(사)정을심는복지회,4.0,2187556.0,26250667.0,2026-05,2026-07-10
(사)한국건물에너지기술원,False,,,,,,2026-07-10
(사)한국고용복지센터,False,,,,,,2026-07-10
(사)한국아이티복지진흥원,True,(사)한국아이티복지진흥원,6.0,3789037.0,45468444.0,2026-05,2026-07-10
(사)한국외식업중앙회 강동구지회,False,,,,,,2026-07-10
(사)한국의정연구회,False,,,,,,2026-07-10
(사)한국장애인이워크협회,False,,,,,,2026-07-10
(사)한국장애인협회 일자리센터,False,,,,,,2026-07-10
(사)한국지체장애인협회경기도협회군포시지회,True,(사)한국지체장애인협회경기도협회군포시지회,4.0,3131778.0,37581333.0,2026-05,2026-07-10
(사)한국커뮤니티연구원,False,,,,,,2026-07-10
(사)한국폐의류재활용조합,False,,,,,,2026-07-10
(사)한빛장애인협회 기전사업단,True,(사)한빛장애인협회 기전사업단,21.0,2156603.0,25879238.0,2026-05,2026-07-10
(사)함께하는세상삼우보호작업장,False,,,,,,2026-07-10
(사)행운복지센터,False,,,,,,2026-07-10
(사랑나눔)요양센터,False,,,,,,2026-07-10
(사복)상생복지회 골든밸리,False,,,,,,2026-07-10
(사복)상생복지회함현상생종합사회복지관,False,,,,,,2026-07-10
(사회복지)서대문종합사회복지관,False,,,,,,2026-07-10
(사회복지법인) 연동복지재단,False,,,,,,2026-07-10
(송파)다산케어센터,False,,,,,,2026-07-10
(수원)아가별산후도우미,False,,,,,,2026-07-10
(시립)도촌어린이집,True,(시립)도촌어린이집,11.0,2495374.0,29944485.0,2026-05,2026-07-10
(에이플러스)고양늘푸른 방문요양센터,False,,,,,,2026-07-10
(유)광교주류,False,,,,,,2026-07-10
(유)광덕주류,False,,,,,,2026-07-10
(유)대주에이치알,False,,,,,,2026-07-10
(유)랍코리아,True,(유)랍코리아,140.0,5122370.0,61468438.0,2026-05,2026-07-10
(유)미래환경,True,(유)미래환경,58.0,2711923.0,32543080.0,2026-05,2026-07-10
(유)백제환경,False,,,,,,2026-07-10
(유)성우이앤씨,True,(유)성우이앤씨,11.0,5340949.0,64091394.0,2026-05,2026-07-10
(유)성인천장례식장,True,(유)성인천장례식장,12.0,3347444.0,40169333.0,2026-05,2026-07-10
(유)신동주류,False,,,,,,2026-07-10
(유)우원티엠,False,,,,,,2026-07-10
(유)원광,True,(유)원광,74.0,1986916.0,23842991.0,2026-05,2026-07-10
(유)유림로지텍,True,(유)유림로지텍,35.0,3551752.0,42621029.0,2026-05,2026-07-10
(유)탄천산업,True,(유)탄천산업,109.0,2437580.0,29250960.0,2026-05,2026-07-10
(유)하이스푼,True,(유)하이스푼,10.0,4042667.0,48512000.0,2026-05,2026-07-10
(의)백송의료재단굿모닝병원,False,,,,,,2026-07-10
(의)사랑의병원,False,,,,,,2026-07-10
(의)성세의료재단영종국제병원,False,,,,,,2026-07-10
(의)안은의료재단 시애노전문요양센터,True,(의)안은의료재단 시애노전문요양센터,35.0,2496400.0,29956800.0,2026-05,2026-07-10
(의)안은의료재단부평세림병원,False,,,,,,2026-07-10
(의)혜담의료재단평택e편안요양병원,False,,,,,,2026-07-10
(의료)풍산의료재단동부제일,False,,,,,,2026-07-10
(인천)VIP요양원,True,(인천)VIP요양원,20.0,2494178.0,29930133.0,2026-05,2026-07-10
(인천)에벤에셀요양원,True,(인천)에벤에셀요양원,12.0,2267056.0,27204667.0,2026-05,2026-07-10
(자)태광교통,False,,,,,,2026-07-10
(재) 다솜이재단,False,,,,,,2026-07-10
(재)경기도문화의전당,False,,,,,,2026-07-10
(재)경기복지미래재단,False,,,,,,2026-07-10
(재)국제가톨릭형제회유지재단,False,,,,,,2026-07-10
(재)서능공원묘지운영회,False,,,,,,2026-07-10
(재)서울꽃동네신내노인요양원,True,(재)서울꽃동네신내노인요양원,100.0,2815211.0,33782533.0,2026-05,2026-07-10
(재)서울연구원,True,(재)서울연구원,382.0,5129757.0,61557089.0,2026-05,2026-07-10
(재)양천문화재단,False,,,,,,2026-07-10
(재)용인공원,False,,,,,,2026-07-10
(재)용인문화재단,False,,,,,,2026-07-10
(재)인천YMCA청소년재단,False,,,,,,2026-07-10
(재)한국문화산업교류재단,False,,,,,,2026-07-10
(재단법인)법보선원,False,,,,,,2026-07-10
(주) 가온소프트,False,,,,,,2026-07-10
(주) 강남송도,False,,,,,,2026-07-10
(주) 글루시스,False,,,,,,2026-07-10
(주) 금성이엔씨,False,,,,,,2026-07-10
(주) 금화,False,,,,,,2026-07-10
(주) 나우테크,False,,,,,,2026-07-10
(주) 남광유압,False,,,,,,2026-07-10
(주) 남양이앤에스,False,,,,,,2026-07-10
(주) 늘푸른광고산업,False,,,,,,2026-07-10
(주) 다원체어스,False,,,,,,2026-07-10
(주) 대성플라스틱,False,,,,,,2026-07-10
(주) 대신육가공 경기지사,False,,,,,,2026-07-10
(주) 대원실업사,False,,,,,,2026-07-10
(주) 대인교통 (주안지점),True,(주) 대인교통 (주안지점),16.0,3818250.0,45819000.0,2026-05,2026-07-10
(주) 더빌더스,False,,,,,,2026-07-10
(주) 더스타푸드,False,,,,,,2026-07-10
(주) 더위더스,True,(주) 더위더스,8.0,3211500.0,38538000.0,2026-05,2026-07-10
(주) 덕양,False,,,,,,2026-07-10
(주) 덴템,False,,,,,,2026-07-10
(주) 동방파스텍,False,,,,,,2026-07-10
(주) 동아씨스템,False,,,,,,2026-07-10
(주) 동행,False,,,,,,2026-07-10
(주) 두원필름,False,,,,,,2026-07-10
"(주) 디에이치팩(DH PACK Co.,Ltd.)",False,,,,,,2026-07-10
(주) 래쉬놀코리아,False,,,,,,2026-07-10
(주) 로부스,True,(주) 로부스,16.0,2980208.0,35762500.0,2026-05,2026-07-10
(주) 마니교통(원창지점),False,,,,,,2026-07-10
(주) 마이테크,False,,,,,,2026-07-10
(주) 맨링크,False,,,,,,2026-07-10
(주) 명진정공,False,,,,,,2026-07-10
(주) 미래기술,False,,,,,,2026-07-10
(주) 미래새한감정평가법인 경기지사,False,,,,,,2026-07-10
(주) 벤텍퍼니처,False,,,,,,2026-07-10
(주) 보미엔터프라이즈,False,,,,,,2026-07-10
(주) 부일,False,,,,,,2026-07-10
(주) 비엘비,True,(주) 비엘비,10.0,3361867.0,40342400.0,2026-05,2026-07-10
(주) 사랑과선행,False,,,,,,2026-07-10
(주) 산간고,False,,,,,,2026-07-10
(주) 산간고 반찬,True,(주) 산간고 반찬,32.0,3260438.0,39125250.0,2026-05,2026-07-10
(주) 삼성파워텍,False,,,,,,2026-07-10
(주) 삼오관리,False,,,,,,2026-07-10
(주) 서문글라스,True,(주) 서문글라스,6.0,3448296.0,41379556.0,2026-05,2026-07-10
(주) 서야에프씨,False,,,,,,2026-07-10
(주) 선정,True,(주) 선정,6.0,3289815.0,39477778.0,2026-05,2026-07-10
(주) 선진엔지니어링,False,,,,,,2026-07-10
(주) 선진휴먼테크,False,,,,,,2026-07-10
(주) 성산종합물류,False,,,,,,2026-07-10
(주) 성은실버케어스 2관,False,,,,,,2026-07-10
(주) 성진식품,True,(주) 성진식품,11.0,3202141.0,38425697.0,2026-05,2026-07-10
(주) 솔리렉스,False,,,,,,2026-07-10
(주) 신풍,False,,,,,,2026-07-10
(주) 아이에스텍,False,,,,,,2026-07-10
(주) 알로하아이디어스,False,,,,,,2026-07-10
(주) 알에치테크윈,True,(주) 알에치테크윈,3.0,3594519.0,43134222.0,2026-05,2026-07-10
(주) 애드인,False,,,,,,2026-07-10
(주) 어센티코,False,,,,,,2026-07-10
(주) 에스탑,False,,,,,,2026-07-10
(주) 에이렘,False,,,,,,2026-07-10
(주) 에프앤비네트웍스,False,,,,,,2026-07-10
(주) 엔에이치코리아,False,,,,,,2026-07-10
(주) 엔투라지글로벌,False,,,,,,2026-07-10
(주) 엘림테크,False,,,,,,2026-07-10
(주) 엘사케이알,False,,,,,,2026-07-10
(주) 엠아이티에스,False,,,,,,2026-07-10
(주) 온에이치알 (HR),False,,,,,,2026-07-10
(주) 완전정밀,False,,,,,,2026-07-10
(주) 우석파츠,False,,,,,,2026-07-10
(주) 원일이노텍,False,,,,,,2026-07-10
(주) 윈크린,False,,,,,,2026-07-10
(주) 유성시에스,False,,,,,,2026-07-10
(주) 유일비엠텍,False,,,,,,2026-07-10
(주) 유진테크,False,,,,,,2026-07-10
(주) 이앤씨,False,,,,,,2026-07-10
(주) 인슈코아,False,,,,,,2026-07-10
(주) 인화비즈파트너스,False,,,,,,2026-07-10
(주) 일성비즈,True,(주) 일성비즈,7.0,2757746.0,33092952.0,2026-05,2026-07-10
(주) 제이아이,False,,,,,,2026-07-10
(주) 제이앤비라이너스,False,,,,,,2026-07-10
(주) 제이티엠,False,,,,,,2026-07-10
(주) 주원텍,False,,,,,,2026-07-10
(주) 지우테크,False,,,,,,2026-07-10
(주) 진테크 지점,False,,,,,,2026-07-10
(주) 창구식품,False,,,,,,2026-07-10
(주) 채울산업,False,,,,,,2026-07-10
(주) 청암 이천지점,False,,,,,,2026-07-10
(주) 키친업,False,,,,,,2026-07-10
(주) 탑서브,False,,,,,,2026-07-10
(주) 태담,False,,,,,,2026-07-10
(주) 탭스인터내셔널,False,,,,,,2026-07-10
(주) 테이팩스 양감공장,False,,,,,,2026-07-10
(주) 티에스건설,False,,,,,,2026-07-10
(주) 티엠에스이엔지,False,,,,,,2026-07-10
(주) 틸에너지,False,,,,,,2026-07-10
(주) 포스티어이엔씨,False,,,,,,2026-07-10
"(주) 포틴스코리아(14s Korea Co., Ltd.)",False,,,,,,2026-07-10
(주) 프로스틸파트너스,False,,,,,,2026-07-10
(주) 피노키오,False,,,,,,2026-07-10
(주) 하이에쓰씨,False,,,,,,2026-07-10
(주) 하이웰,False,,,,,,2026-07-10
(주) 해동우남,False,,,,,,2026-07-10
(주) 현대센츄리,False,,,,,,2026-07-10
(주) 현진소방엔지니어링,False,,,,,,2026-07-10
(주) 후레쉬서브,False,,,,,,2026-07-10
(주) 히말라야코리아,False,,,,,,2026-07-10
(주)88콘크리트,False,,,,,,2026-07-10
(주)AK로지스틱스,True,(주)AK로지스틱스,17.0,3938222.0,47258667.0,2026-05,2026-07-10
(주)BSC,False,,,,,,2026-07-10
(주)DH테크론,False,,,,,,2026-07-10
(주)HCB현대산업,False,,,,,,2026-07-10
(주)HK엘리베이터,False,,,,,,2026-07-10
(주)JBY,False,,,,,,2026-07-10
(주)JK푸드,True,(주)JK푸드,14.0,3729429.0,44753143.0,2026-05,2026-07-10
(주)JNT-TECH,False,,,,,,2026-07-10
(주)KB골든라이프케어 강동빌리지,True,(주)KB골든라이프케어 강동빌리지,60.0,2772515.0,33270178.0,2026-05,2026-07-10
(주)KB골든라이프케어 광교빌리지,True,(주)KB골든라이프케어 광교빌리지,72.0,2836620.0,34039444.0,2026-05,2026-07-10
(주)KB골든라이프케어 은평 케어센터,False,,,,,,2026-07-10
(주)MS로지스틱,False,,,,,,2026-07-10
(주)ROLLPACK,False,,,,,,2026-07-10
(주)SIMPAC ENG,True,(주)SIMPAC ENG,13.0,4447795.0,53373538.0,2026-05,2026-07-10
&#039;(H)하이케어&#039;노인장기요양센터,False,,,,,,2026-07-12
(A)비지팅엔젤스 구리방문요양지점,False,,,,,,2026-07-12
(A)우리방문요양센터,False,,,,,,2026-07-12
(사)사람과사람,False,,,,,,2026-07-12
(사)열린복지,False,,,,,,2026-07-12
(재)가천문화재단,False,,,,,,2026-07-12
(재)한국법령정보원,True,(재)한국법령정보원,85.0,3342620.0,40111435.0,2026-05,2026-07-12
(주)  포에스솔루션,False,,,,,,2026-07-12
(주) 소울,False,,,,,,2026-07-12
(주) 제일산기,False,,,,,,2026-07-12
(주) 젠콘,False,,,,,,2026-07-12
(주)SY인터텍,False,,,,,,2026-07-12
(주)VIP여행센터,False,,,,,,2026-07-12
(주)sheng화성공장,False,,,,,,2026-07-12
(주)가교기업,True,(주)가교기업,26.0,4069880.0,48838564.0,2026-05,2026-07-12
(주)가나냉동,False,,,,,,2026-07-12
(주)가나산업에이,True,(주)가나산업에이,3.0,3046296.0,36555556.0,2026-05,2026-07-12
(주)가나시험기,False,,,,,,2026-07-12
(주)가나실업,True,(주)가나실업,5.0,3519556.0,42234667.0,2026-05,2026-07-12
(주)가나에너지,False,,,,,,2026-07-12
(주)가나티엠,False,,,,,,2026-07-12
(주)가나포장건설중기,True,(주)가나포장건설중기,5.0,3175111.0,38101333.0,2026-05,2026-07-12
(주)가람공조시스템,False,,,,,,2026-07-12
(주)가람농업법인,True,(주)가람농업법인,9.0,3585778.0,43029333.0,2026-05,2026-07-12
(주)가빈,True,(주)가빈,44.0,4509379.0,54112545.0,2026-05,2026-07-12
(주)가설백화점,True,(주)가설백화점,15.0,4861526.0,58338311.0,2026-05,2026-07-12
(주)가송시스템,True,(주)가송시스템,4.0,4141889.0,49702667.0,2026-05,2026-07-12
(주)가스디엔에이,True,(주)가스디엔에이,32.0,3486451.0,41837417.0,2026-05,2026-07-12
(주)가야환경,True,(주)가야환경,7.0,3775524.0,45306286.0,2026-05,2026-07-12
(주)가엘에스앤에스,False,,,,,,2026-07-12
(주)가연,False,,,,,,2026-07-12
(주)가온,True,(주)가온,67.0,1498378.0,17980537.0,2026-05,2026-07-12
(주)가온사랑재가복지센터,False,,,,,,2026-07-12
(주)가온종합관리,True,(주)가온종합관리,26.0,2097282.0,25167385.0,2026-05,2026-07-12
(주)가온테크,True,(주)가온테크,3.0,3414667.0,40976000.0,2026-05,2026-07-12
(주)가우아이앤씨,False,,,,,,2026-07-12
(주)가이온퍼니처,True,(주)가이온퍼니처,11.0,2792848.0,33514182.0,2026-05,2026-07-12
(주)가자냉동산업,False,,,,,,2026-07-12
(주)가족사랑,True,(주)가족사랑,15.0,1253052.0,15036622.0,2026-05,2026-07-12
(주)가좌써키트,False,,,,,,2026-07-12
(주)가하메디칼,False,,,,,,2026-07-12
(주)감정평가법인 현산,False,,,,,,2026-07-12
(주)갑비고차,False,,,,,,2026-07-12
"(주)강남,서초 하트맘케어",False,,,,,,2026-07-12
(주)강남퍼니처,True,(주)강남퍼니처,9.0,3481136.0,41773630.0,2026-05,2026-07-12
(주)강북공영,True,(주)강북공영,28.0,2757063.0,33084762.0,2026-05,2026-07-12
(주)강성이엠에스,False,,,,,,2026-07-12
(주)강우,True,(주)강우,4.0,3164000.0,37968000.0,2026-05,2026-07-12
(주)강탄산업,False,,,,,,2026-07-12
(주)강평무역,False,,,,,,2026-07-12
(주)강한,True,(주)강한,11.0,3399091.0,40789091.0,2026-05,2026-07-12
(주)강호시스템,True,(주)강호시스템,3.0,2249037.0,26988444.0,2026-05,2026-07-12
(주)거광,True,(주)거광,20.0,3616378.0,43396533.0,2026-05,2026-07-12
(주)거륭산업,True,(주)거륭산업,6.0,3969333.0,47632000.0,2026-05,2026-07-12
(주)거명이엔지,True,(주)거명이엔지,5.0,3550178.0,42602133.0,2026-05,2026-07-12
(주)거산,True,(주)거산,8.0,3298778.0,39585333.0,2026-05,2026-07-12
(주)거산로지스,False,,,,,,2026-07-12
(주)거산코아트,True,(주)거산코아트,16.0,5790347.0,69484167.0,2026-05,2026-07-12
(주)거성가구,True,(주)거성가구,4.0,4359389.0,52312667.0,2026-05,2026-07-12
(주)거영그린힐,True,(주)거영그린힐,46.0,2996111.0,35953333.0,2026-05,2026-07-12
(주)거창전력,False,,,,,,2026-07-12
(주)거평종합철강,True,(주)거평종합철강,3.0,4494444.0,53933333.0,2026-05,2026-07-12
(주)거화,True,(주)거화,4.0,1912611.0,22951333.0,2026-05,2026-07-12
(주)건강한 어르신들의 세상,False,,,,,,2026-07-12
(주)건국방재,False,,,,,,2026-07-12
(주)건동,True,(주)건동,4.0,3500889.0,42010667.0,2026-05,2026-07-12
(주)건양산업,True,(주)건양산업,6.0,4038630.0,48463556.0,2026-05,2026-07-12
(주)건영산업,True,(주)건영산업,3.0,1995333.0,23944000.0,2026-05,2026-07-12
(주)건용환경개발,True,(주)건용환경개발,19.0,3868117.0,46417404.0,2026-05,2026-07-12
(주)건웅종합관리,True,(주)건웅종합관리,23.0,2473671.0,29684058.0,2026-05,2026-07-12
(주)건은,False,,,,,,2026-07-12
(주)건일이엔지,True,(주)건일이엔지,24.0,4335620.0,52027444.0,2026-05,2026-07-12
(주)건일자동문,False,,,,,,2026-07-12
(주)견우마을,True,(주)견우마을,146.0,3527531.0,42330374.0,2026-05,2026-07-12
(주)경기 하트맘케어,False,,,,,,2026-07-12
(주)경기그린환경,False,,,,,,2026-07-12
(주)경기남부유통,True,(주)경기남부유통,11.0,3544889.0,42538667.0,2026-05,2026-07-12
(주)경기물산,False,,,,,,2026-07-12
(주)경기비철,True,(주)경기비철,4.0,3807611.0,45691333.0,2026-05,2026-07-12
(주)경기산업,False,,,,,,2026-07-12
(주)경기정밀화학,False,,,,,,2026-07-12
(주)경남유리,True,(주)경남유리,4.0,4259167.0,51110000.0,2026-05,2026-07-12
(주)경도,True,(주)경도,3.0,2264519.0,27174222.0,2026-05,2026-07-12
(주)경동디자인,False,,,,,,2026-07-12
(주)경동실업,False,,,,,,2026-07-12
(주)경동케미칼,True,(주)경동케미칼,5.0,4336800.0,52041600.0,2026-05,2026-07-12
(주)경민종합건설,True,(주)경민종합건설,4.0,3125722.0,37508667.0,2026-05,2026-07-12
(주)경방테크롤,True,(주)경방테크롤,37.0,3438655.0,41263856.0,2026-05,2026-07-12
(주)경복이엔씨,True,(주)경복이엔씨,3.0,2461185.0,29534222.0,2026-05,2026-07-12
(주)경성방재설비,False,,,,,,2026-07-12
(주)경성엠씨,False,,,,,,2026-07-12
(주)경신엠유엘,True,(주)경신엠유엘,17.0,2350052.0,28200627.0,2026-05,2026-07-12
(주)경안써머텍,False,,,,,,2026-07-12
(주)경안테크,True,(주)경안테크,6.0,3343778.0,40125333.0,2026-05,2026-07-12
(주)경안파이프,True,(주)경안파이프,27.0,4173926.0,50087111.0,2026-05,2026-07-12
(주)경우이앤씨,True,(주)경우이앤씨,55.0,4927240.0,59126885.0,2026-05,2026-07-12
(주)경원,True,(주)경원,29.0,1348912.0,16186943.0,2026-05,2026-07-12
(주)경원기전,False,,,,,,2026-07-12
(주)경원소재,True,(주)경원소재,36.0,4329080.0,51948963.0,2026-05,2026-07-12
(주)경원엠에스,False,,,,,,2026-07-12
(주)경은테크놀러지,False,,,,,,2026-07-12
(주)경인기계,True,(주)경인기계,69.0,3373311.0,40479729.0,2026-05,2026-07-12
(주)경인정밀기계,True,(주)경인정밀기계,25.0,2951671.0,35420053.0,2026-05,2026-07-12
(주)경인종합유리,False,,,,,,2026-07-12
(주)경일산업,True,(주)경일산업,9.0,3618691.0,43424296.0,2026-05,2026-07-12
(주)경일산업개발,False,,,,,,2026-07-12
(주)경일엘레베이터,False,,,,,,2026-07-12
(주)경일이엔씨,False,,,,,,2026-07-12
(주)경진금속,True,(주)경진금속,3.0,6283630.0,75403556.0,2026-05,2026-07-12
(주)경진안전유리,False,,,,,,2026-07-12
(주)경진이앤지,True,(주)경진이앤지,25.0,3181111.0,38173333.0,2026-05,2026-07-12
(주)경진전기,True,(주)경진전기,5.0,4231867.0,50782400.0,2026-05,2026-07-12
(주)계룡관리,False,,,,,,2026-07-12
(주)고도시스템,True,(주)고도시스템,6.0,2776222.0,33314667.0,2026-05,2026-07-12
(주)고려고무,False,,,,,,2026-07-12
(주)고려인삼뿌리방,True,(주)고려인삼뿌리방,6.0,2096778.0,25161333.0,2026-05,2026-07-12
(주)고려정보기술,True,(주)고려정보기술,8.0,2073083.0,24877000.0,2026-05,2026-07-12
(주)고려주공,False,,,,,,2026-07-12
(주)고산엔지니어링,True,(주)고산엔지니어링,33.0,2907926.0,34895111.0,2026-05,2026-07-12
(주)고암,True,(주)고암,2349.0,2906445.0,34877338.0,2026-05,2026-07-12
(주)고운손재가복지센터,True,(주)고운손재가복지센터,6.0,942889.0,11314667.0,2026-05,2026-07-12
(주)고원금속,True,(주)고원금속,51.0,4149804.0,49797647.0,2026-05,2026-07-12
(주)고향미트,False,,,,,,2026-07-12
(주)고향식품,False,,,,,,2026-07-12
(주)곤지암스틸,False,,,,,,2026-07-12
(주)골든에스앤씨,False,,,,,,2026-07-12
(주)골프존카운티디엔엠,False,,,,,,2026-07-12
(주)공감건축,False,,,,,,2026-07-12
(주)공감레이저,False,,,,,,2026-07-12
(주)공공미디어열림,False,,,,,,2026-07-12
(주)공공칠월드,False,,,,,,2026-07-12
(주)공덕기계,False,,,,,,2026-07-12
(주)공설축산유통,False,,,,,,2026-07-12
(주)관웅,False,,,,,,2026-07-12
(주)광개토환경,False,,,,,,2026-07-12
(주)광동티엘에스,True,(주)광동티엘에스,25.0,2590729.0,31088747.0,2026-05,2026-07-12
(주)광명씨엠건축사사무소,False,,,,,,2026-07-12
(주)광성피케이씨,True,(주)광성피케이씨,4.0,4813500.0,57762000.0,2026-05,2026-07-12
(주)광신기어,True,(주)광신기어,31.0,4023047.0,48276559.0,2026-05,2026-07-12
(주)광신판지,False,,,,,,2026-07-12
(주)광신하이테크,True,(주)광신하이테크,5.0,4118044.0,49416533.0,2026-05,2026-07-12
(주)광양불고기본가,False,,,,,,2026-07-12
(주)광운기업,False,,,,,,2026-07-12
(주)광인사,False,,,,,,2026-07-12
(주)광주돌봄,False,,,,,,2026-07-12
(주)광진실업,False,,,,,,2026-07-12
(주)광현건설,False,,,,,,2026-07-12
(주)광희패션몰,True,(주)광희패션몰,27.0,3493761.0,41925136.0,2026-05,2026-07-12
(주)교우산업,True,(주)교우산업,5.0,3680000.0,44160000.0,2026-05,2026-07-12
(주)교학사,True,(주)교학사,17.0,3139791.0,37677490.0,2026-05,2026-07-12
(주)구로측기,False,,,,,,2026-07-12
(주)구일무산화,False,,,,,,2026-07-12
(주)구츠,True,(주)구츠,28.0,3143302.0,37719619.0,2026-05,2026-07-12
(주)국민은행,False,,,,,,2026-07-12
(주)국민은행안중지점,False,,,,,,2026-07-12
(주)국보종합관리,True,(주)국보종합관리,50.0,2622182.0,31466187.0,2026-05,2026-07-12
(주)국제곤도라,False,,,,,,2026-07-12
(주)국제안전시스템,True,(주)국제안전시스템,41.0,2918715.0,35024585.0,2026-05,2026-07-12
(주)국제통상,False,,,,,,2026-07-12
(주)굿메이트,True,(주)굿메이트,21.0,2697683.0,32372190.0,2026-05,2026-07-12
(주)굿모닝노인복지센터,True,(주)굿모닝노인복지센터,6.0,1116889.0,13402667.0,2026-05,2026-07-12
(주)굿모닝서울,True,(주)굿모닝서울,35.0,3138413.0,37660952.0,2026-05,2026-07-12
(주)굿앤피플,True,(주)굿앤피플,14.0,2913476.0,34961714.0,2026-05,2026-07-12
(주)굿잡,True,(주)굿잡,20.0,2217567.0,26610800.0,2026-05,2026-07-12
(주)굿푸드시스템,True,(주)굿푸드시스템,32.0,2842785.0,34113417.0,2026-05,2026-07-12
(주)궁전조경개발,False,,,,,,2026-07-12
(주)규림테크,True,(주)규림테크,24.0,3369991.0,40439889.0,2026-05,2026-07-12
(주)그라피티,False,,,,,,2026-07-12
(주)그린덱코리아,False,,,,,,2026-07-12
(주)그린디엔에스,True,(주)그린디엔에스,24.0,2193037.0,26316444.0,2026-05,2026-07-12
(주)그린마린,False,,,,,,2026-07-12
(주)그린메탈,True,(주)그린메탈,23.0,3972715.0,47672580.0,2026-05,2026-07-12
(주)그린서비스,False,,,,,,2026-07-12
(주)그린석재,False,,,,,,2026-07-12
(주)그린씨앤씨텍,True,(주)그린씨앤씨텍,33.0,3304963.0,39659556.0,2026-05,2026-07-12
(주)그린에이드,True,(주)그린에이드,17.0,2884275.0,34611294.0,2026-05,2026-07-12
(주)그린에코텍,False,,,,,,2026-07-12
(주)그린자원,True,(주)그린자원,5.0,3254044.0,39048533.0,2026-05,2026-07-12
(주)그린텍,True,(주)그린텍,6.0,3169407.0,38032889.0,2026-05,2026-07-12
(주)그린트리플러스,False,,,,,,2026-07-12
(주)그린피엔에프,False,,,,,,2026-07-12
(주)그림소프트,False,,,,,,2026-07-12
(주)그림통상,True,(주)그림통상,7.0,3716540.0,44598476.0,2026-05,2026-07-12
(주)글라스테크,False,,,,,,2026-07-12
(주)글라스프롬,True,(주)글라스프롬,5.0,2921333.0,35056000.0,2026-05,2026-07-12
(주)글로벌뮤직,False,,,,,,2026-07-12
(주)글로벌푸드,True,(주)글로벌푸드,7.0,1853619.0,22243429.0,2026-05,2026-07-12
(주)글로원,True,(주)글로원,47.0,4467191.0,53606298.0,2026-05,2026-07-12
(주)금강강업,False,,,,,,2026-07-12
(주)금강고속관광,True,(주)금강고속관광,44.0,2743192.0,32918303.0,2026-05,2026-07-12
(주)금강밴드,True,(주)금강밴드,4.0,4306889.0,51682667.0,2026-05,2026-07-12
(주)금강산업,True,(주)금강산업,3.0,1383778.0,16605333.0,2026-05,2026-07-12
(주)금강스틸,True,(주)금강스틸,11.0,3944384.0,47332606.0,2026-05,2026-07-12
(주)금강스틸샤링,False,,,,,,2026-07-12
(주)금강케이블,True,(주)금강케이블,43.0,4519447.0,54233364.0,2026-05,2026-07-12
(주)금강티앤씨,False,,,,,,2026-07-12
(주)금강패키지,True,(주)금강패키지,17.0,3725281.0,44703373.0,2026-05,2026-07-12
(주)금남,True,(주)금남,10.0,3540978.0,42491733.0,2026-05,2026-07-12
(주)금산엔지니어링,False,,,,,,2026-07-12
(주)금성열처리,True,(주)금성열처리,9.0,3838988.0,46067852.0,2026-05,2026-07-12
(주)금성진공질화,True,(주)금성진공질화,14.0,3868222.0,46418667.0,2026-05,2026-07-12
(주)금성침대,False,,,,,,2026-07-12
(주)금성케이엔티,True,(주)금성케이엔티,23.0,3028899.0,36346783.0,2026-05,2026-07-12
(주)금성하이텍,True,(주)금성하이텍,17.0,3716327.0,44595922.0,2026-05,2026-07-12
(주)금진메탈,True,(주)금진메탈,20.0,2763322.0,33159867.0,2026-05,2026-07-12
(주)금천건설,True,(주)금천건설,3.0,3441037.0,41292444.0,2026-05,2026-07-12
(주)금천산업,False,,,,,,2026-07-12
(주)금호건영,False,,,,,,2026-07-12
(주)금호금속,False,,,,,,2026-07-12
(주)금호티앤씨,False,,,,,,2026-07-12
(주)금호호닝,True,(주)금호호닝,13.0,3333128.0,39997538.0,2026-05,2026-07-12
(주)금화산업,True,(주)금화산업,3.0,3970889.0,47650667.0,2026-05,2026-07-12
(주)기데크,False,,,,,,2026-07-12
(주)기산하이텍,False,,,,,,2026-07-12
(주)기온테크이엔씨,False,,,,,,2026-07-12
(주)기창인포텍,True,(주)기창인포텍,26.0,3248009.0,38976103.0,2026-05,2026-07-12
(주)기흥유통,False,,,,,,2026-07-12
(주)길소프트,True,(주)길소프트,6.0,3247519.0,38970222.0,2026-05,2026-07-12
(주)김포월드특송화물,False,,,,,,2026-07-12
(주)까뮤이앤씨,True,(주)까뮤이앤씨,146.0,5824603.0,69895233.0,2026-05,2026-07-12
(주)꿈희망미래리더십센터,False,,,,,,2026-07-12
(주)나노모션테크놀러지,False,,,,,,2026-07-12
(주)나노테크닉스,False,,,,,,2026-07-12
(주)나노테크윈,True,(주)나노테크윈,10.0,4357978.0,52295733.0,2026-05,2026-07-12
(주)나노테크이엔지,False,,,,,,2026-07-12
(주)나누리건설,True,(주)나누리건설,11.0,3654384.0,43852606.0,2026-05,2026-07-12
(주)나눔누리,False,,,,,,2026-07-12
(주)나눔스틸산업,False,,,,,,2026-07-12
(주)나라가구산업,False,,,,,,2026-07-12
(주)나래종합관리,False,,,,,,2026-07-12
(주)나로이엔씨,False,,,,,,2026-07-12
(주)나무유통수지상현점,True,(주)나무유통수지상현점,18.0,3242309.0,38907704.0,2026-05,2026-07-12
(주)나성이엔씨,False,,,,,,2026-07-12
(주)나우2,False,,,,,,2026-07-12
(주)나우테크,True,(주)나우테크,122.0,4207519.0,50490230.0,2026-05,2026-07-12
(주)나우테크 추팔지점,True,(주)나우테크 추팔지점,12.0,2266889.0,27202667.0,2026-05,2026-07-12
(주)나은엔지니어링,False,,,,,,2026-07-12
(주)나은티에스아이,True,(주)나은티에스아이,3.0,3498074.0,41976889.0,2026-05,2026-07-12
(주)나진kcc창호,False,,,,,,2026-07-12
(주)낙원,True,(주)낙원,32.0,3883438.0,46601250.0,2026-05,2026-07-12
(주)남강정밀,False,,,,,,2026-07-12
(주)남동인덱스,True,(주)남동인덱스,5.0,4176311.0,50115733.0,2026-05,2026-07-12
(주)남양에너지,False,,,,,,2026-07-12
(주)남양자원,False,,,,,,2026-07-12
(주)남영판지,True,(주)남영판지,8.0,3294306.0,39531667.0,2026-05,2026-07-12
(주)남일이앤티,True,(주)남일이앤티,7.0,4129556.0,49554667.0,2026-05,2026-07-12
(주)남호종합엔지니어링건축사사무소,False,,,,,,2026-07-12
(주)내이드 그린,False,,,,,,2026-07-12
(주)내이드디앤씨,True,(주)내이드디앤씨,62.0,2506724.0,30080688.0,2026-05,2026-07-12
(주)내집물류,True,(주)내집물류,3.0,4141259.0,49695111.0,2026-05,2026-07-12
(주)내팜,False,,,,,,2026-07-12
(주)네모테크놀로지스,True,(주)네모테크놀로지스,7.0,3176889.0,38122667.0,2026-05,2026-07-12
(주)네오마그네틱,True,(주)네오마그네틱,77.0,3671053.0,44052641.0,2026-05,2026-07-12
(주)네오트랜스,False,,,,,,2026-07-12
(주)네오트랜스해운항공,False,,,,,,2026-07-12
(주)네이처그린,True,(주)네이처그린,3.0,3121259.0,37455111.0,2026-05,2026-07-12
(주)네이처산업,False,,,,,,2026-07-12
(주)네이처푸드 컴퍼니,False,,,,,,2026-07-12
(주)네이쳐앤휴먼지피,False,,,,,,2026-07-12
(주)네트론,True,(주)네트론,110.0,2291273.0,27495273.0,2026-05,2026-07-12
(주)넥스에이피엘,False,,,,,,2026-07-12
(주)넥스컨트롤,False,,,,,,2026-07-12
(주)넥스테크그룹,True,(주)넥스테크그룹,12.0,2785407.0,33424889.0,2026-05,2026-07-12
(주)넥스트테크놀러지,False,,,,,,2026-07-12
(주)넵스테크놀러지,True,(주)넵스테크놀러지,4.0,2698944.0,32387333.0,2026-05,2026-07-12
(주)넷탑씨앤씨,True,(주)넷탑씨앤씨,6.0,5030889.0,60370667.0,2026-05,2026-07-12
(주)노바코리아,False,,,,,,2026-07-12
(주)노블컴퍼니,False,,,,,,2026-07-12
(주)노하우글라스,True,(주)노하우글라스,8.0,3868278.0,46419333.0,2026-05,2026-07-12
(주)놀이나무,False,,,,,,2026-07-12
(주)농산연구소,True,(주)농산연구소,6.0,3648111.0,43777333.0,2026-05,2026-07-12
(주)농심개발,False,,,,,,2026-07-12
(주)농업회사법인 샘미트코리아,False,,,,,,2026-07-12
(주)농우바이오,False,,,,,,2026-07-12
(주)농협파트너스,True,(주)농협파트너스,4066.0,2630382.0,31564578.0,2026-05,2026-07-12
(주)농협하나로유통 농협성남유통센터,False,,,,,,2026-07-12
(주)누구나돌봄센터,True,(주)누구나돌봄센터,10.0,1355711.0,16268533.0,2026-05,2026-07-12
(주)누리어스글로벌,False,,,,,,2026-07-12
(주)누리지에프에스,False,,,,,,2026-07-12
(주)누리코렌스텍,True,(주)누리코렌스텍,18.0,3050000.0,36600000.0,2026-05,2026-07-12
(주)누리푸드,False,,,,,,2026-07-12
(주)누마스타세척,False,,,,,,2026-07-12
(주)뉴그린,True,(주)뉴그린,64.0,5980413.0,71764958.0,2026-05,2026-07-12
(주)뉴램건설,True,(주)뉴램건설,9.0,4750988.0,57011852.0,2026-05,2026-07-12
(주)뉴맨테크,True,(주)뉴맨테크,14.0,1845048.0,22140571.0,2026-05,2026-07-12
(주)뉴스텍컴퍼니,False,,,,,,2026-07-12
(주)뉴월드 스탭스,False,,,,,,2026-07-12
(주)뉴포인트,False,,,,,,2026-07-12
(주)뉴플라스틱,False,,,,,,2026-07-12
(주)뉴피플스토리,True,(주)뉴피플스토리,11.0,3218586.0,38623030.0,2026-05,2026-07-12
(주)늘사랑이엔씨,True,(주)늘사랑이엔씨,3.0,2498148.0,29977778.0,2026-05,2026-07-12
(주)늘푸른동방,True,(주)늘푸른동방,49.0,4944766.0,59337197.0,2026-05,2026-07-12
(주)늘푸른마을,True,(주)늘푸른마을,6.0,2485074.0,29820889.0,2026-05,2026-07-12
(주)늘푸른종합관리,True,(주)늘푸른종합관리,23.0,2771729.0,33260754.0,2026-05,2026-07-12
(주)니즈링크,False,,,,,,2026-07-12
(주)니즈원,True,(주)니즈원,4.0,3794111.0,45529333.0,2026-05,2026-07-12
(주)다경시너지,False,,,,,,2026-07-12
(주)다굼,False,,,,,,2026-07-12
(주)다나,False,,,,,,2026-07-12
(주)다니엘노인복지센터,False,,,,,,2026-07-12
(주)다다테크놀러지,True,(주)다다테크놀러지,4.0,4061444.0,48737333.0,2026-05,2026-07-12
(주)다도금속,False,,,,,,2026-07-12
(주)다드림,True,(주)다드림,3.0,1940074.0,23280889.0,2026-05,2026-07-12
(주)다들림푸드,False,,,,,,2026-07-12
(주)다래테크,True,(주)다래테크,15.0,3202874.0,38434489.0,2026-05,2026-07-12
(주)다모아,True,(주)다모아,3.0,2151926.0,25823111.0,2026-05,2026-07-12
(주)다모텍,False,,,,,,2026-07-12
(주)다물,False,,,,,,2026-07-12
(주)다보금속,False,,,,,,2026-07-12
(주)다복약품,False,,,,,,2026-07-12
(주)다빈,False,,,,,,2026-07-12
(주)다산글로벌,True,(주)다산글로벌,9.0,3831358.0,45976296.0,2026-05,2026-07-12
(주)다산청과,False,,,,,,2026-07-12
(주)다성,True,(주)다성,11.0,5107051.0,61284606.0,2026-05,2026-07-12
(주)다쏘,True,(주)다쏘,35.0,2542133.0,30505600.0,2026-05,2026-07-12
(주)다온데이타,True,(주)다온데이타,11.0,4459535.0,53514424.0,2026-05,2026-07-12
(주)다온테크,True,(주)다온테크,10.0,2446222.0,29354667.0,2026-05,2026-07-12
(주)다온테크윈,False,,,,,,2026-07-12
(주)다온플러스정보,False,,,,,,2026-07-12
(주)다올패키지,False,,,,,,2026-07-12
(주)다우원,False,,,,,,2026-07-12
(주)다우해상,True,(주)다우해상,4.0,3085000.0,37020000.0,2026-05,2026-07-12
(주)다원,True,(주)다원,185.0,4576800.0,54921600.0,2026-05,2026-07-12
(주)다원공영,False,,,,,,2026-07-12
(주)다원엠앤이,False,,,,,,2026-07-12
(주)다윈,True,(주)다윈,8.0,5320028.0,63840333.0,2026-05,2026-07-12
(주)다윈씨엔아이,False,,,,,,2026-07-12
(주)다은,True,(주)다은,8.0,4570861.0,54850333.0,2026-05,2026-07-12
(주)다은에프에스,True,(주)다은에프에스,10.0,3542489.0,42509867.0,2026-05,2026-07-12
(주)다음레저,False,,,,,,2026-07-12
(주)다음카본,False,,,,,,2026-07-12
(주)다이도헬스케어,False,,,,,,2026-07-12
(주)다이코스,True,(주)다이코스,7.0,4995714.0,59948571.0,2026-05,2026-07-12
(주)다익이엔지,False,,,,,,2026-07-12
(주)다인dms,False,,,,,,2026-07-12
(주)다인경금속,True,(주)다인경금속,14.0,3946381.0,47356571.0,2026-05,2026-07-12
(주)다인산업,True,(주)다인산업,17.0,3747425.0,44969098.0,2026-05,2026-07-12
(주)다인서비스,True,(주)다인서비스,9.0,1949753.0,23397037.0,2026-05,2026-07-12
(주)다인에스티에스,True,(주)다인에스티에스,8.0,4274139.0,51289667.0,2026-05,2026-07-12
(주)다인이엔씨,True,(주)다인이엔씨,14.0,3292016.0,39504190.0,2026-05,2026-07-12
(주)다정플러스 서울지사,False,,,,,,2026-07-12
(주)다정하이테크,True,(주)다정하이테크,8.0,3628694.0,43544333.0,2026-05,2026-07-12
(주)다진,True,(주)다진,5.0,2549333.0,30592000.0,2026-05,2026-07-12
(주)단아데코,False,,,,,,2026-07-12
(주)단해,True,(주)단해,89.0,4095266.0,49143191.0,2026-05,2026-07-12
(주)닭고기거래소,False,,,,,,2026-07-12
(주)당산오돌,True,(주)당산오돌,4.0,4504500.0,54054000.0,2026-05,2026-07-12
(주)대건기업,True,(주)대건기업,3.0,4140815.0,49689778.0,2026-05,2026-07-12
(주)대건에스씨,False,,,,,,2026-07-12
(주)대건에프앤비,False,,,,,,2026-07-12
(주)대경기계,False,,,,,,2026-07-12
(주)대경씨앤티,True,(주)대경씨앤티,15.0,3805200.0,45662400.0,2026-05,2026-07-12
(주)대경이앤에스,True,(주)대경이앤에스,13.0,4203162.0,50437949.0,2026-05,2026-07-12
(주)대경피앤씨,False,,,,,,2026-07-12
(주)대고테크,False,,,,,,2026-07-12
(주)대광인더스트리,True,(주)대광인더스트리,4.0,5505167.0,66062000.0,2026-05,2026-07-12
(주)대광지공,False,,,,,,2026-07-12
(주)대교뉴이프,False,,,,,,2026-07-12
(주)대교뉴이프 데이케어센터 분당2호센터,False,,,,,,2026-07-12
(주)대교디앤에스,True,(주)대교디앤에스,198.0,3399351.0,40792215.0,2026-05,2026-07-12
(주)대국환경기업,True,(주)대국환경기업,7.0,4279302.0,51351619.0,2026-05,2026-07-12
(주)대금지오웰,True,(주)대금지오웰,103.0,3971538.0,47658460.0,2026-05,2026-07-12
(주)대기산업,True,(주)대기산업,77.0,2556040.0,30672485.0,2026-05,2026-07-12
(주)대길공영,False,,,,,,2026-07-12
(주)대길팩,False,,,,,,2026-07-12
(주)대니스,False,,,,,,2026-07-12
(주)대덕하우징씨스템,False,,,,,,2026-07-12
(주)대동엠에스,True,(주)대동엠에스,7.0,3637841.0,43654095.0,2026-05,2026-07-12
(주)대동엠엔디,True,(주)대동엠엔디,8.0,4488556.0,53862667.0,2026-05,2026-07-12
(주)대두산업,False,,,,,,2026-07-12
(주)대로정보통신,False,,,,,,2026-07-12
(주)대륙,True,(주)대륙,5.0,4464711.0,53576533.0,2026-05,2026-07-12
(주)대륜철강,False,,,,,,2026-07-12
(주)대리전자,False,,,,,,2026-07-12
(주)대림금속,False,,,,,,2026-07-12
(주)대림이엔지,True,(주)대림이엔지,23.0,4579459.0,54953507.0,2026-05,2026-07-12
(주)대림특송,False,,,,,,2026-07-12
(주)대림프라스틱,False,,,,,,2026-07-12
(주)대명,True,(주)대명,72.0,3306367.0,39676407.0,2026-05,2026-07-12
(주)대명금속앙카,False,,,,,,2026-07-12
(주)대명아이넥스,False,,,,,,2026-07-12
(주)대명종합전기,False,,,,,,2026-07-12
(주)대명폴리텍,False,,,,,,2026-07-12
(주)대명환경기술연구소,True,(주)대명환경기술연구소,45.0,3158148.0,37897778.0,2026-05,2026-07-12
(주)대박로지스,False,,,,,,2026-07-12
(주)대방메디칼,False,,,,,,2026-07-12
(주)대봉,True,(주)대봉,16.0,3455639.0,41467667.0,2026-05,2026-07-12
(주)대부,True,(주)대부,93.0,4199185.0,50390222.0,2026-05,2026-07-12
(주)대산기업,True,(주)대산기업,23.0,2736821.0,32841855.0,2026-05,2026-07-12
(주)대산시스템,True,(주)대산시스템,6.0,3540926.0,42491111.0,2026-05,2026-07-12
(주)대산에프앤아이,True,(주)대산에프앤아이,11.0,3619131.0,43429576.0,2026-05,2026-07-12
(주)대상,True,(주)대상,6.0,3690630.0,44287556.0,2026-05,2026-07-12
(주)대서양식자재마트(DSY MART),True,(주)대서양식자재마트(DSY MART),37.0,3116847.0,37402162.0,2026-05,2026-07-12
(주)대성기연,True,(주)대성기연,46.0,3760618.0,45127420.0,2026-05,2026-07-12
(주)대성디앤에프,False,,,,,,2026-07-12
(주)대성레미콘,True,(주)대성레미콘,3.0,3505037.0,42060444.0,2026-05,2026-07-12
(주)대성산업,True,(주)대성산업,5.0,2641956.0,31703467.0,2026-05,2026-07-12
(주)대성스틸,True,(주)대성스틸,43.0,4431612.0,53179349.0,2026-05,2026-07-12
(주)대성시스템,True,(주)대성시스템,17.0,3273072.0,39276863.0,2026-05,2026-07-12
(주)대성엔지니어링,True,(주)대성엔지니어링,8.0,1276694.0,15320333.0,2026-05,2026-07-12
(주)대성엔텍,True,(주)대성엔텍,15.0,3469704.0,41636444.0,2026-05,2026-07-12
(주)대성인덕션,False,,,,,,2026-07-12
(주)대성전문건설,False,,,,,,2026-07-12
(주)대성정밀기계,True,(주)대성정밀기계,56.0,4255020.0,51060238.0,2026-05,2026-07-12
(주)대성종합관리,False,,,,,,2026-07-12
(주)대성지게차,False,,,,,,2026-07-12
(주)대성창호산업,True,(주)대성창호산업,3.0,3897407.0,46768889.0,2026-05,2026-07-12
(주)대성포장,True,(주)대성포장,8.0,2994694.0,35936333.0,2026-05,2026-07-12
(주)대성하이테크,True,(주)대성하이테크,18.0,3677049.0,44124593.0,2026-05,2026-07-12
(주)대승상사,True,(주)대승상사,17.0,3325307.0,39903686.0,2026-05,2026-07-12
(주)대승씨앤씨,False,,,,,,2026-07-12
(주)대승이앤씨,True,(주)대승이앤씨,7.0,4379016.0,52548190.0,2026-05,2026-07-12
(주)대승티에스,False,,,,,,2026-07-12
(주)대신,True,(주)대신,3.0,3860148.0,46321778.0,2026-05,2026-07-12
(주)대신에어텍,False,,,,,,2026-07-12
(주)대신엔지니어링,True,(주)대신엔지니어링,3.0,5558074.0,66696889.0,2026-05,2026-07-12
(주)대신푸드,True,(주)대신푸드,32.0,3542931.0,42515167.0,2026-05,2026-07-12
(주)대아금속,True,(주)대아금속,18.0,3196062.0,38352741.0,2026-05,2026-07-12
(주)대양금속,True,(주)대양금속,194.0,5324795.0,63897540.0,2026-05,2026-07-12
(주)대양레미콘,True,(주)대양레미콘,5.0,5399511.0,64794133.0,2026-05,2026-07-12
(주)대양신소재,False,,,,,,2026-07-12
(주)대양에스티,True,(주)대양에스티,25.0,3745129.0,44941547.0,2026-05,2026-07-12
(주)대양엔지니어링,True,(주)대양엔지니어링,4.0,6321333.0,75856000.0,2026-05,2026-07-12
(주)대양축산,True,(주)대양축산,25.0,3289076.0,39468907.0,2026-05,2026-07-12
(주)대양테크윈,False,,,,,,2026-07-12
(주)대업,False,,,,,,2026-07-12
(주)대연,True,(주)대연,36.0,4414877.0,52978519.0,2026-05,2026-07-12
(주)대영금속,True,(주)대영금속,5.0,3213511.0,38562133.0,2026-05,2026-07-12
(주)대영소방이엔씨,False,,,,,,2026-07-12
(주)대영초음파,True,(주)대영초음파,119.0,4543537.0,54522443.0,2026-05,2026-07-12
(주)대영카프렌즈,False,,,,,,2026-07-12
(주)대영테크,True,(주)대영테크,12.0,3724019.0,44688222.0,2026-05,2026-07-12
(주)대영합판,False,,,,,,2026-07-12
(주)대온관리,False,,,,,,2026-07-12
(주)대용파마텍,True,(주)대용파마텍,16.0,4689417.0,56273000.0,2026-05,2026-07-12
(주)대우정밀,False,,,,,,2026-07-12
(주)대운건철,True,(주)대운건철,10.0,4504933.0,54059200.0,2026-05,2026-07-12
(주)대운이에스,False,,,,,,2026-07-12
(주)대웅케미칼,False,,,,,,2026-07-12
(주)대원,True,(주)대원,8.0,2994000.0,35928000.0,2026-05,2026-07-12
(주)대원그래픽,False,,,,,,2026-07-12
(주)대원산업,True,(주)대원산업,17.0,3730732.0,44768784.0,2026-05,2026-07-12
(주)대원씨앤에스,False,,,,,,2026-07-12
(주)대원자원,True,(주)대원자원,6.0,3735185.0,44822222.0,2026-05,2026-07-12
(주)대원전기,True,(주)대원전기,9.0,5264790.0,63177481.0,2026-05,2026-07-12
(주)대원정밀,False,,,,,,2026-07-12
(주)대원종합건설,True,(주)대원종합건설,10.0,2768889.0,33226667.0,2026-05,2026-07-12
(주)대원케이디알,False,,,,,,2026-07-12
(주)대원크리닝,False,,,,,,2026-07-12
(주)대원토건,True,(주)대원토건,6.0,4327185.0,51926222.0,2026-05,2026-07-12
(주)대원하이드로릭,False,,,,,,2026-07-12
(주)대유스틸,False,,,,,,2026-07-12
(주)대유테크,True,(주)대유테크,7.0,4153714.0,49844571.0,2026-05,2026-07-12
(주)대은,True,(주)대은,3.0,2495926.0,29951111.0,2026-05,2026-07-12
(주)대은전기소방공사,True,(주)대은전기소방공사,4.0,4182278.0,50187333.0,2026-05,2026-07-12
(주)대일공영,True,(주)대일공영,8.0,2434167.0,29210000.0,2026-05,2026-07-12
(주)대일기계,False,,,,,,2026-07-12
(주)대일산업,True,(주)대일산업,91.0,2826464.0,33917568.0,2026-05,2026-07-12
(주)대일코리아,True,(주)대일코리아,31.0,2841914.0,34102968.0,2026-05,2026-07-12
(주)대일테크,True,(주)대일테크,25.0,4014169.0,48170027.0,2026-05,2026-07-12
(주)대정골프엔지니어링,False,,,,,,2026-07-12
(주)대주개발,True,(주)대주개발,15.0,3733881.0,44806578.0,2026-05,2026-07-12
(주)대주바이오,True,(주)대주바이오,23.0,3390937.0,40691246.0,2026-05,2026-07-12
(주)대지영,True,(주)대지영,3.0,3583926.0,43007111.0,2026-05,2026-07-12
(주)대진,True,(주)대진,4.0,3803056.0,45636667.0,2026-05,2026-07-12
(주)대진상사,False,,,,,,2026-07-12
(주)대진피앤씨,True,(주)대진피앤씨,11.0,3458384.0,41500606.0,2026-05,2026-07-12
(주)대창실업,True,(주)대창실업,13.0,4383504.0,52602051.0,2026-05,2026-07-12
(주)대창일렉컴,True,(주)대창일렉컴,18.0,3139086.0,37669037.0,2026-05,2026-07-12
(주)대하기업,False,,,,,,2026-07-12
(주)대하기획,False,,,,,,2026-07-12
(주)대하엔지니어링,True,(주)대하엔지니어링,17.0,4490863.0,53890353.0,2026-05,2026-07-12
(주)대하텍,True,(주)대하텍,8.0,3520056.0,42240667.0,2026-05,2026-07-12
(주)대한,True,(주)대한,11.0,4102586.0,49231030.0,2026-05,2026-07-12
(주)대한가스기기,False,,,,,,2026-07-12
(주)대한랩테크,False,,,,,,2026-07-12
(주)대한메디팜,False,,,,,,2026-07-12
(주)대한볼트,True,(주)대한볼트,4.0,3146278.0,37755333.0,2026-05,2026-07-12
(주)대한씨엠에프,False,,,,,,2026-07-12
(주)대한엔지니어링,True,(주)대한엔지니어링,21.0,4566550.0,54798603.0,2026-05,2026-07-12
(주)대한유공압,False,,,,,,2026-07-12
(주)대한이엔지,True,(주)대한이엔지,17.0,3714536.0,44574431.0,2026-05,2026-07-12
(주)대한전기학원,False,,,,,,2026-07-12
(주)대한종합포장,True,(주)대한종합포장,11.0,3268323.0,39219879.0,2026-05,2026-07-12
(주)대한포장건설,True,(주)대한포장건설,8.0,2607806.0,31293667.0,2026-05,2026-07-12
(주)대한하우징,False,,,,,,2026-07-12
(주)대한후렉시블,True,(주)대한후렉시블,29.0,3143755.0,37725057.0,2026-05,2026-07-12
(주)대혁,False,,,,,,2026-07-12
(주)대현,True,(주)대현,22.0,4101960.0,49223515.0,2026-05,2026-07-12
(주)대현에스엘,False,,,,,,2026-07-12
(주)대현운송,False,,,,,,2026-07-12
(주)대현테크,True,(주)대현테크,5.0,3783511.0,45402133.0,2026-05,2026-07-12
(주)대협,True,(주)대협,15.0,4891659.0,58699911.0,2026-05,2026-07-12
(주)대형공영,False,,,,,,2026-07-12
(주)대호기술산업,True,(주)대호기술산업,21.0,3237566.0,38850794.0,2026-05,2026-07-12
(주)대호기어,False,,,,,,2026-07-12
(주)대호냉각기,True,(주)대호냉각기,30.0,3435563.0,41226756.0,2026-05,2026-07-12
(주)대호레더,False,,,,,,2026-07-12
(주)대호안전관리공사,True,(주)대호안전관리공사,669.0,2892853.0,34714240.0,2026-05,2026-07-12
(주)대화관광,True,(주)대화관광,6.0,3311852.0,39742222.0,2026-05,2026-07-12
(주)대화씨앤씨,True,(주)대화씨앤씨,7.0,2415587.0,28987048.0,2026-05,2026-07-12
(주)대화엠텍,True,(주)대화엠텍,9.0,4205284.0,50463407.0,2026-05,2026-07-12
(주)대화자산관리,False,,,,,,2026-07-12
(주)대환산업,False,,,,,,2026-07-12
(주)대흥건업,False,,,,,,2026-07-12
(주)대흥섬유,True,(주)대흥섬유,32.0,3481826.0,41781917.0,2026-05,2026-07-12
(주)대흥엠엔티,False,,,,,,2026-07-12
(주)대흥정공,True,(주)대흥정공,9.0,4994914.0,59938963.0,2026-05,2026-07-12
(주)대흥피엠아이,True,(주)대흥피엠아이,20.0,3320467.0,39845600.0,2026-05,2026-07-12
(주)더 깨끗한 세상,False,,,,,,2026-07-12
(주)더굿도어,True,(주)더굿도어,32.0,3749736.0,44996833.0,2026-05,2026-07-12
(주)더기빙트리,False,,,,,,2026-07-12
(주)더기에프에스,False,,,,,,2026-07-12
(주)더드림버스,True,(주)더드림버스,14.0,3035095.0,36421143.0,2026-05,2026-07-12
(주)더디자인,False,,,,,,2026-07-12
(주)더라온,False,,,,,,2026-07-12
(주)더미트,True,(주)더미트,44.0,3837944.0,46055333.0,2026-05,2026-07-12
(주)더베러푸드,False,,,,,,2026-07-12
(주)더베스트 베스트케어복지센터,False,,,,,,2026-07-12
(주)더블 윈,False,,,,,,2026-07-12
(주)더블러브,False,,,,,,2026-07-12
(주)더블유와이씨,False,,,,,,2026-07-12
(주)더블유테크,False,,,,,,2026-07-12
(주)더쉼,False,,,,,,2026-07-12
(주)더스마트,False,,,,,,2026-07-12
(주)더씨에이치디,False,,,,,,2026-07-12
(주)더엔월드종합관리,False,,,,,,2026-07-12
(주)더엔지 The NG,False,,,,,,2026-07-12
(주)더원푸드,True,(주)더원푸드,3.0,5240741.0,62888889.0,2026-05,2026-07-12
(주)더위드모터스,False,,,,,,2026-07-12
(주)더존코리아,True,(주)더존코리아,11.0,3549778.0,42597333.0,2026-05,2026-07-12
(주)더존하우징,False,,,,,,2026-07-12
(주)더지엠에스,True,(주)더지엠에스,50.0,2398302.0,28779627.0,2026-05,2026-07-12
(주)더케이비엠,False,,,,,,2026-07-12
(주)더콥,True,(주)더콥,6.0,2516037.0,30192444.0,2026-05,2026-07-12
(주)더파인,True,(주)더파인,3.0,3989556.0,47874667.0,2026-05,2026-07-12
(주)더플레이그라운드,True,(주)더플레이그라운드,10.0,3503333.0,42040000.0,2026-05,2026-07-12
(주)덕산종합관리,True,(주)덕산종합관리,19.0,2692749.0,32312982.0,2026-05,2026-07-12
(주)덕선포장,True,(주)덕선포장,12.0,3000074.0,36000889.0,2026-05,2026-07-12
(주)덕성산업기계,True,(주)덕성산업기계,6.0,4179556.0,50154667.0,2026-05,2026-07-12
(주)덕윤기업,True,(주)덕윤기업,8.0,3631667.0,43580000.0,2026-05,2026-07-12
(주)덕일기공,False,,,,,,2026-07-12
(주)덕진기업,False,,,,,,2026-07-12
(주)덕흥정밀,False,,,,,,2026-07-12
(주)데어리젠,True,(주)데어리젠,177.0,3596596.0,43159156.0,2026-05,2026-07-12
(주)데이타세이브테크,False,,,,,,2026-07-12
(주)덴키스트,True,(주)덴키스트,42.0,4088746.0,49064952.0,2026-05,2026-07-12
(주)델코코,False,,,,,,2026-07-12
(주)델타온,False,,,,,,2026-07-12
(주)도남정공,False,,,,,,2026-07-12
(주)도담이엔지,False,,,,,,2026-07-12
(주)도드람푸드,True,(주)도드람푸드,195.0,4627861.0,55534332.0,2026-05,2026-07-12
(주)도로시 크리에이티브,False,,,,,,2026-07-12
(주)도무스,False,,,,,,2026-07-12
(주)도서출판점자,False,,,,,,2026-07-12
(주)도영비엠씨,False,,,,,,2026-07-12
(주)도원테크,True,(주)도원테크,3.0,2404444.0,28853333.0,2026-05,2026-07-12
(주)도현아이,False,,,,,,2026-07-12
(주)돌담,False,,,,,,2026-07-12
(주)동경판지,True,(주)동경판지,27.0,3886765.0,46641185.0,2026-05,2026-07-12
(주)동광안전,False,,,,,,2026-07-12
(주)동기실업,False,,,,,,2026-07-12
(주)동남건설,True,(주)동남건설,5.0,4637200.0,55646400.0,2026-05,2026-07-12
(주)동남시큐리티,False,,,,,,2026-07-12
(주)동남실업,False,,,,,,2026-07-12
(주)동도시스템,False,,,,,,2026-07-12
(주)동도이엠아이,False,,,,,,2026-07-12
(주)동락포스,True,(주)동락포스,3.0,1404889.0,16858667.0,2026-05,2026-07-12
(주)동림수산,False,,,,,,2026-07-12
(주)동명바이브로,False,,,,,,2026-07-12
(주)동명전기,True,(주)동명전기,5.0,3132222.0,37586667.0,2026-05,2026-07-12
(주)동명철강,False,,,,,,2026-07-12
(주)동명파워코드,True,(주)동명파워코드,22.0,2682848.0,32194182.0,2026-05,2026-07-12
(주)동문테크,False,,,,,,2026-07-12
(주)동방수기,True,(주)동방수기,12.0,5194019.0,62328222.0,2026-05,2026-07-12
(주)동방알루미늄,True,(주)동방알루미늄,6.0,3869074.0,46428889.0,2026-05,2026-07-12
(주)동부엘이디,False,,,,,,2026-07-12
(주)동북쇼핑문산점,False,,,,,,2026-07-12
(주)동산빌딩,False,,,,,,2026-07-12
(주)동산테크,True,(주)동산테크,15.0,4819081.0,57828978.0,2026-05,2026-07-12
(주)동서,True,(주)동서,249.0,6005052.0,72060627.0,2026-05,2026-07-12
(주)동서메디칼,False,,,,,,2026-07-12
(주)동서정밀,True,(주)동서정밀,4.0,3876722.0,46520667.0,2026-05,2026-07-12
(주)동서카살라,False,,,,,,2026-07-12
(주)동성,True,(주)동성,3.0,3570444.0,42845333.0,2026-05,2026-07-12
(주)동성산업,True,(주)동성산업,28.0,3747532.0,44970381.0,2026-05,2026-07-12
(주)동성앙카,True,(주)동성앙카,28.0,3553778.0,42645333.0,2026-05,2026-07-12
(주)동성에코테크,True,(주)동성에코테크,23.0,3345961.0,40151536.0,2026-05,2026-07-12
(주)동신전장,True,(주)동신전장,19.0,3714608.0,44575298.0,2026-05,2026-07-12
(주)동신테크,True,(주)동신테크,8.0,5113417.0,61361000.0,2026-05,2026-07-12
(주)동신헬스케어,False,,,,,,2026-07-12
(주)동아,True,(주)동아,10.0,2752378.0,33028533.0,2026-05,2026-07-12
(주)동아실업월드엔지니어링,True,(주)동아실업월드엔지니어링,22.0,2782758.0,33393091.0,2026-05,2026-07-12
(주)동아이앤지,True,(주)동아이앤지,6.0,3064556.0,36774667.0,2026-05,2026-07-12
(주)동아지질,True,(주)동아지질,235.0,4896061.0,58752738.0,2026-05,2026-07-12
(주)동양글로벌,False,,,,,,2026-07-12
(주)동양벤드,False,,,,,,2026-07-12
(주)동양에프앤씨,True,(주)동양에프앤씨,11.0,3741677.0,44900121.0,2026-05,2026-07-12
(주)동양우레탄,True,(주)동양우레탄,32.0,3373201.0,40478417.0,2026-05,2026-07-12
(주)동양유지,True,(주)동양유지,4.0,3982000.0,47784000.0,2026-05,2026-07-12
(주)동양이엠에스,True,(주)동양이엠에스,1787.0,2464993.0,29579913.0,2026-05,2026-07-12
(주)동양이이씨,True,(주)동양이이씨,14.0,4011333.0,48136000.0,2026-05,2026-07-12
(주)동양전설,True,(주)동양전설,3.0,3023407.0,36280889.0,2026-05,2026-07-12
(주)동양특수,True,(주)동양특수,4.0,4414500.0,52974000.0,2026-05,2026-07-12
(주)동양티피티,False,,,,,,2026-07-12
(주)동연시스템,False,,,,,,2026-07-12
(주)동영,True,(주)동영,4.0,3851611.0,46219333.0,2026-05,2026-07-12
(주)동영산업,True,(주)동영산업,53.0,5331258.0,63975094.0,2026-05,2026-07-12
(주)동영훌로테크,False,,,,,,2026-07-12
(주)동우디아이디,False,,,,,,2026-07-12
(주)동우물류,False,,,,,,2026-07-12
(주)동우유니온,False,,,,,,2026-07-12
(주)동우테크,True,(주)동우테크,10.0,4291711.0,51500533.0,2026-05,2026-07-12
(주)동우프론테크,True,(주)동우프론테크,9.0,3623160.0,43477926.0,2026-05,2026-07-12
(주)동우피엠 압구정지점,False,,,,,,2026-07-12
(주)동원AHE,False,,,,,,2026-07-12
(주)동원파마,True,(주)동원파마,10.0,4082289.0,48987467.0,2026-05,2026-07-12
(주)동원홈푸드 경기1공장,False,,,,,,2026-07-12
(주)동익,True,(주)동익,28.0,2178373.0,26140476.0,2026-05,2026-07-12
(주)동일곡산,False,,,,,,2026-07-12
(주)동일금속레이져,True,(주)동일금속레이져,27.0,3980650.0,47767802.0,2026-05,2026-07-12
(주)동일분체,False,,,,,,2026-07-12
(주)동일우드,True,(주)동일우드,13.0,3021487.0,36257846.0,2026-05,2026-07-12
(주)동일이엔티,True,(주)동일이엔티,10.0,2693311.0,32319733.0,2026-05,2026-07-12
(주)동일환경,True,(주)동일환경,40.0,5430411.0,65164933.0,2026-05,2026-07-12
(주)동재산업,True,(주)동재산업,4.0,3624389.0,43492667.0,2026-05,2026-07-12
(주)동진밸브,True,(주)동진밸브,37.0,3592595.0,43111135.0,2026-05,2026-07-12
(주)동진엠아이,True,(주)동진엠아이,40.0,3811694.0,45740333.0,2026-05,2026-07-12
(주)동해산업,True,(주)동해산업,4.0,3307778.0,39693333.0,2026-05,2026-07-12
(주)동해케미칼,False,,,,,,2026-07-12
(주)동현이앤아이,True,(주)동현이앤아이,5.0,3645200.0,43742400.0,2026-05,2026-07-12
(주)동호,True,(주)동호,5.0,2876133.0,34513600.0,2026-05,2026-07-12
(주)동호고속관광,False,,,,,,2026-07-12
(주)동호유리,True,(주)동호유리,10.0,3601911.0,43222933.0,2026-05,2026-07-12
(주)동화,True,(주)동화,6.0,3754407.0,45052889.0,2026-05,2026-07-12
(주)동화정공,True,(주)동화정공,6.0,2600074.0,31200889.0,2026-05,2026-07-12
(주)동화테크,True,(주)동화테크,12.0,3163093.0,37957111.0,2026-05,2026-07-12
(주)동흥테크,False,,,,,,2026-07-12
(주)두레건설,False,,,,,,2026-07-12
(주)두레환경건설,False,,,,,,2026-07-12
(주)두리교우파워시스템,True,(주)두리교우파워시스템,4.0,1941111.0,23293333.0,2026-05,2026-07-12
(주)두리인더스트리,True,(주)두리인더스트리,8.0,4409111.0,52909333.0,2026-05,2026-07-12
(주)두성,True,(주)두성,6.0,4690852.0,56290222.0,2026-05,2026-07-12
(주)두성공압기계,False,,,,,,2026-07-12
(주)두성에프엔씨,True,(주)두성에프엔씨,7.0,4132571.0,49590857.0,2026-05,2026-07-12
(주)두성프라스틱,False,,,,,,2026-07-12
(주)두성플러스,True,(주)두성플러스,5.0,4584400.0,55012800.0,2026-05,2026-07-12
(주)두신이엔지,False,,,,,,2026-07-12
(주)두언,True,(주)두언,29.0,2733180.0,32798161.0,2026-05,2026-07-12
(주)두온하이텍,False,,,,,,2026-07-12
(주)두올반월공장,True,(주)두올반월공장,16.0,4397111.0,52765333.0,2026-05,2026-07-12
(주)두원,True,(주)두원,29.0,3110452.0,37325425.0,2026-05,2026-07-12
(주)두원에이앤씨,True,(주)두원에이앤씨,60.0,2029015.0,24348178.0,2026-05,2026-07-12
(주)두이우레탄,True,(주)두이우레탄,10.0,3232044.0,38784533.0,2026-05,2026-07-12
(주)두잉씨앤에스,True,(주)두잉씨앤에스,3085.0,3190362.0,38284348.0,2026-05,2026-07-12
(주)두잉피플플러스,True,(주)두잉피플플러스,1673.0,2626026.0,31512308.0,2026-05,2026-07-12
(주)두호아이엔에스,False,,,,,,2026-07-12
(주)둘로스맨파워,True,(주)둘로스맨파워,12.0,2999685.0,35996222.0,2026-05,2026-07-12
(주)듀델코리아,True,(주)듀델코리아,190.0,2512951.0,30155411.0,2026-05,2026-07-12
(주)드럼코리아,False,,,,,,2026-07-12
(주)드림관광여행사,True,(주)드림관광여행사,21.0,2976127.0,35713524.0,2026-05,2026-07-12
(주)드림날개,True,(주)드림날개,32.0,3247368.0,38968417.0,2026-05,2026-07-12
(주)드림누리,True,(주)드림누리,65.0,2804670.0,33656041.0,2026-05,2026-07-12
(주)드림메카텍,False,,,,,,2026-07-12
(주)드림엘푸드,True,(주)드림엘푸드,18.0,3472185.0,41666222.0,2026-05,2026-07-12
(주)드림월드,True,(주)드림월드,3.0,3960370.0,47524444.0,2026-05,2026-07-12
(주)드림월드개발,True,(주)드림월드개발,9.0,4333901.0,52006815.0,2026-05,2026-07-12
(주)드림파워이앤씨,False,,,,,,2026-07-12
(주)디노솔루션,False,,,,,,2026-07-12
(주)디랙스,False,,,,,,2026-07-12
(주)디브이알씨앤씨,True,(주)디브이알씨앤씨,18.0,3216370.0,38596444.0,2026-05,2026-07-12
(주)디알에스,True,(주)디알에스,3.0,1588593.0,19063111.0,2026-05,2026-07-12
(주)디알젬,False,,,,,,2026-07-12
(주)디앤드디,False,,,,,,2026-07-12
(주)디앤알라이팅,False,,,,,,2026-07-12
(주)디에스씨,True,(주)디에스씨,7.0,4122508.0,49470095.0,2026-05,2026-07-12
(주)디에스콘안산지점,False,,,,,,2026-07-12
(주)디에스피엠,False,,,,,,2026-07-12
(주)디에이치밸브,False,,,,,,2026-07-12
(주)디에이치비,False,,,,,,2026-07-12
(주)디에이치에스앤이,False,,,,,,2026-07-12
(주)디에이치에프,True,(주)디에이치에프,5.0,4900000.0,58800000.0,2026-05,2026-07-12
(주)디엔건설산업,True,(주)디엔건설산업,4.0,4832222.0,57986667.0,2026-05,2026-07-12
(주)디엔타르,False,,,,,,2026-07-12
(주)디엔테크,True,(주)디엔테크,5.0,5469822.0,65637867.0,2026-05,2026-07-12
(주)디엠피,True,(주)디엠피,4.0,2342222.0,28106667.0,2026-05,2026-07-12
(주)디오테크,True,(주)디오테크,61.0,2054215.0,24650579.0,2026-05,2026-07-12
(주)디와이 폴리머,False,,,,,,2026-07-12
(주)디와이비,True,(주)디와이비,20.0,3279700.0,39356400.0,2026-05,2026-07-12
(주)디와이솔브,False,,,,,,2026-07-12
(주)디와이씨프로파일,True,(주)디와이씨프로파일,4.0,3391944.0,40703333.0,2026-05,2026-07-12
(주)디와이엠테크,True,(주)디와이엠테크,10.0,4601067.0,55212800.0,2026-05,2026-07-12
(주)디와이종합건설,False,,,,,,2026-07-12
(주)디와이테크,True,(주)디와이테크,19.0,4224620.0,50695439.0,2026-05,2026-07-12
(주)디와이테크놀러지,False,,,,,,2026-07-12
(주)디와이티,True,(주)디와이티,6.0,4120037.0,49440444.0,2026-05,2026-07-12
(주)디유이엔지,False,,,,,,2026-07-12
(주)디이에스,True,(주)디이에스,50.0,3954733.0,47456800.0,2026-05,2026-07-12
(주)디인시스템,True,(주)디인시스템,13.0,3429932.0,41159179.0,2026-05,2026-07-12
(주)디자인건축,False,,,,,,2026-07-12
(주)디자인동아그룹,False,,,,,,2026-07-12
(주)디자인디아크,True,(주)디자인디아크,4.0,5185667.0,62228000.0,2026-05,2026-07-12
(주)디자인멘토,False,,,,,,2026-07-12
(주)디자인파크개발,False,,,,,,2026-07-12
(주)디지게이트,True,(주)디지게이트,5.0,5545333.0,66544000.0,2026-05,2026-07-12
(주)디지털이엠씨,False,,,,,,2026-07-12
(주)디지털파워,True,(주)디지털파워,6.0,4286185.0,51434222.0,2026-05,2026-07-12
(주)디케이이엔지,True,(주)디케이이엔지,7.0,3149587.0,37795048.0,2026-05,2026-07-12
(주)디케이코스메틱,False,,,,,,2026-07-12
(주)디코어,False,,,,,,2026-07-12
(주)디텍이엔아이,False,,,,,,2026-07-12
(주)디팜스정밀,False,,,,,,2026-07-12
(주)따뜻한사람들,True,(주)따뜻한사람들,207.0,2614131.0,31369572.0,2026-05,2026-07-12
(주)라미그라비아,True,(주)라미그라비아,12.0,5146185.0,61754222.0,2026-05,2026-07-12
(주)라솜창경궁지점,True,(주)라솜창경궁지점,13.0,2268342.0,27220103.0,2026-05,2026-07-12
(주)라온섬유,False,,,,,,2026-07-12
(주)라우섬유,False,,,,,,2026-07-12
(주)라은엘앤씨,False,,,,,,2026-07-12
(주)라이브러리엔,False,,,,,,2026-07-12
(주)라인,True,(주)라인,3.0,1736667.0,20840000.0,2026-05,2026-07-12
(주)라인씨앤에스,True,(주)라인씨앤에스,14.0,2376111.0,28513333.0,2026-05,2026-07-12
(주)라템이엔씨,False,,,,,,2026-07-12
(주)래딕스파트너스,True,(주)래딕스파트너스,239.0,2694101.0,32329216.0,2026-05,2026-07-12
(주)랩코,True,(주)랩코,12.0,4119278.0,49431333.0,2026-05,2026-07-12
(주)레고리스,False,,,,,,2026-07-12
(주)레드스톤시스템,False,,,,,,2026-07-12
(주)레스콘,False,,,,,,2026-07-12
(주)레스포 수원지점(여우가발),True,(주)레스포 수원지점(여우가발),3.0,2523481.0,30281778.0,2026-05,2026-07-12
(주)레어템,False,,,,,,2026-07-12
(주)레이저센타,True,(주)레이저센타,52.0,4408214.0,52898564.0,2026-05,2026-07-12
(주)레인보우,True,(주)레인보우,8.0,2829194.0,33950333.0,2026-05,2026-07-12
(주)레피리움시그니처영등포,True,(주)레피리움시그니처영등포,9.0,2477111.0,29725333.0,2026-05,2026-07-12
(주)렘스텍,False,,,,,,2026-07-12
(주)로나스코스메틱(포천지점),True,(주)로나스코스메틱(포천지점),9.0,2343136.0,28117630.0,2026-05,2026-07-12
(주)로뎀,True,(주)로뎀,4.0,3135111.0,37621333.0,2026-05,2026-07-12
(주)로뎀스파워,True,(주)로뎀스파워,7.0,3515175.0,42182095.0,2026-05,2026-07-12
(주)로드세이프,True,(주)로드세이프,7.0,4505810.0,54069714.0,2026-05,2026-07-12
(주)로버스트,True,(주)로버스트,15.0,3779867.0,45358400.0,2026-05,2026-07-12
(주)로세프,False,,,,,,2026-07-12
(주)로얄이지,True,(주)로얄이지,55.0,4584897.0,55018764.0,2026-05,2026-07-12
(주)로이서비스,False,,,,,,2026-07-12
(주)로젠식품,False,,,,,,2026-07-12
(주)로진텍,False,,,,,,2026-07-12
(주)록키,True,(주)록키,41.0,3620981.0,43451772.0,2026-05,2026-07-12
(주)론마린서비스,False,,,,,,2026-07-12
(주)롯데건설,False,,,,,,2026-07-12
(주)루덴스,False,,,,,,2026-07-12
(주)류재은베이커리행복점,True,(주)류재은베이커리행복점,19.0,3303731.0,39644772.0,2026-05,2026-07-12
(주)리더스리빙,False,,,,,,2026-07-12
(주)리드디자인,True,(주)리드디자인,4.0,2419778.0,29037333.0,2026-05,2026-07-12
(주)리드스포텍,False,,,,,,2026-07-12
(주)리딩아이,False,,,,,,2026-07-12
(주)리버텍,True,(주)리버텍,17.0,3463712.0,41564549.0,2026-05,2026-07-12
(주)리싸이클오피스영업본부,False,,,,,,2026-07-12
(주)리얼링크,False,,,,,,2026-07-12
(주)리연,True,(주)리연,5.0,2454756.0,29457067.0,2026-05,2026-07-12
(주)리치코스,True,(주)리치코스,22.0,3778657.0,45343879.0,2026-05,2026-07-12
(주)리치힐건설,False,,,,,,2026-07-12
(주)리퀴드에그,False,,,,,,2026-07-12
(주)립멘,False,,,,,,2026-07-12
(주)마녀공장,True,(주)마녀공장,112.0,4472363.0,53668357.0,2026-05,2026-07-12
(주)마니커에프엔지,False,,,,,,2026-07-12
(주)마레캠핑카,False,,,,,,2026-07-12
(주)마루에이치알,True,(주)마루에이치알,260.0,2504590.0,30055077.0,2026-05,2026-07-12
(주)마스타환경기계,False,,,,,,2026-07-12
(주)마운티스트,True,(주)마운티스트,4.0,3632889.0,43594667.0,2026-05,2026-07-12
(주)마이비,True,(주)마이비,47.0,5601182.0,67214184.0,2026-05,2026-07-12
(주)마이즈텍,True,(주)마이즈텍,4.0,4384944.0,52619333.0,2026-05,2026-07-12
(주)마이크로텍,True,(주)마이크로텍,4.0,5686722.0,68240667.0,2026-05,2026-07-12
(주)마이테크,True,(주)마이테크,15.0,3620400.0,43444800.0,2026-05,2026-07-12
(주)마중물,False,,,,,,2026-07-12
(주)마크스톤,True,(주)마크스톤,20.0,3186489.0,38237867.0,2026-05,2026-07-12
(주)만아,True,(주)만아,18.0,4501827.0,54021926.0,2026-05,2026-07-12
(주)만해금속,True,(주)만해금속,14.0,4708857.0,56506286.0,2026-05,2026-07-12
(주)맑은누리,False,,,,,,2026-07-12
(주)맑은세상,False,,,,,,2026-07-12
(주)맛과벗,False,,,,,,2026-07-12
(주)매천개발,False,,,,,,2026-07-12
(주)맥풍,True,(주)맥풍,28.0,3077738.0,36932857.0,2026-05,2026-07-12
(주)맨토스파워,False,,,,,,2026-07-12
(주)맨파워매니저,False,,,,,,2026-07-12
(주)맨파워코리아,True,(주)맨파워코리아,4352.0,2930549.0,35166586.0,2026-05,2026-07-12
(주)멀리건스,True,(주)멀리건스,9.0,4003136.0,48037630.0,2026-05,2026-07-12
(주)메가 일렉트로닉스,False,,,,,,2026-07-12
(주)메가스타FM,False,,,,,,2026-07-12
(주)메가텔,True,(주)메가텔,29.0,3896192.0,46754299.0,2026-05,2026-07-12
(주)메디컬케어(엠케어 노인재가복지센터),False,,,,,,2026-07-12
(주)메디코,True,(주)메디코,3.0,3285556.0,39426667.0,2026-05,2026-07-12
(주)메디파인코퍼레이션,True,(주)메디파인코퍼레이션,10.0,3956556.0,47478667.0,2026-05,2026-07-12
(주)메이컴퍼니,False,,,,,,2026-07-12
(주)메코,False,,,,,,2026-07-12
(주)메탈링크,True,(주)메탈링크,19.0,2954912.0,35458947.0,2026-05,2026-07-12
(주)메탈이모션,True,(주)메탈이모션,10.0,3398067.0,40776800.0,2026-05,2026-07-12
(주)메트로텍,True,(주)메트로텍,33.0,4143576.0,49722909.0,2026-05,2026-07-12
(주)멕아이씨에스,False,,,,,,2026-07-12
(주)멕트론,False,,,,,,2026-07-12
(주)명문텍스타일,True,(주)명문텍스타일,9.0,3962247.0,47546963.0,2026-05,2026-07-12
(주)명성단열,False,,,,,,2026-07-12
(주)명성마그네트,False,,,,,,2026-07-12
(주)명성우드,False,,,,,,2026-07-12
(주)명성중공업,False,,,,,,2026-07-12
(주)명신기연,False,,,,,,2026-07-12
(주)명원실업,True,(주)명원실업,14.0,2018444.0,24221333.0,2026-05,2026-07-12
(주)명은취업센터,False,,,,,,2026-07-12
(주)명은커리어경기지사,True,(주)명은커리어경기지사,12.0,2240037.0,26880444.0,2026-05,2026-07-12
(주)명은커리어김포센터,True,(주)명은커리어김포센터,8.0,2296167.0,27554000.0,2026-05,2026-07-12
(주)명은커리어인천서부지사,True,(주)명은커리어인천서부지사,9.0,2491852.0,29902222.0,2026-05,2026-07-12
(주)명인에프에이,True,(주)명인에프에이,5.0,6097244.0,73166933.0,2026-05,2026-07-12
(주)명인이엔지,True,(주)명인이엔지,6.0,3946481.0,47357778.0,2026-05,2026-07-12
(주)명지피에스이,False,,,,,,2026-07-12
(주)명진산업,True,(주)명진산업,29.0,3869195.0,46430345.0,2026-05,2026-07-12
(주)명진테크,True,(주)명진테크,24.0,5163120.0,61957444.0,2026-05,2026-07-12
(주)명차공업사,True,(주)명차공업사,8.0,3115139.0,37381667.0,2026-05,2026-07-12
(주)명현유통,True,(주)명현유통,27.0,3753062.0,45036741.0,2026-05,2026-07-12
(주)명현이엔씨,False,,,,,,2026-07-12
(주)모닝스틸,True,(주)모닝스틸,3.0,4715037.0,56580444.0,2026-05,2026-07-12
(주)모두앤컴퍼니,True,(주)모두앤컴퍼니,3.0,2300667.0,27608000.0,2026-05,2026-07-12
(주)모두함께하는 세상,False,,,,,,2026-07-12
(주)모든,True,(주)모든,15.0,2505970.0,30071644.0,2026-05,2026-07-12
(주)모든서비스,False,,,,,,2026-07-12
(주)모빌원,False,,,,,,2026-07-12
(주)모터스라인,False,,,,,,2026-07-12
(주)목림,True,(주)목림,12.0,2761370.0,33136444.0,2026-05,2026-07-12
(주)목양산업,True,(주)목양산업,87.0,3311676.0,39740107.0,2026-05,2026-07-12
(주)무궁산업,True,(주)무궁산업,16.0,4109569.0,49314833.0,2026-05,2026-07-12
(주)무림하우징,True,(주)무림하우징,121.0,2893870.0,34726435.0,2026-05,2026-07-12
(주)무한환경개발,True,(주)무한환경개발,4.0,2974778.0,35697333.0,2026-05,2026-07-12
(주)문다소,False,,,,,,2026-07-12
(주)문앤썬,True,(주)문앤썬,48.0,3439259.0,41271111.0,2026-05,2026-07-12
(주)문영엔지니어링,False,,,,,,2026-07-12
(주)문쟁이,False,,,,,,2026-07-12
(주)문화,True,(주)문화,16.0,2746069.0,32952833.0,2026-05,2026-07-12
(주)문화택시,False,,,,,,2026-07-12
(주)미건디자인바이지,True,(주)미건디자인바이지,3.0,2357407.0,28288889.0,2026-05,2026-07-12
(주)미도이앤씨,True,(주)미도이앤씨,3.0,3713333.0,44560000.0,2026-05,2026-07-12
(주)미도푸드,True,(주)미도푸드,8.0,3191972.0,38303667.0,2026-05,2026-07-12
(주)미디어캠핑,False,,,,,,2026-07-12
(주)미라클 코퍼레이션,False,,,,,,2026-07-12
(주)미래,True,(주)미래,71.0,4134933.0,49619192.0,2026-05,2026-07-12
(주)미래산업플랜트,False,,,,,,2026-07-12
(주)미래생명자원 이천공장,False,,,,,,2026-07-12
(주)미래서비스,True,(주)미래서비스,5.0,2267689.0,27212267.0,2026-05,2026-07-12
(주)미래세상환경연구소,True,(주)미래세상환경연구소,24.0,3256759.0,39081111.0,2026-05,2026-07-12
(주)미래아이엔씨,True,(주)미래아이엔씨,178.0,3479759.0,41757109.0,2026-05,2026-07-12
(주)미래에이비엠,True,(주)미래에이비엠,134.0,2693355.0,32320259.0,2026-05,2026-07-12
(주)미래엘리베이터,True,(주)미래엘리베이터,15.0,4093244.0,49118933.0,2026-05,2026-07-12
(주)미래이엔지,True,(주)미래이엔지,3.0,2493852.0,29926222.0,2026-05,2026-07-12
(주)미래인더스,True,(주)미래인더스,32.0,4933903.0,59206833.0,2026-05,2026-07-12
(주)미래자동문,True,(주)미래자동문,18.0,3474395.0,41692741.0,2026-05,2026-07-12
(주)미래전시,True,(주)미래전시,4.0,2872889.0,34474667.0,2026-05,2026-07-12
(주)미래테크원,False,,,,,,2026-07-12
(주)미래통합재가센터,True,(주)미래통합재가센터,5.0,1845244.0,22142933.0,2026-05,2026-07-12
(주)미래플라스틱,False,,,,,,2026-07-12
(주)미르,True,(주)미르,6.0,2335333.0,28024000.0,2026-05,2026-07-12
(주)미르마에이치알,False,,,,,,2026-07-12
(주)미르스카이,False,,,,,,2026-07-12
(주)미르축산,True,(주)미르축산,6.0,3847926.0,46175111.0,2026-05,2026-07-12
(주)미르크린,True,(주)미르크린,51.0,1656092.0,19873098.0,2026-05,2026-07-12
(주)미림아트,True,(주)미림아트,6.0,2895333.0,34744000.0,2026-05,2026-07-12
(주)미미식품유통,False,,,,,,2026-07-12
(주)미산캠프인터내셔널,True,(주)미산캠프인터내셔널,12.0,4317407.0,51808889.0,2026-05,2026-07-12
(주)미성스틸,True,(주)미성스틸,13.0,4351761.0,52221128.0,2026-05,2026-07-12
(주)미성에스엔피,True,(주)미성에스엔피,515.0,2449295.0,29391539.0,2026-05,2026-07-12
(주)미소,True,(주)미소,54.0,3304412.0,39652938.0,2026-05,2026-07-12
(주)미소사(사랑드림요양원),False,,,,,,2026-07-12
(주)미준테크,False,,,,,,2026-07-12
(주)미진봉투사,True,(주)미진봉투사,4.0,3786500.0,45438000.0,2026-05,2026-07-12
(주)미진식품,True,(주)미진식품,18.0,3125988.0,37511852.0,2026-05,2026-07-12
(주)미천시스템,False,,,,,,2026-07-12
(주)미추홀환경,True,(주)미추홀환경,19.0,5127018.0,61524211.0,2026-05,2026-07-12
(주)미트뱅크,False,,,,,,2026-07-12
(주)미트팜,True,(주)미트팜,15.0,3230074.0,38760889.0,2026-05,2026-07-12
(주)미트포커스,False,,,,,,2026-07-12
(주)미호이엔씨,False,,,,,,2026-07-12
(주)민관이엔지,True,(주)민관이엔지,5.0,3926400.0,47116800.0,2026-05,2026-07-12
(주)민성정밀,False,,,,,,2026-07-12
(주)민창,True,(주)민창,3.0,3617630.0,43411556.0,2026-05,2026-07-12
(주)민트,True,(주)민트,3.0,2674074.0,32088889.0,2026-05,2026-07-12
(주)민현,False,,,,,,2026-07-12
(주)밀본,False,,,,,,2026-07-12
(주)바닐라엑스,False,,,,,,2026-07-12
(주)바다사나이,True,(주)바다사나이,11.0,3605172.0,43262061.0,2026-05,2026-07-12
(주)바로나스틸,True,(주)바로나스틸,13.0,3324838.0,39898051.0,2026-05,2026-07-12
(주)바로피플,False,,,,,,2026-07-12
(주)바른기업,True,(주)바른기업,3.0,3374519.0,40494222.0,2026-05,2026-07-12
(주)바른사람,True,(주)바른사람,92.0,2694379.0,32332551.0,2026-05,2026-07-12
(주)바른손,False,,,,,,2026-07-12
(주)바른파트너스,True,(주)바른파트너스,9.0,3048198.0,36578370.0,2026-05,2026-07-12
(주)바우스,False,,,,,,2026-07-12
(주)바이원,True,(주)바이원,30.0,3502104.0,42025244.0,2026-05,2026-07-12
(주)바텍코리아,False,,,,,,2026-07-12
(주)반도티에스,True,(주)반도티에스,531.0,3288397.0,39460761.0,2026-05,2026-07-12
(주)반석기공,True,(주)반석기공,19.0,4105591.0,49267088.0,2026-05,2026-07-12
(주)발터이엔지,False,,,,,,2026-07-12
(주)발해여행사,False,,,,,,2026-07-12
(주)밝은티에스,True,(주)밝은티에스,95.0,2493925.0,29927102.0,2026-05,2026-07-12
(주)방수하는사람들,False,,,,,,2026-07-12
(주)방태,True,(주)방태,31.0,3722925.0,44675097.0,2026-05,2026-07-12
(주)배관공구24시,False,,,,,,2026-07-12
(주)배홈,False,,,,,,2026-07-12
(주)백경비엠에스,False,,,,,,2026-07-12
(주)백두자원,False,,,,,,2026-07-12
(주)백두항공여행사,False,,,,,,2026-07-12
(주)백림종합건설,True,(주)백림종합건설,10.0,3052178.0,36626133.0,2026-05,2026-07-12
(주)백암전통식품,False,,,,,,2026-07-12
(주)백양씨엠피,False,,,,,,2026-07-12
(주)백억전자,False,,,,,,2026-07-12
(주)백운,True,(주)백운,3.0,1256815.0,15081778.0,2026-05,2026-07-12
(주)백운인터내셔널,False,,,,,,2026-07-12
(주)백운전기통신,True,(주)백운전기통신,11.0,4016707.0,48200485.0,2026-05,2026-07-12
(주)백웅,True,(주)백웅,5.0,4097600.0,49171200.0,2026-05,2026-07-12
(주)백제운수,True,(주)백제운수,54.0,2015695.0,24188346.0,2026-05,2026-07-12
(주)밴엔지니어링,True,(주)밴엔지니어링,23.0,3581855.0,42982261.0,2026-05,2026-07-12
(주)밸류엔지니어링,False,,,,,,2026-07-12
(주)범수산업,False,,,,,,2026-07-12
(주)베러스쿱크리머리,True,(주)베러스쿱크리머리,157.0,3077744.0,36932926.0,2026-05,2026-07-12
(주)베스콘,True,(주)베스콘,10.0,3635600.0,43627200.0,2026-05,2026-07-12
(주)베스트시큐리티,True,(주)베스트시큐리티,7.0,2351587.0,28219048.0,2026-05,2026-07-12
(주)베스트엠앤씨,True,(주)베스트엠앤씨,6.0,3993815.0,47925778.0,2026-05,2026-07-12
(주)베스트원전기통신,False,,,,,,2026-07-12
(주)베스트투어,True,(주)베스트투어,12.0,2017019.0,24204222.0,2026-05,2026-07-12
(주)벨맥스,False,,,,,,2026-07-12
(주)벨에스엠,True,(주)벨에스엠,223.0,3058855.0,36706260.0,2026-05,2026-07-12
(주)별네트웍스 별주막,False,,,,,,2026-07-12
(주)보경유통,True,(주)보경유통,24.0,3106981.0,37283778.0,2026-05,2026-07-12
(주)보경이엠케이1공장,True,(주)보경이엠케이1공장,5.0,3627911.0,43534933.0,2026-05,2026-07-12
(주)보고텍,True,(주)보고텍,6.0,3885593.0,46627111.0,2026-05,2026-07-12
(주)보광기업,True,(주)보광기업,20.0,4462933.0,53555200.0,2026-05,2026-07-12
(주)보광메탈인천남동사업장,False,,,,,,2026-07-12
(주)보광에너지,False,,,,,,2026-07-12
(주)보광이엔지,True,(주)보광이엔지,3.0,2165852.0,25990222.0,2026-05,2026-07-12
(주)보광테크,False,,,,,,2026-07-12
(주)보광환경,True,(주)보광환경,3.0,2920370.0,35044444.0,2026-05,2026-07-12
(주)보라테크,True,(주)보라테크,34.0,3950124.0,47401490.0,2026-05,2026-07-12
(주)보람외장,False,,,,,,2026-07-12
(주)보령다이캐스팅,False,,,,,,2026-07-12
(주)보령산업,True,(주)보령산업,7.0,3891143.0,46693714.0,2026-05,2026-07-12
(주)보령유리,False,,,,,,2026-07-12
(주)보림,True,(주)보림,80.0,5568714.0,66824567.0,2026-05,2026-07-12
(주)보림전자,False,,,,,,2026-07-12
(주)보미건설,True,(주)보미건설,199.0,5192046.0,62304549.0,2026-05,2026-07-12
(주)보성 BS ENG,False,,,,,,2026-07-12
(주)보성열처리,True,(주)보성열처리,33.0,4713906.0,56566869.0,2026-05,2026-07-12
(주)보아스테크,True,(주)보아스테크,4.0,4114222.0,49370667.0,2026-05,2026-07-12
(주)보필 안성공장,False,,,,,,2026-07-12
(주)보화,False,,,,,,2026-07-12
(주)복지콜노인복지센터,True,(주)복지콜노인복지센터,8.0,1312639.0,15751667.0,2026-05,2026-07-12
(주)볼코리아,False,,,,,,2026-07-12
(주)봉영,True,(주)봉영,21.0,2877926.0,34535111.0,2026-05,2026-07-12
(주)부곡환경,True,(주)부곡환경,5.0,3421022.0,41052267.0,2026-05,2026-07-12
(주)부광금속,True,(주)부광금속,36.0,4077315.0,48927778.0,2026-05,2026-07-12
(주)부광이앤이,False,,,,,,2026-07-12
(주)부광정공,True,(주)부광정공,17.0,2966980.0,35603765.0,2026-05,2026-07-12
(주)부국하이테크,True,(주)부국하이테크,15.0,3917348.0,47008178.0,2026-05,2026-07-12
(주)부모사랑노인복지센터,True,(주)부모사랑노인복지센터,18.0,1380543.0,16566519.0,2026-05,2026-07-12
(주)부성시스템,True,(주)부성시스템,11.0,2780869.0,33370424.0,2026-05,2026-07-12
(주)부성엘티에스,False,,,,,,2026-07-12
(주)부성이노베이션(B.S.I),False,,,,,,2026-07-12
(주)부아공영,True,(주)부아공영,11.0,2825394.0,33904727.0,2026-05,2026-07-12
(주)부영씨엔씨,True,(주)부영씨엔씨,21.0,4170381.0,50044571.0,2026-05,2026-07-12
(주)부영전자,False,,,,,,2026-07-12
(주)부일테크,True,(주)부일테크,7.0,3058635.0,36703619.0,2026-05,2026-07-12
(주)부형,False,,,,,,2026-07-12
(주)부흥산전,True,(주)부흥산전,13.0,3647453.0,43769436.0,2026-05,2026-07-12
(주)부흥테크,True,(주)부흥테크,9.0,3692864.0,44314370.0,2026-05,2026-07-12
(주)북성산업,True,(주)북성산업,114.0,2616998.0,31403977.0,2026-05,2026-07-12
(주)분당시니어,False,,,,,,2026-07-12
(주)붕붕스테이션,False,,,,,,2026-07-12
(주)브라운 스톤,False,,,,,,2026-07-12
(주)브레인테크,True,(주)브레인테크,12.0,1965870.0,23590444.0,2026-05,2026-07-12
(주)브이원솔루션,False,,,,,,2026-07-12
(주)브이피시스템,False,,,,,,2026-07-12
(주)블루라인즈,False,,,,,,2026-07-12
(주)블루홀 스튜디오,False,,,,,,2026-07-12
(주)비.엘.아이,False,,,,,,2026-07-12
(주)비강메탈,False,,,,,,2026-07-12
(주)비너스건설,True,(주)비너스건설,7.0,4009556.0,48114667.0,2026-05,2026-07-12
(주)비뉴,True,(주)비뉴,26.0,1284538.0,15414462.0,2026-05,2026-07-12
(주)비바교육,False,,,,,,2026-07-12
(주)비보존,True,(주)비보존,48.0,4436255.0,53235056.0,2026-05,2026-07-12
(주)비비큐수원광교중앙점,True,(주)비비큐수원광교중앙점,3.0,3061111.0,36733333.0,2026-05,2026-07-12
(주)비스코엘이디조명,False,,,,,,2026-07-12
(주)비아트론,False,,,,,,2026-07-12
(주)비앤아이홀딩스,False,,,,,,2026-07-12
(주)비앤엠,True,(주)비앤엠,22.0,3771232.0,45254788.0,2026-05,2026-07-12
(주)비앤제이메탈,False,,,,,,2026-07-12
(주)비에스 글로벌,False,,,,,,2026-07-12
(주)비에스아이토탈,True,(주)비에스아이토탈,25.0,3997431.0,47969173.0,2026-05,2026-07-12
(주)비에스에프,False,,,,,,2026-07-12
(주)비에스티,True,(주)비에스티,6.0,4496778.0,53961333.0,2026-05,2026-07-12
(주)비에스피경호단,True,(주)비에스피경호단,6.0,2817444.0,33809333.0,2026-05,2026-07-12
(주)비에이21,True,(주)비에이21,3.0,3553704.0,42644444.0,2026-05,2026-07-12
(주)비에이레이저,False,,,,,,2026-07-12
(주)비에이치푸드,False,,,,,,2026-07-12
(주)비엔에프코퍼레이션,False,,,,,,2026-07-12
(주)비엠비,True,(주)비엠비,28.0,4048992.0,48587905.0,2026-05,2026-07-12
(주)비엠산업,True,(주)비엠산업,3.0,2893926.0,34727111.0,2026-05,2026-07-12
(주)비엠씨,True,(주)비엠씨,133.0,4304491.0,51653895.0,2026-05,2026-07-12
(주)비엠에스종합개발,False,,,,,,2026-07-12
(주)비엠오피스퍼니쳐,False,,,,,,2026-07-12
(주)비엠인터내쇼날,True,(주)비엠인터내쇼날,4.0,4457556.0,53490667.0,2026-05,2026-07-12
(주)비엠코리아,True,(주)비엠코리아,10.0,3673289.0,44079467.0,2026-05,2026-07-12
(주)비엠티,True,(주)비엠티,377.0,3884658.0,46615901.0,2026-05,2026-07-12
(주)비오피,False,,,,,,2026-07-12
(주)비욘드,True,(주)비욘드,13.0,3315043.0,39780513.0,2026-05,2026-07-12
(주)비전힐스,True,(주)비전힐스,47.0,3915324.0,46983887.0,2026-05,2026-07-12
(주)비제이코리아(화성지점),False,,,,,,2026-07-12
(주)비젼식품,False,,,,,,2026-07-12
(주)비젼알앤이,True,(주)비젼알앤이,18.0,3557827.0,42693926.0,2026-05,2026-07-12
(주)비젼티케이,False,,,,,,2026-07-12
(주)비즈인사이트,False,,,,,,2026-07-12
(주)비지티,False,,,,,,2026-07-12
(주)비지팅엔젤스 일산동구주야간보호센터,False,,,,,,2026-07-12
(주)비츠로브이엠,False,,,,,,2026-07-12
(주)비케이롤,True,(주)비케이롤,3.0,3206000.0,38472000.0,2026-05,2026-07-12
(주)비케이씨,True,(주)비케이씨,8.0,4966667.0,59600000.0,2026-05,2026-07-12
(주)비케이콘,False,,,,,,2026-07-12
(주)비켐코리아,True,(주)비켐코리아,9.0,3717111.0,44605333.0,2026-05,2026-07-12
(주)비투지,False,,,,,,2026-07-12
(주)비티이,False,,,,,,2026-07-12
(주)빅스코이엔씨(BIXCO E&C),False,,,,,,2026-07-12
(주)빅타이거 포장기계,False,,,,,,2026-07-12
(주)빌딩닥터엔지니어링,True,(주)빌딩닥터엔지니어링,11.0,4212929.0,50555152.0,2026-05,2026-07-12
(주)빌딩앤사람,True,(주)빌딩앤사람,12.0,2652593.0,31831111.0,2026-05,2026-07-12
(주)빨간사과,False,,,,,,2026-07-12
(주)사람코퍼레이션,True,(주)사람코퍼레이션,27.0,2576362.0,30916346.0,2026-05,2026-07-12
(주)사랑과정성,True,(주)사랑과정성,3.0,3106741.0,37280889.0,2026-05,2026-07-12
(주)사랑나눔복지법인,True,(주)사랑나눔복지법인,10.0,1315511.0,15786133.0,2026-05,2026-07-12
(주)사랑방요양원,False,,,,,,2026-07-12
(주)사전사후터치노인복지센터,False,,,,,,2026-07-12
(주)산모피아 성남분당점,False,,,,,,2026-07-12
(주)산시토탈카본,False,,,,,,2026-07-12
(주)산천에이엠비,True,(주)산천에이엠비,32.0,3144361.0,37732333.0,2026-05,2026-07-12
(주)산하에이치엠코리아,True,(주)산하에이치엠코리아,19.0,2842480.0,34109754.0,2026-05,2026-07-12
(주)삼광정밀,True,(주)삼광정밀,14.0,3328175.0,39938095.0,2026-05,2026-07-12
(주)삼구아이앤씨,True,(주)삼구아이앤씨,13237.0,3161033.0,37932399.0,2026-05,2026-07-12
(주)삼도정보통신,False,,,,,,2026-07-12
(주)삼두기업,False,,,,,,2026-07-12
(주)삼명테크,True,(주)삼명테크,17.0,2940052.0,35280627.0,2026-05,2026-07-12
(주)삼미레이저테크,False,,,,,,2026-07-12
(주)삼보레이저산업,False,,,,,,2026-07-12
(주)삼보케미칼,False,,,,,,2026-07-12
(주)삼본퍼프,True,(주)삼본퍼프,30.0,3315830.0,39789956.0,2026-05,2026-07-12
(주)삼선CSA,True,(주)삼선CSA,79.0,4638821.0,55665857.0,2026-05,2026-07-12
(주)삼성DPS,True,(주)삼성DPS,8.0,2859694.0,34316333.0,2026-05,2026-07-12
(주)삼성건업,False,,,,,,2026-07-12
(주)삼성고분자,False,,,,,,2026-07-12
(주)삼성리사이클링,False,,,,,,2026-07-12
(주)삼성산후조리원,False,,,,,,2026-07-12
(주)삼성유압기계,True,(주)삼성유압기계,6.0,4020185.0,48242222.0,2026-05,2026-07-12
(주)삼성종합물류,True,(주)삼성종합물류,23.0,3163729.0,37964754.0,2026-05,2026-07-12
(주)삼성주공,False,,,,,,2026-07-12
(주)삼성크린시스템,True,(주)삼성크린시스템,7.0,4322571.0,51870857.0,2026-05,2026-07-12
(주)삼성환경개발,True,(주)삼성환경개발,19.0,3479848.0,41758175.0,2026-05,2026-07-12
(주)삼신상사,True,(주)삼신상사,5.0,2921067.0,35052800.0,2026-05,2026-07-12
(주)삼신이엔지,False,,,,,,2026-07-12
(주)삼아아시아,True,(주)삼아아시아,4.0,4456500.0,53478000.0,2026-05,2026-07-12
(주)삼안,True,(주)삼안,3.0,6687926.0,80255111.0,2026-05,2026-07-12
(주)삼양감속기,False,,,,,,2026-07-12
(주)삼양발브종합메이커,False,,,,,,2026-07-12
(주)삼양유리산업,False,,,,,,2026-07-12
(주)삼양페이퍼피더블유,True,(주)삼양페이퍼피더블유,17.0,4204614.0,50455373.0,2026-05,2026-07-12
(주)삼엘텍,False,,,,,,2026-07-12
(주)삼연엔지니어링,False,,,,,,2026-07-12
(주)삼영테크,True,(주)삼영테크,10.0,3612889.0,43354667.0,2026-05,2026-07-12
(주)삼우에프앤지,True,(주)삼우에프앤지,273.0,3944419.0,47333031.0,2026-05,2026-07-12
(주)삼우이앤아이,False,,,,,,2026-07-12
(주)삼우통상,True,(주)삼우통상,73.0,3203562.0,38442740.0,2026-05,2026-07-12
(주)삼우화학,True,(주)삼우화학,24.0,4035352.0,48424222.0,2026-05,2026-07-12
(주)삼원가구,False,,,,,,2026-07-12
(주)삼원건설산업,False,,,,,,2026-07-12
(주)삼원기업,True,(주)삼원기업,12.0,2347074.0,28164889.0,2026-05,2026-07-12
(주)삼원레이져,True,(주)삼원레이져,7.0,4315810.0,51789714.0,2026-05,2026-07-12
(주)삼원이앤비,True,(주)삼원이앤비,41.0,4790130.0,57481561.0,2026-05,2026-07-12
(주)삼원절연,False,,,,,,2026-07-12
(주)삼원종합개발,False,,,,,,2026-07-12
(주)삼육특수유제,True,(주)삼육특수유제,7.0,4227873.0,50734476.0,2026-05,2026-07-12
(주)삼은,False,,,,,,2026-07-12
(주)삼익,True,(주)삼익,24.0,3215287.0,38583444.0,2026-05,2026-07-12
(주)삼익열기,True,(주)삼익열기,3.0,3086444.0,37037333.0,2026-05,2026-07-12
(주)삼인분체산업,True,(주)삼인분체산업,32.0,3519451.0,42233417.0,2026-05,2026-07-12
(주)삼인이엔지,True,(주)삼인이엔지,16.0,3756347.0,45076167.0,2026-05,2026-07-12
(주)삼일공사,True,(주)삼일공사,4.0,2798222.0,33578667.0,2026-05,2026-07-12
(주)삼일씨엔에스,True,(주)삼일씨엔에스,7.0,2561619.0,30739429.0,2026-05,2026-07-12
(주)삼일엑슨산업,False,,,,,,2026-07-12
(주)삼정건설기계,True,(주)삼정건설기계,49.0,4197642.0,50371701.0,2026-05,2026-07-12
(주)삼정맨파워,False,,,,,,2026-07-12
(주)삼정에프엔디,True,(주)삼정에프엔디,13.0,5132940.0,61595282.0,2026-05,2026-07-12
(주)삼정오토메이션,True,(주)삼정오토메이션,93.0,4738886.0,56866638.0,2026-05,2026-07-12
(주)삼정주판,False,,,,,,2026-07-12
(주)삼정컨테이너,False,,,,,,2026-07-12
(주)삼정티앤씨,False,,,,,,2026-07-12
(주)삼중공조이엔지,True,(주)삼중공조이엔지,8.0,4341028.0,52092333.0,2026-05,2026-07-12
(주)삼중석재,True,(주)삼중석재,18.0,4398185.0,52778222.0,2026-05,2026-07-12
(주)삼지중전기,True,(주)삼지중전기,7.0,3341524.0,40098286.0,2026-05,2026-07-12
(주)삼진주작소,False,,,,,,2026-07-12
(주)삼진피앤에이치,True,(주)삼진피앤에이치,8.0,3549917.0,42599000.0,2026-05,2026-07-12
(주)삼진하니콤,False,,,,,,2026-07-12
(주)삼창파이프,False,,,,,,2026-07-12
(주)삼창휴먼텍,True,(주)삼창휴먼텍,29.0,2630046.0,31560552.0,2026-05,2026-07-12
(주)삼천리사다리콜센타,False,,,,,,2026-07-12
(주)삼포실버드림,False,,,,,,2026-07-12
(주)삼합금속,True,(주)삼합금속,12.0,4200074.0,50400889.0,2026-05,2026-07-12
(주)삼호물류,False,,,,,,2026-07-12
(주)삼호에스엠티,False,,,,,,2026-07-12
(주)삼화전착,True,(주)삼화전착,22.0,3211606.0,38539273.0,2026-05,2026-07-12
(주)삼흥산업개발,False,,,,,,2026-07-12
(주)상록,True,(주)상록,7.0,2721016.0,32652190.0,2026-05,2026-07-12
(주)상문,True,(주)상문,58.0,4308517.0,51702207.0,2026-05,2026-07-12
(주)상신,True,(주)상신,8.0,3228361.0,38740333.0,2026-05,2026-07-12
(주)상신금속,True,(주)상신금속,91.0,6056735.0,72680821.0,2026-05,2026-07-12
(주)상용이엔지,True,(주)상용이엔지,19.0,3470281.0,41643368.0,2026-05,2026-07-12
(주)상우시스템,True,(주)상우시스템,129.0,2990844.0,35890129.0,2026-05,2026-07-12
(주)상우측기,False,,,,,,2026-07-12
(주)상원,True,(주)상원,13.0,3043265.0,36519179.0,2026-05,2026-07-12
(주)상일테크,True,(주)상일테크,102.0,3297532.0,39570379.0,2026-05,2026-07-12
(주)상일테크생산,False,,,,,,2026-07-12
(주)상진철강,True,(주)상진철강,10.0,3646044.0,43752533.0,2026-05,2026-07-12
(주)새누리소방,False,,,,,,2026-07-12
(주)새롬전자,False,,,,,,2026-07-12
(주)새한마이크로텍,True,(주)새한마이크로텍,157.0,3490814.0,41889766.0,2026-05,2026-07-12
(주)새한엘리베이터,True,(주)새한엘리베이터,39.0,4193954.0,50327453.0,2026-05,2026-07-12
(주)새한정관,False,,,,,,2026-07-12
(주)새한진공열처리,True,(주)새한진공열처리,14.0,3937222.0,47246667.0,2026-05,2026-07-12
(주)새한트라비스엘리베이터,False,,,,,,2026-07-12
(주)샌드팜,False,,,,,,2026-07-12
(주)생활연구소,False,,,,,,2026-07-12
(주)샤프에스이,False,,,,,,2026-07-12
(주)샤프테크닉스케이,False,,,,,,2026-07-12
(주)서경산업,True,(주)서경산업,3.0,5184148.0,62209778.0,2026-05,2026-07-12
(주)서경에너지,True,(주)서경에너지,9.0,3118716.0,37424593.0,2026-05,2026-07-12
(주)서경에스앤이,True,(주)서경에스앤이,20.0,3307944.0,39695333.0,2026-05,2026-07-12
(주)서광메탈,True,(주)서광메탈,5.0,3980889.0,47770667.0,2026-05,2026-07-12
(주)서광산업건설,False,,,,,,2026-07-12
(주)서광전력기술단,False,,,,,,2026-07-12
(주)서린테크,False,,,,,,2026-07-12
(주)서린환경과학,True,(주)서린환경과학,5.0,2474622.0,29695467.0,2026-05,2026-07-12
(주)서문건설,True,(주)서문건설,3.0,2110000.0,25320000.0,2026-05,2026-07-12
(주)서방이엔티,True,(주)서방이엔티,5.0,3888356.0,46660267.0,2026-05,2026-07-12
(주)서부트럭터미널,False,,,,,,2026-07-12
(주)서브원,True,(주)서브원,680.0,5064274.0,60771286.0,2026-05,2026-07-12
(주)서비스월드,True,(주)서비스월드,5.0,4195956.0,50351467.0,2026-05,2026-07-12
(주)서빅,False,,,,,,2026-07-12
(주)서영 LTD,False,,,,,,2026-07-12
(주)서영이엔씨,True,(주)서영이엔씨,9.0,2723136.0,32677630.0,2026-05,2026-07-12
(주)서영피엔아이,True,(주)서영피엔아이,65.0,3869535.0,46434421.0,2026-05,2026-07-12
(주)서울경금속,True,(주)서울경금속,133.0,3769813.0,45237754.0,2026-05,2026-07-12
(주)서울렌탈,True,(주)서울렌탈,4.0,3509722.0,42116667.0,2026-05,2026-07-12
(주)서울산업기술,False,,,,,,2026-07-12
(주)서울산업안전컨설팅,False,,,,,,2026-07-12
(주)서울우유관악대리점,False,,,,,,2026-07-12
(주)서울전원시스템,True,(주)서울전원시스템,12.0,3835667.0,46028000.0,2026-05,2026-07-12
(주)서울지공,True,(주)서울지공,11.0,3369818.0,40437818.0,2026-05,2026-07-12
(주)서울창호,False,,,,,,2026-07-12
(주)서울푸드시스템,True,(주)서울푸드시스템,32.0,3778035.0,45336417.0,2026-05,2026-07-12
(주)서은에프에이,False,,,,,,2026-07-12
(주)서인인더스,False,,,,,,2026-07-12
(주)서일,True,(주)서일,4.0,3877222.0,46526667.0,2026-05,2026-07-12
(주)서전발맥,False,,,,,,2026-07-12
(주)서진금속,False,,,,,,2026-07-12
(주)서진로지스,True,(주)서진로지스,6.0,4390704.0,52688444.0,2026-05,2026-07-12
(주)서진어패럴,False,,,,,,2026-07-12
(주)서진정보통신,True,(주)서진정보통신,6.0,1879889.0,22558667.0,2026-05,2026-07-12
(주)서진특수금속,False,,,,,,2026-07-12
(주)서진푸드,True,(주)서진푸드,11.0,2559293.0,30711515.0,2026-05,2026-07-12
(주)서초택시,True,(주)서초택시,36.0,2541932.0,30503185.0,2026-05,2026-07-12
(주)서포터예성,True,(주)서포터예성,13.0,2473607.0,29683282.0,2026-05,2026-07-12
(주)서한안타민,True,(주)서한안타민,36.0,3866864.0,46402370.0,2026-05,2026-07-12
(주)서해특장,False,,,,,,2026-07-12
(주)서현개발,False,,,,,,2026-07-12
(주)서현케미칼,False,,,,,,2026-07-12
(주)서호씨엠,True,(주)서호씨엠,6.0,2872111.0,34465333.0,2026-05,2026-07-12
(주)서화일렉콤,True,(주)서화일렉콤,5.0,2889022.0,34668267.0,2026-05,2026-07-12
(주)석천스틸그레이팅,True,(주)석천스틸그레이팅,9.0,2961259.0,35535111.0,2026-05,2026-07-12
(주)선건드릴,False,,,,,,2026-07-12
(주)선경에스티,False,,,,,,2026-07-12
(주)선경프라텍,False,,,,,,2026-07-12
(주)선그린,True,(주)선그린,3.0,3465333.0,41584000.0,2026-05,2026-07-12
(주)선농생활,False,,,,,,2026-07-12
(주)선두기업,True,(주)선두기업,7.0,2445810.0,29349714.0,2026-05,2026-07-12
(주)선명씨앤피,False,,,,,,2026-07-12
(주)선부점현대자동차,True,(주)선부점현대자동차,8.0,3504222.0,42050667.0,2026-05,2026-07-12
(주)선우엔지니어링,True,(주)선우엔지니어링,5.0,2955333.0,35464000.0,2026-05,2026-07-12
(주)선인,True,(주)선인,220.0,4180824.0,50169891.0,2026-05,2026-07-12
(주)선진EDS,False,,,,,,2026-07-12
(주)선진디앤아이,False,,,,,,2026-07-12
(주)선진리싸이클,True,(주)선진리싸이클,5.0,3355911.0,40270933.0,2026-05,2026-07-12
(주)선진스프링,True,(주)선진스프링,27.0,4356033.0,52272395.0,2026-05,2026-07-12
(주)선진씨앤디,False,,,,,,2026-07-12
(주)선진에스엠,True,(주)선진에스엠,19.0,3911427.0,46937123.0,2026-05,2026-07-12
(주)선진에이티앤씨,True,(주)선진에이티앤씨,5.0,5033200.0,60398400.0,2026-05,2026-07-12
(주)선진엔텍,True,(주)선진엔텍,54.0,4706465.0,56477580.0,2026-05,2026-07-12
(주)선진오토텍,True,(주)선진오토텍,16.0,3421111.0,41053333.0,2026-05,2026-07-12
(주)선진운수,True,(주)선진운수,500.0,5003437.0,60041248.0,2026-05,2026-07-12
(주)선진인더스,False,,,,,,2026-07-12
(주)선진전력기술단,True,(주)선진전력기술단,6.0,2796815.0,33561778.0,2026-05,2026-07-12
(주)선진정밀,True,(주)선진정밀,9.0,2693605.0,32323259.0,2026-05,2026-07-12
(주)선진테크윈,False,,,,,,2026-07-12
(주)선학,True,(주)선학,16.0,3282792.0,39393500.0,2026-05,2026-07-12
(주)성공코리아,True,(주)성공코리아,3.0,2791556.0,33498667.0,2026-05,2026-07-12
(주)성도미화,True,(주)성도미화,32.0,2687056.0,32244667.0,2026-05,2026-07-12
(주)성동돌봄센터,True,(주)성동돌봄센터,13.0,1647470.0,19769641.0,2026-05,2026-07-12
(주)성림교구,True,(주)성림교구,12.0,4449000.0,53388000.0,2026-05,2026-07-12
(주)성림산전,False,,,,,,2026-07-12
(주)성림에너지 안산충전소,True,(주)성림에너지 안산충전소,6.0,3855593.0,46267111.0,2026-05,2026-07-12
(주)성림에너지 평택충전소,True,(주)성림에너지 평택충전소,3.0,3472370.0,41668444.0,2026-05,2026-07-12
(주)성모개발,True,(주)성모개발,9.0,2973531.0,35682370.0,2026-05,2026-07-12
(주)성민이엔씨,False,,,,,,2026-07-12
(주)성보메디칼,False,,,,,,2026-07-12
(주)성보케미칼,False,,,,,,2026-07-12
(주)성산제관,False,,,,,,2026-07-12
(주)성신이노텍,True,(주)성신이노텍,40.0,4032306.0,48387667.0,2026-05,2026-07-12
(주)성실기업,True,(주)성실기업,8.0,3566944.0,42803333.0,2026-05,2026-07-12
(주)성연테크,True,(주)성연테크,9.0,3288593.0,39463111.0,2026-05,2026-07-12
(주)성오엠앤피,False,,,,,,2026-07-12
(주)성우개발이앤씨,False,,,,,,2026-07-12
(주)성우기업,False,,,,,,2026-07-12
(주)성우산업,True,(주)성우산업,5.0,2398578.0,28782933.0,2026-05,2026-07-12
(주)성우서비스,False,,,,,,2026-07-12
(주)성우스타게이트,True,(주)성우스타게이트,18.0,3074062.0,36888741.0,2026-05,2026-07-12
(주)성우스틸,True,(주)성우스틸,15.0,3350222.0,40202667.0,2026-05,2026-07-12
(주)성우이앤씨,True,(주)성우이앤씨,11.0,3721838.0,44662061.0,2026-05,2026-07-12
(주)성우코퍼레이션,False,,,,,,2026-07-12
(주)성우패널시스템,False,,,,,,2026-07-12
(주)성우플러스,False,,,,,,2026-07-12
(주)성원,True,(주)성원,6.0,2270259.0,27243111.0,2026-05,2026-07-12
(주)성원공조시스템,False,,,,,,2026-07-12
(주)성원냉동식품,False,,,,,,2026-07-12
(주)성원리사이클,False,,,,,,2026-07-12
(주)성원아이엔디,True,(주)성원아이엔디,63.0,4457958.0,53495492.0,2026-05,2026-07-12
(주)성원에프엔씨,False,,,,,,2026-07-12
(주)성원이엔아이,False,,,,,,2026-07-12
(주)성원종합복지센터,False,,,,,,2026-07-12
(주)성원토건,True,(주)성원토건,13.0,2243556.0,26922667.0,2026-05,2026-07-12
(주)성원푸드,False,,,,,,2026-07-12
(주)성원피엔아이,False,,,,,,2026-07-12
(주)성윤테크,True,(주)성윤테크,15.0,3662548.0,43950578.0,2026-05,2026-07-12
(주)성일동력시스템,True,(주)성일동력시스템,5.0,3333289.0,39999467.0,2026-05,2026-07-12
(주)성일아이앤씨,False,,,,,,2026-07-12
(주)성일앤풍아산업,False,,,,,,2026-07-12
(주)성일특수강,True,(주)성일특수강,4.0,4254611.0,51055333.0,2026-05,2026-07-12
(주)성조산업,True,(주)성조산업,8.0,2405833.0,28870000.0,2026-05,2026-07-12
(주)성주컴텍,False,,,,,,2026-07-12
(주)성지,True,(주)성지,6.0,3149889.0,37798667.0,2026-05,2026-07-12
(주)성지오토,False,,,,,,2026-07-12
(주)성진금속,True,(주)성진금속,11.0,4068323.0,48819879.0,2026-05,2026-07-12
(주)성진기술,False,,,,,,2026-07-12
(주)성진산업,True,(주)성진산업,5.0,4167067.0,50004800.0,2026-05,2026-07-12
(주)성진시스템즈,True,(주)성진시스템즈,53.0,3178491.0,38141887.0,2026-05,2026-07-12
(주)성진에프씨,True,(주)성진에프씨,38.0,2573509.0,30882105.0,2026-05,2026-07-12
(주)성진에프에스,True,(주)성진에프에스,33.0,2768633.0,33223596.0,2026-05,2026-07-12
(주)성진테크놀러지,True,(주)성진테크놀러지,11.0,3805091.0,45661091.0,2026-05,2026-07-12
(주)성진피앤티,False,,,,,,2026-07-12
(주)성철환경개발,True,(주)성철환경개발,13.0,4047504.0,48570051.0,2026-05,2026-07-12
(주)성포주류,True,(주)성포주류,19.0,4050000.0,48600000.0,2026-05,2026-07-12
(주)성하,True,(주)성하,4.0,3601722.0,43220667.0,2026-05,2026-07-12
(주)성한기업,True,(주)성한기업,91.0,3430904.0,41170842.0,2026-05,2026-07-12
(주)성한안산식자재점,True,(주)성한안산식자재점,31.0,3530000.0,42360000.0,2026-05,2026-07-12
(주)성현기업,True,(주)성현기업,11.0,3251798.0,39021576.0,2026-05,2026-07-12
(주)성현산업,True,(주)성현산업,8.0,5357278.0,64287333.0,2026-05,2026-07-12
(주)성호스텐,True,(주)성호스텐,40.0,3369528.0,40434333.0,2026-05,2026-07-12
(주)성희테크,True,(주)성희테크,4.0,4234000.0,50808000.0,2026-05,2026-07-12
(주)세고산업,False,,,,,,2026-07-12
(주)세광,True,(주)세광,3.0,2490963.0,29891556.0,2026-05,2026-07-12
(주)세광콜드텍,True,(주)세광콜드텍,3.0,5586222.0,67034667.0,2026-05,2026-07-12
(주)세노티피엘(CENOTPL),False,,,,,,2026-07-12
(주)세리마,False,,,,,,2026-07-12
(주)세림켐텍,False,,,,,,2026-07-12
(주)세명안전시스템,True,(주)세명안전시스템,7.0,3257714.0,39092571.0,2026-05,2026-07-12
(주)세명엔텍,True,(주)세명엔텍,3.0,3484667.0,41816000.0,2026-05,2026-07-12
(주)세명오토테크,False,,,,,,2026-07-12
(주)세명테크윈,False,,,,,,2026-07-12
(주)세미메카,True,(주)세미메카,48.0,3965000.0,47580000.0,2026-05,2026-07-12
(주)세미엠텍,True,(주)세미엠텍,4.0,6471556.0,77658667.0,2026-05,2026-07-12
(주)세비카,True,(주)세비카,14.0,3095651.0,37147810.0,2026-05,2026-07-12
(주)세신엔지니어링,True,(주)세신엔지니어링,7.0,4172540.0,50070476.0,2026-05,2026-07-12
(주)세심산업,False,,,,,,2026-07-12
(주)세아엘리텍,True,(주)세아엘리텍,18.0,3181802.0,38181630.0,2026-05,2026-07-12
(주)세아오토메이션,False,,,,,,2026-07-12
(주)세안이엔지,True,(주)세안이엔지,11.0,4214646.0,50575758.0,2026-05,2026-07-12
(주)세안텍스,True,(주)세안텍스,584.0,3233920.0,38807037.0,2026-05,2026-07-12
(주)세안텍스 삼성라끄빌,False,,,,,,2026-07-12
(주)세양베드씨스템,False,,,,,,2026-07-12
(주)세연,True,(주)세연,39.0,3818866.0,45826393.0,2026-05,2026-07-12
(주)세연씨엔에스,False,,,,,,2026-07-12
(주)세연이엔지,True,(주)세연이엔지,14.0,5710619.0,68527429.0,2026-05,2026-07-12
(주)세연종합관리,True,(주)세연종합관리,11.0,2460141.0,29521697.0,2026-05,2026-07-12
(주)세영미디어,False,,,,,,2026-07-12
(주)세영티엠에스,True,(주)세영티엠에스,97.0,4269340.0,51232082.0,2026-05,2026-07-12
(주)세우아이앤씨,False,,,,,,2026-07-12
(주)세운,True,(주)세운,28.0,3146667.0,37760000.0,2026-05,2026-07-12
(주)세움,False,,,,,,2026-07-12
(주)세움토탈서비스,False,,,,,,2026-07-12
(주)세원,True,(주)세원,19.0,1761029.0,21132351.0,2026-05,2026-07-12
(주)세원주방산업,False,,,,,,2026-07-12
(주)세원테크,True,(주)세원테크,22.0,2632737.0,31592848.0,2026-05,2026-07-12
(주)세원피앤씨,True,(주)세원피앤씨,18.0,3923877.0,47086519.0,2026-05,2026-07-12
(주)세이프코리아,True,(주)세이프코리아,30.0,4228052.0,50736622.0,2026-05,2026-07-12
(주)세이프티퍼펙션,True,(주)세이프티퍼펙션,13.0,3082564.0,36990769.0,2026-05,2026-07-12
(주)세일공업,False,,,,,,2026-07-12
(주)세일시스,False,,,,,,2026-07-12
(주)세일시스템공조,False,,,,,,2026-07-12
(주)세일정밀,True,(주)세일정밀,15.0,3958726.0,47504711.0,2026-05,2026-07-12
(주)세종산업,True,(주)세종산업,16.0,3609931.0,43319167.0,2026-05,2026-07-12
(주)세종테크,True,(주)세종테크,5.0,2135733.0,25628800.0,2026-05,2026-07-12
(주)세주 농업회사법인,False,,,,,,2026-07-12
(주)세줄,False,,,,,,2026-07-12
(주)세중,True,(주)세중,99.0,3561026.0,42732310.0,2026-05,2026-07-12
(주)세진건기,False,,,,,,2026-07-12
(주)세진기업,True,(주)세진기업,21.0,3876614.0,46519365.0,2026-05,2026-07-12
(주)세진물산,True,(주)세진물산,8.0,3593806.0,43125667.0,2026-05,2026-07-12
(주)세진오토,True,(주)세진오토,15.0,3176933.0,38123200.0,2026-05,2026-07-12
(주)세진전자통신,True,(주)세진전자통신,59.0,2910757.0,34929085.0,2026-05,2026-07-12
(주)세창기계,True,(주)세창기계,13.0,4371538.0,52458462.0,2026-05,2026-07-12
(주)세창프론테크,False,,,,,,2026-07-12
(주)세천,False,,,,,,2026-07-12
(주)세파,False,,,,,,2026-07-12
(주)세하통신,True,(주)세하통신,87.0,3027678.0,36332138.0,2026-05,2026-07-12
(주)세한,True,(주)세한,20.0,3239122.0,38869467.0,2026-05,2026-07-12
(주)세화엔스텍,True,(주)세화엔스텍,35.0,5111073.0,61332876.0,2026-05,2026-07-12
(주)세화자산관리,True,(주)세화자산관리,84.0,2956849.0,35482190.0,2026-05,2026-07-12
(주)센스치과기공,True,(주)센스치과기공,29.0,3251831.0,39021977.0,2026-05,2026-07-12
(주)센테크이엔지,True,(주)센테크이엔지,25.0,3180951.0,38171413.0,2026-05,2026-07-12
(주)센텍,True,(주)센텍,15.0,4020681.0,48248178.0,2026-05,2026-07-12
(주)셀빙코리아,True,(주)셀빙코리아,9.0,3514222.0,42170667.0,2026-05,2026-07-12
(주)셀프스토리지,True,(주)셀프스토리지,23.0,3733449.0,44801391.0,2026-05,2026-07-12
(주)소낙스앤인,False,,,,,,2026-07-12
(주)소니가,False,,,,,,2026-07-12
(주)소닉스시스템,True,(주)소닉스시스템,7.0,3142190.0,37706286.0,2026-05,2026-07-12
(주)소담에프앤비,False,,,,,,2026-07-12
(주)소리마루,True,(주)소리마루,4.0,3384056.0,40608667.0,2026-05,2026-07-12
(주)소영건업,True,(주)소영건업,3.0,3779556.0,45354667.0,2026-05,2026-07-12
(주)소영무역,False,,,,,,2026-07-12
(주)소와양,True,(주)소와양,11.0,2711798.0,32541576.0,2026-05,2026-07-12
(주)소유파트너스,True,(주)소유파트너스,21.0,2305693.0,27668317.0,2026-05,2026-07-12
(주)솔다,False,,,,,,2026-07-12
(주)솔레노이드 시스템,False,,,,,,2026-07-12
(주)솔루밀,False,,,,,,2026-07-12
(주)솔루션인피니티,True,(주)솔루션인피니티,6.0,4793556.0,57522667.0,2026-05,2026-07-12
(주)솔숲미추홀복지센터,False,,,,,,2026-07-12
(주)송경,False,,,,,,2026-07-12
(주)송본,False,,,,,,2026-07-12
(주)송산메카,True,(주)송산메카,18.0,4418815.0,53025778.0,2026-05,2026-07-12
(주)송운사,True,(주)송운사,88.0,3597179.0,43166152.0,2026-05,2026-07-12
(주)송원식품,False,,,,,,2026-07-12
(주)송정하이테크,False,,,,,,2026-07-12
(주)송지,True,(주)송지,6.0,1538407.0,18460889.0,2026-05,2026-07-12
(주)송축,False,,,,,,2026-07-12
(주)송현테크,True,(주)송현테크,64.0,4445705.0,53348458.0,2026-05,2026-07-12
(주)쇼담테크,True,(주)쇼담테크,7.0,4195619.0,50347429.0,2026-05,2026-07-12
(주)수경농산,False,,,,,,2026-07-12
(주)수도권서부자원순환센터,True,(주)수도권서부자원순환센터,59.0,3827819.0,45933831.0,2026-05,2026-07-12
(주)수리산업 마래리공장,False,,,,,,2026-07-12
(주)수리산업 여주남로공장,False,,,,,,2026-07-12
(주)수림기업,False,,,,,,2026-07-12
(주)수민기업,True,(주)수민기업,23.0,2653246.0,31838957.0,2026-05,2026-07-12
(주)수산기업,True,(주)수산기업,19.0,3749708.0,44996491.0,2026-05,2026-07-12
(주)수성공조,True,(주)수성공조,15.0,3207615.0,38491378.0,2026-05,2026-07-12
(주)수암,True,(주)수암,10.0,4050533.0,48606400.0,2026-05,2026-07-12
(주)수양엔지니어링기술사사무소,False,,,,,,2026-07-12
(주)수엔지니어링,True,(주)수엔지니어링,6.0,2492963.0,29915556.0,2026-05,2026-07-12
(주)수원성능검사,True,(주)수원성능검사,4.0,4607167.0,55286000.0,2026-05,2026-07-12
(주)수원시니어,False,,,,,,2026-07-12
(주)수원종합폐차장,True,(주)수원종합폐차장,25.0,3651173.0,43814080.0,2026-05,2026-07-12
(주)수원콘크리트,True,(주)수원콘크리트,8.0,4323583.0,51883000.0,2026-05,2026-07-12
(주)수진기업,False,,,,,,2026-07-12
(주)수현물산,False,,,,,,2026-07-12
(주)수협개발,True,(주)수협개발,228.0,3008592.0,36103099.0,2026-05,2026-07-12
(주)수협유통,True,(주)수협유통,143.0,3059248.0,36710974.0,2026-05,2026-07-12
(주)수호,True,(주)수호,10.0,1647111.0,19765333.0,2026-05,2026-07-12
(주)수호테크,False,,,,,,2026-07-12
(주)수화엔지니어링,True,(주)수화엔지니어링,6.0,3666704.0,44000444.0,2026-05,2026-07-12
(주)수훈판지,False,,,,,,2026-07-12
(주)숲에온,False,,,,,,2026-07-12
(주)쉴드코리아,True,(주)쉴드코리아,3.0,2512889.0,30154667.0,2026-05,2026-07-12
(주)스마일코리아,False,,,,,,2026-07-12
(주)스마트내추럴보드,False,,,,,,2026-07-12
(주)스마트리더,False,,,,,,2026-07-12
(주)스마트소방안전,True,(주)스마트소방안전,6.0,2239667.0,26876000.0,2026-05,2026-07-12
(주)스마트큐브,True,(주)스마트큐브,15.0,3490474.0,41885689.0,2026-05,2026-07-12
(주)스마트크린,False,,,,,,2026-07-12
(주)스미스테크,False,,,,,,2026-07-12
(주)스카이뱅크,True,(주)스카이뱅크,4.0,2986611.0,35839333.0,2026-05,2026-07-12
(주)스카이투어관광,False,,,,,,2026-07-12
(주)스킨어세이,False,,,,,,2026-07-12
(주)스타우드,True,(주)스타우드,16.0,3925292.0,47103500.0,2026-05,2026-07-12
(주)스탭솔루션,True,(주)스탭솔루션,125.0,2571689.0,30860267.0,2026-05,2026-07-12
(주)스팀지니종합관리,False,,,,,,2026-07-12
(주)슬기로운병원생활,False,,,,,,2026-07-12
(주)슬립링코리아,True,(주)슬립링코리아,19.0,3853099.0,46237193.0,2026-05,2026-07-12
(주)승산산업조경,False,,,,,,2026-07-12
(주)승호산업,False,,,,,,2026-07-12
(주)시나텍,False,,,,,,2026-07-12
(주)시니어케어,True,(주)시니어케어,9.0,2116247.0,25394963.0,2026-05,2026-07-12
(주)시니어케어24,False,,,,,,2026-07-12
(주)시다에프에스,False,,,,,,2026-07-12
(주)시대전기,False,,,,,,2026-07-12
(주)시드테크,False,,,,,,2026-07-12
(주)시스윈,True,(주)시스윈,4.0,3129444.0,37553333.0,2026-05,2026-07-12
(주)시스템산업,True,(주)시스템산업,19.0,4742211.0,56906526.0,2026-05,2026-07-12
(주)시스템폴딩,False,,,,,,2026-07-12
(주)시에스앤씨,False,,,,,,2026-07-12
(주)시에이치물류,False,,,,,,2026-07-12
(주)시영디자인,False,,,,,,2026-07-12
(주)시온테크놀로지,False,,,,,,2026-07-12
(주)시큐원,False,,,,,,2026-07-12
(주)시트라,True,(주)시트라,32.0,4530375.0,54364500.0,2026-05,2026-07-12
(주)시피유,False,,,,,,2026-07-12
(주)시흥시종합복지센터,False,,,,,,2026-07-12
(주)식스플러스,True,(주)식스플러스,9.0,3324000.0,39888000.0,2026-05,2026-07-12
(주)식판천사,True,(주)식판천사,11.0,2260808.0,27129697.0,2026-05,2026-07-12
(주)식품외식산업연구소,False,,,,,,2026-07-12
(주)식현전푸드,False,,,,,,2026-07-12
(주)신강교통,False,,,,,,2026-07-12
(주)신광,True,(주)신광,3.0,2885481.0,34625778.0,2026-05,2026-07-12
(주)신광아크릴(시화지점),False,,,,,,2026-07-12
(주)신광엠테크,False,,,,,,2026-07-12
(주)신광테크,True,(주)신광테크,56.0,3794583.0,45535000.0,2026-05,2026-07-12
(주)신광포리머,True,(주)신광포리머,6.0,3700148.0,44401778.0,2026-05,2026-07-12
(주)신기엔지니어링,True,(주)신기엔지니어링,8.0,4060500.0,48726000.0,2026-05,2026-07-12
(주)신대양정비,False,,,,,,2026-07-12
(주)신대한관리,True,(주)신대한관리,116.0,3245429.0,38945149.0,2026-05,2026-07-12
(주)신덕화농산,False,,,,,,2026-07-12
(주)신동아프린텍,False,,,,,,2026-07-12
(주)신두리,False,,,,,,2026-07-12
(주)신명시스템,True,(주)신명시스템,8.0,3844556.0,46134667.0,2026-05,2026-07-12
(주)신명전기,True,(주)신명전기,20.0,3394544.0,40734533.0,2026-05,2026-07-12
(주)신명종합중기,False,,,,,,2026-07-12
(주)신미래에너지,True,(주)신미래에너지,16.0,2983944.0,35807333.0,2026-05,2026-07-12
(주)신성,True,(주)신성,3.0,3658889.0,43906667.0,2026-05,2026-07-12
(주)신성금속,True,(주)신성금속,11.0,3920222.0,47042667.0,2026-05,2026-07-12
(주)신성냉열,False,,,,,,2026-07-12
(주)신성단조공업,False,,,,,,2026-07-12
(주)신성데시칸트,False,,,,,,2026-07-12
(주)신성메탈,False,,,,,,2026-07-12
(주)신성베이커리,True,(주)신성베이커리,53.0,2303774.0,27645283.0,2026-05,2026-07-12
(주)신성이엔지,True,(주)신성이엔지,3.0,1674370.0,20092444.0,2026-05,2026-07-12
(주)신성프리시젼,True,(주)신성프리시젼,129.0,3657349.0,43888186.0,2026-05,2026-07-12
(주)신성하인스,False,,,,,,2026-07-12
(주)신성휴먼스,True,(주)신성휴먼스,4.0,3212778.0,38553333.0,2026-05,2026-07-12
(주)신세계에프씨,True,(주)신세계에프씨,25.0,2456391.0,29476693.0,2026-05,2026-07-12
(주)신세기바이오,False,,,,,,2026-07-12
(주)신스트레이딩,False,,,,,,2026-07-12
(주)신승테윈,False,,,,,,2026-07-12
(주)신아메드,True,(주)신아메드,48.0,3218778.0,38625333.0,2026-05,2026-07-12
(주)신아화스텍,True,(주)신아화스텍,15.0,3485733.0,41828800.0,2026-05,2026-07-12
(주)신안냉열시스템,True,(주)신안냉열시스템,14.0,3021492.0,36257905.0,2026-05,2026-07-12
(주)신안피앤피,False,,,,,,2026-07-12
(주)신양물류,False,,,,,,2026-07-12
(주)신영그린시스,False,,,,,,2026-07-12
(주)신영금속,True,(주)신영금속,5.0,4328978.0,51947733.0,2026-05,2026-07-12
(주)신영씨엔에스,True,(주)신영씨엔에스,7.0,4385302.0,52623619.0,2026-05,2026-07-12
(주)신영인터내셔널,False,,,,,,2026-07-12
(주)신영잉크,True,(주)신영잉크,11.0,3925919.0,47111030.0,2026-05,2026-07-12
(주)신용화학,False,,,,,,2026-07-12
(주)신우문화,False,,,,,,2026-07-12
(주)신우미트앤푸드,False,,,,,,2026-07-12
(주)신우비엠,True,(주)신우비엠,8.0,2908528.0,34902333.0,2026-05,2026-07-12
(주)신우전기엔지니어링,True,(주)신우전기엔지니어링,25.0,2570409.0,30844907.0,2026-05,2026-07-12
(주)신우전자,True,(주)신우전자,16.0,3277181.0,39326167.0,2026-05,2026-07-12
(주)신우정밀,True,(주)신우정밀,4.0,4521167.0,54254000.0,2026-05,2026-07-12
(주)신우테크코리아,False,,,,,,2026-07-12
(주)신우프론티어,True,(주)신우프론티어,28.0,2907452.0,34889429.0,2026-05,2026-07-12
(주)신웅씨앤에스,True,(주)신웅씨앤에스,7.0,2369460.0,28433524.0,2026-05,2026-07-12
(주)신원,True,(주)신원,796.0,5051977.0,60623729.0,2026-05,2026-07-12
(주)신원에이스도어,True,(주)신원에이스도어,32.0,3490694.0,41888333.0,2026-05,2026-07-12
(주)신원이엔씨,False,,,,,,2026-07-12
(주)신원인팩,True,(주)신원인팩,53.0,3935417.0,47225006.0,2026-05,2026-07-12
(주)신원지앤피,False,,,,,,2026-07-12
(주)신원칼라,True,(주)신원칼라,6.0,4277222.0,51326667.0,2026-05,2026-07-12
(주)신원포장,True,(주)신원포장,8.0,3278083.0,39337000.0,2026-05,2026-07-12
(주)신이앤씨,True,(주)신이앤씨,10.0,3012844.0,36154133.0,2026-05,2026-07-12
(주)신일이엔지,True,(주)신일이엔지,13.0,3437111.0,41245333.0,2026-05,2026-07-12
(주)신일포장,True,(주)신일포장,29.0,3920874.0,47050483.0,2026-05,2026-07-12
(주)신정테크놀러지,False,,,,,,2026-07-12
(주)신진이앤지,False,,,,,,2026-07-12
(주)신진직업교육원,False,,,,,,2026-07-12
(주)신창비엔씨,False,,,,,,2026-07-12
(주)신태양금속,True,(주)신태양금속,31.0,4122781.0,49473376.0,2026-05,2026-07-12
(주)신평택모터스,False,,,,,,2026-07-12
(주)신풍시스템,True,(주)신풍시스템,106.0,2615021.0,31380252.0,2026-05,2026-07-12
(주)신한국보안시스템,False,,,,,,2026-07-12
(주)신한서브,False,,,,,,2026-07-12
(주)신한오토텍 평택지점,True,(주)신한오토텍 평택지점,9.0,2233556.0,26802667.0,2026-05,2026-07-12
(주)신한종합건축사사무소,True,(주)신한종합건축사사무소,138.0,4611804.0,55341643.0,2026-05,2026-07-12
(주)신한플라스틱,True,(주)신한플라스틱,7.0,3357810.0,40293714.0,2026-05,2026-07-12
(주)신현대관리,True,(주)신현대관리,204.0,2736973.0,32843673.0,2026-05,2026-07-12
(주)신화기전,False,,,,,,2026-07-12
(주)신화로직스,True,(주)신화로직스,157.0,3775701.0,45308416.0,2026-05,2026-07-12
(주)신화비엠씨,True,(주)신화비엠씨,51.0,2596488.0,31157856.0,2026-05,2026-07-12
(주)신화셀렉스,True,(주)신화셀렉스,16.0,3900792.0,46809500.0,2026-05,2026-07-12
(주)신화에이피,True,(주)신화에이피,3.0,3724593.0,44695111.0,2026-05,2026-07-12
(주)신화여객,True,(주)신화여객,83.0,4808364.0,57700369.0,2026-05,2026-07-12
(주)신화전기,True,(주)신화전기,6.0,3924481.0,47093778.0,2026-05,2026-07-12
(주)신화코리아,False,,,,,,2026-07-12
(주)신화테크,True,(주)신화테크,27.0,3461588.0,41539062.0,2026-05,2026-07-12
(주)신화테크놀러지,False,,,,,,2026-07-12
(주)신흥건설,True,(주)신흥건설,6.0,2226667.0,26720000.0,2026-05,2026-07-12
(주)신흥농산,True,(주)신흥농산,25.0,2228764.0,26745173.0,2026-05,2026-07-12
(주)신흥판금,False,,,,,,2026-07-12
(주)실리콘투,False,,,,,,2026-07-12
(주)실버웨이복지법인,True,(주)실버웨이복지법인,23.0,1896058.0,22752696.0,2026-05,2026-07-12
(주)실버케어,True,(주)실버케어,27.0,2759827.0,33117926.0,2026-05,2026-07-12
(주)심텍(SIMTECH),False,,,,,,2026-07-12
(주)싱크피플,False,,,,,,2026-07-12
(주)싸이노스,True,(주)싸이노스,486.0,4430850.0,53170195.0,2026-05,2026-07-12
(주)쌍솔무역,False,,,,,,2026-07-12
(주)쌍용금속볼트,False,,,,,,2026-07-12
(주)써밋자산관리,True,(주)써밋자산관리,16.0,2502278.0,30027333.0,2026-05,2026-07-12
(주)써밋필텍,False,,,,,,2026-07-12
(주)썬버드,False,,,,,,2026-07-12
(주)썬스프링,False,,,,,,2026-07-12
(주)썬앤문,False,,,,,,2026-07-12
(주)썬팩,False,,,,,,2026-07-12
(주)썬푸드앤시스템,False,,,,,,2026-07-12
(주)쎄미게이트,False,,,,,,2026-07-12
(주)쎌텍,True,(주)쎌텍,22.0,4070303.0,48843636.0,2026-05,2026-07-12
(주)쏘디엔,True,(주)쏘디엔,10.0,3124778.0,37497333.0,2026-05,2026-07-12
(주)쓰리디테크,False,,,,,,2026-07-12
(주)쓰리에스전기통신,False,,,,,,2026-07-12
(주)씨마,True,(주)씨마,17.0,2818588.0,33823059.0,2026-05,2026-07-12
(주)씨비전청담아이가르텐어학원,False,,,,,,2026-07-12
(주)씨앤에스자산관리,False,,,,,,2026-07-12
(주)씨에스리더,True,(주)씨에스리더,457.0,4008455.0,48101462.0,2026-05,2026-07-12
(주)씨에스메디칼,True,(주)씨에스메디칼,19.0,2424117.0,29089404.0,2026-05,2026-07-12
(주)씨에스미디어,False,,,,,,2026-07-12
(주)씨에스엠,True,(주)씨에스엠,28.0,2890460.0,34685524.0,2026-05,2026-07-12
(주)씨에스와이,False,,,,,,2026-07-12
(주)씨에스코리아,True,(주)씨에스코리아,7.0,4368095.0,52417143.0,2026-05,2026-07-12
(주)씨에스콘트롤즈,False,,,,,,2026-07-12
(주)씨에스티컴퍼니,False,,,,,,2026-07-12
(주)씨에스팩,True,(주)씨에스팩,5.0,4577422.0,54929067.0,2026-05,2026-07-12
(주)씨에스휴먼라인,False,,,,,,2026-07-12
(주)씨에이에스,True,(주)씨에이에스,235.0,3797375.0,45568499.0,2026-05,2026-07-12
(주)씨엔텍코리아,True,(주)씨엔텍코리아,67.0,4681131.0,56173572.0,2026-05,2026-07-12
(주)씨엘레이저,False,,,,,,2026-07-12
(주)씨엘시스템즈,False,,,,,,2026-07-12
(주)씨엠관리,False,,,,,,2026-07-12
(주)씨엠시설관리,True,(주)씨엠시설관리,6.0,2010630.0,24127556.0,2026-05,2026-07-12
(주)씨엠에스,True,(주)씨엠에스,152.0,3237961.0,38855526.0,2026-05,2026-07-12
(주)씨엠코리아,True,(주)씨엠코리아,5.0,2324889.0,27898667.0,2026-05,2026-07-12
(주)씨와이엘리베이터,True,(주)씨와이엘리베이터,20.0,3604978.0,43259733.0,2026-05,2026-07-12
(주)씨이케이,True,(주)씨이케이,15.0,4295600.0,51547200.0,2026-05,2026-07-12
(주)씨제이에스,False,,,,,,2026-07-12
(주)씨제이텔레닉스,False,,,,,,2026-07-12
(주)씨즐푸드컴퍼니,False,,,,,,2026-07-12
(주)씨지엑스,True,(주)씨지엑스,27.0,3363605.0,40363259.0,2026-05,2026-07-12
(주)씨케이글로벌네트,False,,,,,,2026-07-12
(주)씨케이에스앤티,False,,,,,,2026-07-12
(주)씨콘스,True,(주)씨콘스,8.0,2984639.0,35815667.0,2026-05,2026-07-12
(주)씨투엠에듀,False,,,,,,2026-07-12
(주)씨티씨,False,,,,,,2026-07-12
(주)씨티에너지,True,(주)씨티에너지,17.0,5178497.0,62141961.0,2026-05,2026-07-12
(주)씨티에스코리아,True,(주)씨티에스코리아,3.0,3980444.0,47765333.0,2026-05,2026-07-12
(주)씨티에프,False,,,,,,2026-07-12
(주)씨티원서비스,False,,,,,,2026-07-12
(주)씨티콘,False,,,,,,2026-07-12
(주)씨피켐 동민,False,,,,,,2026-07-12
(주)씰앤팩,False,,,,,,2026-07-12
(주)아라마케팅 아라실버케어센터,False,,,,,,2026-07-12
(주)아람,True,(주)아람,6.0,3093259.0,37119111.0,2026-05,2026-07-12
(주)아람들식품,True,(주)아람들식품,11.0,3077152.0,36925818.0,2026-05,2026-07-12
(주)아람인테크,True,(주)아람인테크,1151.0,2238286.0,26859434.0,2026-05,2026-07-12
(주)아런,False,,,,,,2026-07-12
(주)아름다운길,False,,,,,,2026-07-12
(주)아리 에스티에스,False,,,,,,2026-07-12
(주)아리지,True,(주)아리지,53.0,3801790.0,45621484.0,2026-05,2026-07-12
(주)아림주택관리,True,(주)아림주택관리,5.0,2059333.0,24712000.0,2026-05,2026-07-12
(주)아모텍,False,,,,,,2026-07-12
(주)아미바이오,True,(주)아미바이오,10.0,3511889.0,42142667.0,2026-05,2026-07-12
(주)아산-발안지점,True,(주)아산-발안지점,36.0,3953537.0,47442444.0,2026-05,2026-07-12
(주)아산메탈,True,(주)아산메탈,5.0,4211644.0,50539733.0,2026-05,2026-07-12
(주)아산피엠,False,,,,,,2026-07-12
(주)아성오토메이션,True,(주)아성오토메이션,12.0,4628981.0,55547778.0,2026-05,2026-07-12
(주)아셀,True,(주)아셀,6.0,2437852.0,29254222.0,2026-05,2026-07-12
(주)아스타아이비에스,True,(주)아스타아이비에스,1748.0,3151851.0,37822215.0,2026-05,2026-07-12
(주)아신금속,True,(주)아신금속,22.0,3929141.0,47149697.0,2026-05,2026-07-12
(주)아양자래온데이케어,False,,,,,,2026-07-12
(주)아우라진스,True,(주)아우라진스,16.0,3981486.0,47777833.0,2026-05,2026-07-12
(주)아워홈 도레이첨단소재본사점,False,,,,,,2026-07-12
(주)아이디비넷,False,,,,,,2026-07-12
(주)아이비에스인더스트리,True,(주)아이비에스인더스트리,4168.0,2893961.0,34727535.0,2026-05,2026-07-12
(주)아이비에이,False,,,,,,2026-07-12
(주)아이산,True,(주)아이산,18.0,4104321.0,49251852.0,2026-05,2026-07-12
(주)아이솔루션,False,,,,,,2026-07-12
(주)아이앤티,True,(주)아이앤티,39.0,3587066.0,43044786.0,2026-05,2026-07-12
(주)아이에이치물류,True,(주)아이에이치물류,14.0,2660778.0,31929333.0,2026-05,2026-07-12
(주)아이엔씨,False,,,,,,2026-07-12
(주)아이엔씨미디어,False,,,,,,2026-07-12
(주)아이엠씨,True,(주)아이엠씨,4.0,4611333.0,55336000.0,2026-05,2026-07-12
(주)아이엠코퍼레이션,False,,,,,,2026-07-12
(주)아이유푸드,False,,,,,,2026-07-12
(주)아이제이테크,True,(주)아이제이테크,18.0,3427802.0,41133630.0,2026-05,2026-07-12
(주)아이젠테크,False,,,,,,2026-07-12
(주)아이케이인더스트리,False,,,,,,2026-07-12
(주)아이콘,True,(주)아이콘,10.0,4793089.0,57517067.0,2026-05,2026-07-12
(주)아이크리에이티브,True,(주)아이크리에이티브,11.0,3428465.0,41141576.0,2026-05,2026-07-12
(주)아이티랩,False,,,,,,2026-07-12
(주)아이티로그,True,(주)아이티로그,33.0,3429300.0,41151596.0,2026-05,2026-07-12
(주)아이티시스템,False,,,,,,2026-07-12
(주)아이티앤컴퍼니,False,,,,,,2026-07-12
(주)아이티에스뱅크,True,(주)아이티에스뱅크,6.0,3538704.0,42464444.0,2026-05,2026-07-12
(주)아이티원,True,(주)아이티원,4.0,2546167.0,30554000.0,2026-05,2026-07-12
(주)아이펙,True,(주)아이펙,17.0,4645974.0,55751686.0,2026-05,2026-07-12
(주)아이피어리스,False,,,,,,2026-07-12
(주)아인소프트,False,,,,,,2026-07-12
(주)아인스원,True,(주)아인스원,4.0,3161611.0,37939333.0,2026-05,2026-07-12
(주)아인스이엔지,True,(주)아인스이엔지,30.0,3464519.0,41574222.0,2026-05,2026-07-12
(주)아전펌프,True,(주)아전펌프,19.0,3134842.0,37618105.0,2026-05,2026-07-12
(주)아주산업,True,(주)아주산업,6.0,3931852.0,47182222.0,2026-05,2026-07-12
(주)아진산업,True,(주)아진산업,4.0,2507389.0,30088667.0,2026-05,2026-07-12
(주)아진티앤엘,False,,,,,,2026-07-12
(주)아코이엔씨,False,,,,,,2026-07-12
(주)아코퍼시스,True,(주)아코퍼시스,15.0,3750030.0,45000356.0,2026-05,2026-07-12
(주)아쿠아뱅크,True,(주)아쿠아뱅크,10.0,3108556.0,37302667.0,2026-05,2026-07-12
(주)아크로스테이지(ACROSTAGE),False,,,,,,2026-07-12
(주)아텍산업,False,,,,,,2026-07-12
(주)아트디앤피,True,(주)아트디앤피,20.0,4068756.0,48825067.0,2026-05,2026-07-12
(주)아트림,True,(주)아트림,7.0,1029968.0,12359619.0,2026-05,2026-07-12
(주)안산대일자동차운전문학원,False,,,,,,2026-07-12
(주)안성씨엠,False,,,,,,2026-07-12
(주)안성종합폐차장,True,(주)안성종합폐차장,19.0,3648713.0,43784561.0,2026-05,2026-07-12
(주)안성테크,False,,,,,,2026-07-12
(주)알루마스터,True,(주)알루마스터,15.0,3969585.0,47635022.0,2026-05,2026-07-12
(주)알루메탈,False,,,,,,2026-07-12
(주)알모코,False,,,,,,2026-07-12
(주)알볼로푸드시스템,True,(주)알볼로푸드시스템,16.0,2741139.0,32893667.0,2026-05,2026-07-12
(주)알엠시스,True,(주)알엠시스,55.0,5180404.0,62164848.0,2026-05,2026-07-12
(주)알엠케이,True,(주)알엠케이,13.0,5031333.0,60376000.0,2026-05,2026-07-12
(주)알지비하이텍,True,(주)알지비하이텍,12.0,4255315.0,51063778.0,2026-05,2026-07-12
(주)알지테크,False,,,,,,2026-07-12
(주)알케이드코리아,False,,,,,,2026-07-12
(주)알킨스,True,(주)알킨스,91.0,4388703.0,52664440.0,2026-05,2026-07-12
(주)알타이아이앤씨,False,,,,,,2026-07-12
(주)알토켐,False,,,,,,2026-07-12
(주)알티테크,False,,,,,,2026-07-12
(주)알파,True,(주)알파,4.0,1946889.0,23362667.0,2026-05,2026-07-12
(주)알파스틸,False,,,,,,2026-07-12
(주)알파테크,False,,,,,,2026-07-12
(주)알피바이오,True,(주)알피바이오,428.0,3642789.0,43713464.0,2026-05,2026-07-12
(주)암흑,False,,,,,,2026-07-12
(주)애니우드,False,,,,,,2026-07-12
(주)애드로이트,False,,,,,,2026-07-12
(주)애드민,True,(주)애드민,827.0,2918470.0,35021636.0,2026-05,2026-07-12
(주)애드인,True,(주)애드인,13.0,4667675.0,56012103.0,2026-05,2026-07-12
(주)애드코아,True,(주)애드코아,9.0,3295877.0,39550519.0,2026-05,2026-07-12
(주)애드포럼글로벌,False,,,,,,2026-07-12
(주)애드홈,True,(주)애드홈,5.0,2542578.0,30510933.0,2026-05,2026-07-12
(주)애즈랜드,True,(주)애즈랜드,94.0,4071636.0,48859631.0,2026-05,2026-07-12
(주)애플항공조명,True,(주)애플항공조명,15.0,3747052.0,44964622.0,2026-05,2026-07-12
(주)앰스코,False,,,,,,2026-07-12
(주)양평시니어,False,,,,,,2026-07-12
(주)양평화약,False,,,,,,2026-07-12
(주)어르신세상만안센터,False,,,,,,2026-07-12
(주)어민신문,False,,,,,,2026-07-12
(주)엄마손실버케어 연수효센터,True,(주)엄마손실버케어 연수효센터,18.0,1857889.0,22294667.0,2026-05,2026-07-12
(주)에너지원,False,,,,,,2026-07-12
(주)에넥스과학,False,,,,,,2026-07-12
(주)에녹플랜트엔지니어링,True,(주)에녹플랜트엔지니어링,6.0,2864704.0,34376444.0,2026-05,2026-07-12
(주)에덴,False,,,,,,2026-07-12
(주)에덴낙원,True,(주)에덴낙원,38.0,3103766.0,37245193.0,2026-05,2026-07-12
(주)에보니아,False,,,,,,2026-07-12
(주)에스더블유씨,True,(주)에스더블유씨,7.0,3466032.0,41592381.0,2026-05,2026-07-12
(주)에스더블유피,True,(주)에스더블유피,23.0,3702725.0,44432696.0,2026-05,2026-07-12
(주)에스디 메탈,False,,,,,,2026-07-12
(주)에스디씨컨스트룩,False,,,,,,2026-07-12
(주)에스라케어,True,(주)에스라케어,15.0,2377585.0,28531022.0,2026-05,2026-07-12
(주)에스비신소재,False,,,,,,2026-07-12
(주)에스씨건설,True,(주)에스씨건설,7.0,3141619.0,37699429.0,2026-05,2026-07-12
(주)에스씨리싸이클링 화성지점,True,(주)에스씨리싸이클링 화성지점,8.0,5217167.0,62606000.0,2026-05,2026-07-12
(주)에스씨알,True,(주)에스씨알,28.0,2829230.0,33950762.0,2026-05,2026-07-12
(주)에스씨엘,True,(주)에스씨엘,15.0,3188474.0,38261689.0,2026-05,2026-07-12
(주)에스씨엘 수원지점,False,,,,,,2026-07-12
(주)에스씨월드,False,,,,,,2026-07-12
(주)에스씨이앤지,True,(주)에스씨이앤지,9.0,3491111.0,41893333.0,2026-05,2026-07-12
(주)에스아이디어코스틱,False,,,,,,2026-07-12
(주)에스아이엠,True,(주)에스아이엠,58.0,3498992.0,41987908.0,2026-05,2026-07-12
(주)에스아이티에스,False,,,,,,2026-07-12
(주)에스아이팩,False,,,,,,2026-07-12
(주)에스알파트너,True,(주)에스알파트너,7.0,4630603.0,55567238.0,2026-05,2026-07-12
(주)에스알펜스터,False,,,,,,2026-07-12
(주)에스앤산업,True,(주)에스앤산업,9.0,1363827.0,16365926.0,2026-05,2026-07-12
(주)에스앤씨화재특종손해사정,False,,,,,,2026-07-12
(주)에스앤에스,True,(주)에스앤에스,4.0,4440333.0,53284000.0,2026-05,2026-07-12
(주)에스앤에이치이엔지,True,(주)에스앤에이치이엔지,27.0,3963095.0,47557136.0,2026-05,2026-07-12
(주)에스앤엔테크,False,,,,,,2026-07-12
(주)에스앤지바이오텍,False,,,,,,2026-07-12
(주)에스앤푸드,False,,,,,,2026-07-12
(주)에스에스씨,False,,,,,,2026-07-12
(주)에스에스엠글로벌,True,(주)에스에스엠글로벌,8.0,3678250.0,44139000.0,2026-05,2026-07-12
(주)에스에스테크,True,(주)에스에스테크,16.0,4714431.0,56573167.0,2026-05,2026-07-12
(주)에스에스티,True,(주)에스에스티,8.0,3085611.0,37027333.0,2026-05,2026-07-12
(주)에스에이치테크놀로지,True,(주)에스에이치테크놀로지,41.0,4020715.0,48248585.0,2026-05,2026-07-12
(주)에스에이치피엠,False,,,,,,2026-07-12
(주)에스엔,True,(주)에스엔,20.0,3352211.0,40226533.0,2026-05,2026-07-12
(주)에스엔씨이엔지,True,(주)에스엔씨이엔지,5.0,2620222.0,31442667.0,2026-05,2026-07-12
(주)에스엔에스,True,(주)에스엔에스,42.0,3415481.0,40985778.0,2026-05,2026-07-12
(주)에스엔텍,True,(주)에스엔텍,17.0,4921961.0,59063529.0,2026-05,2026-07-12
(주)에스엔티시스템,False,,,,,,2026-07-12
(주)에스엔피월드,True,(주)에스엔피월드,17.0,1412196.0,16946353.0,2026-05,2026-07-12
(주)에스엘티지,True,(주)에스엘티지,4.0,4172222.0,50066667.0,2026-05,2026-07-12
(주)에스엘퍼니처,True,(주)에스엘퍼니처,14.0,3008492.0,36101905.0,2026-05,2026-07-12
(주)에스엠,True,(주)에스엠,42.0,4422804.0,53073651.0,2026-05,2026-07-12
(주)에스엠나이스,False,,,,,,2026-07-12
(주)에스엠로지스,True,(주)에스엠로지스,3.0,3217926.0,38615111.0,2026-05,2026-07-12
(주)에스엠미르,False,,,,,,2026-07-12
(주)에스엠씨,True,(주)에스엠씨,37.0,3663562.0,43962739.0,2026-05,2026-07-12
(주)에스엠이교역,False,,,,,,2026-07-12
(주)에스엠제이창호,False,,,,,,2026-07-12
(주)에스엠지티,False,,,,,,2026-07-12
(주)에스엠티코리아,True,(주)에스엠티코리아,9.0,4758938.0,57107259.0,2026-05,2026-07-12
(주)에스엠팩,True,(주)에스엠팩,6.0,6130926.0,73571111.0,2026-05,2026-07-12
(주)에스엠푸드존,False,,,,,,2026-07-12
(주)에스엠플라텍,False,,,,,,2026-07-12
(주)에스오엠,False,,,,,,2026-07-12
(주)에스와이스포츠,True,(주)에스와이스포츠,4.0,1740056.0,20880667.0,2026-05,2026-07-12
(주)에스이아이엘,False,,,,,,2026-07-12
(주)에스이엠이노베이션,True,(주)에스이엠이노베이션,5.0,4018844.0,48226133.0,2026-05,2026-07-12
(주)에스이케이,False,,,,,,2026-07-12
(주)에스이티로지스,True,(주)에스이티로지스,63.0,4174653.0,50095831.0,2026-05,2026-07-12
(주)에스제이,True,(주)에스제이,8.0,3292917.0,39515000.0,2026-05,2026-07-12
(주)에스제이서비스,False,,,,,,2026-07-12
(주)에스제이일레콤,False,,,,,,2026-07-12
(주)에스제이정밀,False,,,,,,2026-07-12
(주)에스제이종합,True,(주)에스제이종합,6.0,2132185.0,25586222.0,2026-05,2026-07-12
(주)에스제이지엔에스,False,,,,,,2026-07-12
(주)에스지케미칼,True,(주)에스지케미칼,3.0,5292519.0,63510222.0,2026-05,2026-07-12
(주)에스캅시큐리티,False,,,,,,2026-07-12
(주)에스켐텍,False,,,,,,2026-07-12
(주)에스큐시스텍,True,(주)에스큐시스텍,23.0,2415401.0,28984812.0,2026-05,2026-07-12
(주)에스텍에이스,True,(주)에스텍에이스,412.0,2569011.0,30828136.0,2026-05,2026-07-12
(주)에스텍플러스,True,(주)에스텍플러스,1082.0,2647611.0,31771330.0,2026-05,2026-07-12
(주)에스투엠코리아,True,(주)에스투엠코리아,21.0,3901122.0,46813460.0,2026-05,2026-07-12
(주)에스티아이코리아,False,,,,,,2026-07-12
(주)에스티에이,True,(주)에스티에이,10.0,3578889.0,42946667.0,2026-05,2026-07-12
(주)에스티에프솔루션,False,,,,,,2026-07-12
(주)에스휴먼,False,,,,,,2026-07-12
(주)에어밴,False,,,,,,2026-07-12
(주)에어컨남서울랜드,False,,,,,,2026-07-12
(주)에어텍시스템,False,,,,,,2026-07-12
(주)에어피앤씨,False,,,,,,2026-07-12
(주)에이론,True,(주)에이론,13.0,3796239.0,45554872.0,2026-05,2026-07-12
(주)에이블루,False,,,,,,2026-07-12
(주)에이블지엘에스,False,,,,,,2026-07-12
(주)에이블피엠씨,False,,,,,,2026-07-12
(주)에이스그린텍,True,(주)에이스그린텍,21.0,4778116.0,57337397.0,2026-05,2026-07-12
(주)에이스디자인,False,,,,,,2026-07-12
(주)에이스렌터카,False,,,,,,2026-07-12
(주)에이스리츠,True,(주)에이스리츠,8.0,3286417.0,39437000.0,2026-05,2026-07-12
(주)에이스시큐리티,False,,,,,,2026-07-12
(주)에이스아이피,False,,,,,,2026-07-12
(주)에이스엠앤티,False,,,,,,2026-07-12
(주)에이스조경,True,(주)에이스조경,3.0,3070593.0,36847111.0,2026-05,2026-07-12
(주)에이스침대여주공장,True,(주)에이스침대여주공장,114.0,3887657.0,46651883.0,2026-05,2026-07-12
(주)에이스코팅산업,False,,,,,,2026-07-12
(주)에이스코퍼레이션,True,(주)에이스코퍼레이션,19.0,3638924.0,43667088.0,2026-05,2026-07-12
(주)에이스티엠,True,(주)에이스티엠,18.0,2490494.0,29885926.0,2026-05,2026-07-12
(주)에이스푸드,True,(주)에이스푸드,27.0,2797802.0,33573630.0,2026-05,2026-07-12
(주)에이씨아이케미칼아시아,False,,,,,,2026-07-12
(주)에이앤씨,False,,,,,,2026-07-12
(주)에이앤에이오토파트,True,(주)에이앤에이오토파트,3.0,4150741.0,49808889.0,2026-05,2026-07-12
(주)에이앤에이와이퍼,True,(주)에이앤에이와이퍼,15.0,3104667.0,37256000.0,2026-05,2026-07-12
(주)에이에스코리아,False,,,,,,2026-07-12
(주)에이엔에스 제2공장,False,,,,,,2026-07-12
(주)에이엘그린,False,,,,,,2026-07-12
(주)에이엘코리아,True,(주)에이엘코리아,8.0,3777500.0,45330000.0,2026-05,2026-07-12
(주)에이엠씨코리아,False,,,,,,2026-07-12
(주)에이엠컨설팅,False,,,,,,2026-07-12
(주)에이엠테크,False,,,,,,2026-07-12
(주)에이엠티시스템,True,(주)에이엠티시스템,23.0,4361913.0,52342957.0,2026-05,2026-07-12
(주)에이젯시스템,True,(주)에이젯시스템,39.0,3320507.0,39846085.0,2026-05,2026-07-12
(주)에이취알 커뮤니케이션즈,True,(주)에이취알 커뮤니케이션즈,6.0,3875889.0,46510667.0,2026-05,2026-07-12
(주)에이치바이오테크,True,(주)에이치바이오테크,4.0,3284222.0,39410667.0,2026-05,2026-07-12
(주)에이치비글로벌,True,(주)에이치비글로벌,5.0,3493600.0,41923200.0,2026-05,2026-07-12
(주)에이치알플래닛,True,(주)에이치알플래닛,121.0,2329974.0,27959691.0,2026-05,2026-07-12
(주)에이치앤글라스,False,,,,,,2026-07-12
(주)에이치앤씨건축,True,(주)에이치앤씨건축,9.0,3314642.0,39775704.0,2026-05,2026-07-12
(주)에이치앤유푸드롯데백화점노원점,False,,,,,,2026-07-12
(주)에이치앤인더스트리,False,,,,,,2026-07-12
(주)에이치에스켐텍,True,(주)에이치에스켐텍,17.0,4804693.0,57656314.0,2026-05,2026-07-12
(주)에이치에이치,False,,,,,,2026-07-12
(주)에이치엔에이파마켐,True,(주)에이치엔에이파마켐,40.0,3873578.0,46482933.0,2026-05,2026-07-12
(주)에이치엠코퍼레이션,True,(주)에이치엠코퍼레이션,7.0,4815048.0,57780571.0,2026-05,2026-07-12
(주)에이치와이스퀘어,False,,,,,,2026-07-12
(주)에이치원테크,True,(주)에이치원테크,3.0,2009778.0,24117333.0,2026-05,2026-07-12
(주)에이치이비,False,,,,,,2026-07-12
(주)에이치케이,True,(주)에이치케이,13.0,4444444.0,53333333.0,2026-05,2026-07-12
(주)에이치케이스틸,False,,,,,,2026-07-12
(주)에이치케이씨아이디에스,True,(주)에이치케이씨아이디에스,104.0,3555583.0,42667000.0,2026-05,2026-07-12
(주)에이치티씨시스템,False,,,,,,2026-07-12
(주)에이케이무역,False,,,,,,2026-07-12
(주)에이케이인텍,False,,,,,,2026-07-12
(주)에이켐,True,(주)에이켐,22.0,4092263.0,49107152.0,2026-05,2026-07-12
(주)에이테크솔루션,False,,,,,,2026-07-12
(주)에이테크에이비에이션,True,(주)에이테크에이비에이션,4.0,3755333.0,45064000.0,2026-05,2026-07-12
(주)에이티맥스,True,(주)에이티맥스,93.0,4016576.0,48198910.0,2026-05,2026-07-12
(주)에이티씨,True,(주)에이티씨,18.0,4292469.0,51509630.0,2026-05,2026-07-12
(주)에이티에디션,False,,,,,,2026-07-12
(주)에이티에스,True,(주)에이티에스,9.0,5376000.0,64512000.0,2026-05,2026-07-12
(주)에이티엔아이정보기술,False,,,,,,2026-07-12
(주)에이팩,True,(주)에이팩,13.0,3919504.0,47034051.0,2026-05,2026-07-12
(주)에이펙코리아,False,,,,,,2026-07-12
(주)에치와이,True,(주)에치와이,1036.0,5153027.0,61836319.0,2026-05,2026-07-12
(주)에코그린,True,(주)에코그린,8.0,2092889.0,25114667.0,2026-05,2026-07-12
(주)에코그린티엠,False,,,,,,2026-07-12
(주)에코글라스,True,(주)에코글라스,5.0,4651111.0,55813333.0,2026-05,2026-07-12
(주)에코닝,False,,,,,,2026-07-12
(주)에코스,True,(주)에코스,47.0,3733418.0,44801021.0,2026-05,2026-07-12
(주)에코시스,True,(주)에코시스,6.0,4273000.0,51276000.0,2026-05,2026-07-12
(주)에코이노텍,False,,,,,,2026-07-12
(주)에코이엠,False,,,,,,2026-07-12
(주)에코탑,True,(주)에코탑,12.0,3567759.0,42813111.0,2026-05,2026-07-12
(주)에코트레이딩,True,(주)에코트레이딩,18.0,3897494.0,46769926.0,2026-05,2026-07-12
(주)에코프라임,True,(주)에코프라임,42.0,4625439.0,55505270.0,2026-05,2026-07-12
(주)에프씨코리아,False,,,,,,2026-07-12
(주)에프알텍,True,(주)에프알텍,35.0,4583352.0,55000229.0,2026-05,2026-07-12
(주)에프앤티머티리얼즈,True,(주)에프앤티머티리얼즈,12.0,3103537.0,37242444.0,2026-05,2026-07-12
(주)에프에이에스,True,(주)에프에이에스,6.0,5384815.0,64617778.0,2026-05,2026-07-12
(주)에프엠시스템,False,,,,,,2026-07-12
(주)에프엠에스코리아,False,,,,,,2026-07-12
(주)에프엠텍,True,(주)에프엠텍,485.0,2550359.0,30604305.0,2026-05,2026-07-12
(주)에프원시스템,True,(주)에프원시스템,4.0,3760889.0,45130667.0,2026-05,2026-07-12
(주)에프텍,True,(주)에프텍,30.0,3001074.0,36012889.0,2026-05,2026-07-12
(주)에프피코리아,True,(주)에프피코리아,21.0,3345788.0,40149460.0,2026-05,2026-07-12
(주)엑셀바이오,True,(주)엑셀바이오,12.0,2794574.0,33534889.0,2026-05,2026-07-12
(주)엑스뻬제,False,,,,,,2026-07-12
(주)엑스텍,False,,,,,,2026-07-12
(주)엔비전스,False,,,,,,2026-07-12
(주)엔비텍코리아 서울지점,False,,,,,,2026-07-12
(주)엔씨페인트,False,,,,,,2026-07-12
(주)엔에스옵테크,False,,,,,,2026-07-12
(주)엔에스테크놀로지,True,(주)엔에스테크놀로지,10.0,3006867.0,36082400.0,2026-05,2026-07-12
(주)엔에스티,True,(주)엔에스티,5.0,4545733.0,54548800.0,2026-05,2026-07-12
(주)엔에이치에스바이오,False,,,,,,2026-07-12
(주)엔에이치에프,True,(주)엔에이치에프,3.0,5724519.0,68694222.0,2026-05,2026-07-12
(주)엔에이치피,False,,,,,,2026-07-12
(주)엔에프이,False,,,,,,2026-07-12
(주)엔엔테크,False,,,,,,2026-07-12
(주)엔젤메탈프렌즈,False,,,,,,2026-07-12
(주)엔젤물자조달,True,(주)엔젤물자조달,8.0,3776694.0,45320333.0,2026-05,2026-07-12
(주)엔젤싹스,True,(주)엔젤싹스,9.0,2106247.0,25274963.0,2026-05,2026-07-12
(주)엔케이진보,True,(주)엔케이진보,8.0,3005611.0,36067333.0,2026-05,2026-07-12
(주)엔케이티엠에스,True,(주)엔케이티엠에스,19.0,2390175.0,28682105.0,2026-05,2026-07-12
(주)엔탑엔지니어링,True,(주)엔탑엔지니어링,25.0,4268249.0,51218987.0,2026-05,2026-07-12
(주)엔터팜스,True,(주)엔터팜스,9.0,2662444.0,31949333.0,2026-05,2026-07-12
(주)엔텍,True,(주)엔텍,6.0,3951741.0,47420889.0,2026-05,2026-07-12
(주)엔티에스,True,(주)엔티에스,29.0,5502851.0,66034207.0,2026-05,2026-07-12
(주)엔파이로,False,,,,,,2026-07-12
(주)엔피알이노베이션,False,,,,,,2026-07-12
(주)엘리베이터케이앤에스,False,,,,,,2026-07-12
(주)엘림비엠에스,True,(주)엘림비엠에스,794.0,2598574.0,31182888.0,2026-05,2026-07-12
(주)엘림산업,False,,,,,,2026-07-12
(주)엘림테크,True,(주)엘림테크,35.0,5189568.0,62274819.0,2026-05,2026-07-12
(주)엘림환경,False,,,,,,2026-07-12
(주)엘앤씨바이오,True,(주)엘앤씨바이오,9.0,3987901.0,47854815.0,2026-05,2026-07-12
(주)엘엔케이시설물,False,,,,,,2026-07-12
(주)엘이디그린티,False,,,,,,2026-07-12
(주)엘제이테크놀러지,True,(주)엘제이테크놀러지,17.0,4579399.0,54952784.0,2026-05,2026-07-12
(주)엘지엠호이스트,False,,,,,,2026-07-12
(주)엘케이529,True,(주)엘케이529,10.0,2762644.0,33151733.0,2026-05,2026-07-12
(주)엘코스틸,False,,,,,,2026-07-12
(주)엠디제이,False,,,,,,2026-07-12
(주)엠아이티,True,(주)엠아이티,36.0,3363877.0,40366519.0,2026-05,2026-07-12
(주)엠앤에스시스템,True,(주)엠앤에스시스템,7.0,4213270.0,50559238.0,2026-05,2026-07-12
(주)엠에스소방,True,(주)엠에스소방,28.0,4286413.0,51436952.0,2026-05,2026-07-12
(주)엠에스엘시디,False,,,,,,2026-07-12
(주)엠에스오코리아(오크힐스재가센터),False,,,,,,2026-07-12
(주)엠에스제이,False,,,,,,2026-07-12
(주)엠에스제이플러스,False,,,,,,2026-07-12
(주)엠에프에스,True,(주)엠에프에스,15.0,3958311.0,47499733.0,2026-05,2026-07-12
(주)엠오퍼스트,False,,,,,,2026-07-12
(주)엠와이티,False,,,,,,2026-07-12
(주)엠제이디베로프머트앤드솔루션,False,,,,,,2026-07-12
(주)엠제이텍,True,(주)엠제이텍,85.0,4022238.0,48266855.0,2026-05,2026-07-12
(주)엠케이산업,True,(주)엠케이산업,3.0,4380074.0,52560889.0,2026-05,2026-07-12
(주)엠케이페이퍼,False,,,,,,2026-07-12
(주)엠코리아토탈서비스,True,(주)엠코리아토탈서비스,23.0,1902058.0,22824696.0,2026-05,2026-07-12
(주)엠큐패키지,False,,,,,,2026-07-12
(주)엠티에스,True,(주)엠티에스,6.0,4979704.0,59756444.0,2026-05,2026-07-12
(주)엠플러스공조,False,,,,,,2026-07-12
(주)엠피테크,True,(주)엠피테크,12.0,3746759.0,44961111.0,2026-05,2026-07-12
(주)여다지,False,,,,,,2026-07-12
(주)여울제지,False,,,,,,2026-07-12
(주)연방종합건설,True,(주)연방종합건설,3.0,3326370.0,39916444.0,2026-05,2026-07-12
(주)연세종합건설,False,,,,,,2026-07-12
(주)연테크,True,(주)연테크,10.0,3345289.0,40143467.0,2026-05,2026-07-12
(주)연합유리,True,(주)연합유리,103.0,3980656.0,47767871.0,2026-05,2026-07-12
(주)열매청과,False,,,,,,2026-07-12
(주)열심히커뮤니케이션즈,False,,,,,,2026-07-12
(주)영광기전,True,(주)영광기전,54.0,4379527.0,52554321.0,2026-05,2026-07-12
(주)영광농산,True,(주)영광농산,6.0,2951630.0,35419556.0,2026-05,2026-07-12
(주)영광정밀,False,,,,,,2026-07-12
(주)영구크린,False,,,,,,2026-07-12
(주)영랩,False,,,,,,2026-07-12
(주)영민섬유,True,(주)영민섬유,7.0,3673238.0,44078857.0,2026-05,2026-07-12
(주)영보이엔지,True,(주)영보이엔지,6.0,3304037.0,39648444.0,2026-05,2026-07-12
(주)영상건설,True,(주)영상건설,7.0,3643302.0,43719619.0,2026-05,2026-07-12
(주)영성멀티텍,True,(주)영성멀티텍,28.0,4258698.0,51104381.0,2026-05,2026-07-12
(주)영신물산,False,,,,,,2026-07-12
(주)영신미트,False,,,,,,2026-07-12
(주)영신에스텍,True,(주)영신에스텍,10.0,4200511.0,50406133.0,2026-05,2026-07-12
(주)영신인터내셔널,True,(주)영신인터내셔널,3.0,2969259.0,35631111.0,2026-05,2026-07-12
(주)영신피앤엘,False,,,,,,2026-07-12
(주)영오,True,(주)영오,60.0,3562789.0,42753467.0,2026-05,2026-07-12
(주)영우건설,True,(주)영우건설,8.0,3245750.0,38949000.0,2026-05,2026-07-12
(주)영우실업,True,(주)영우실업,4.0,1706500.0,20478000.0,2026-05,2026-07-12
(주)영우에이피티,False,,,,,,2026-07-12
(주)영우에프엔에프,False,,,,,,2026-07-12
(주)영원엘리베이터,True,(주)영원엘리베이터,7.0,4094127.0,49129524.0,2026-05,2026-07-12
(주)영원정보통신,False,,,,,,2026-07-12
(주)영은금속,True,(주)영은금속,10.0,3731089.0,44773067.0,2026-05,2026-07-12
(주)영일하우징,False,,,,,,2026-07-12
(주)영종오렌지,True,(주)영종오렌지,34.0,3664242.0,43970902.0,2026-05,2026-07-12
(주)영준산업남양지점,True,(주)영준산업남양지점,9.0,3038420.0,36461037.0,2026-05,2026-07-12
(주)영진m&p,False,,,,,,2026-07-12
(주)영진기연,False,,,,,,2026-07-12
(주)영진에스피산업,True,(주)영진에스피산업,30.0,3476778.0,41721333.0,2026-05,2026-07-12
(주)영진엠씨티,True,(주)영진엠씨티,4.0,4270444.0,51245333.0,2026-05,2026-07-12
(주)영진종합전자,False,,,,,,2026-07-12
(주)영창화학기계(지점),False,,,,,,2026-07-12
(주)영천씰테크,False,,,,,,2026-07-12
(주)영테크팩,False,,,,,,2026-07-12
(주)영풍정공,False,,,,,,2026-07-12
(주)영호건설,True,(주)영호건설,12.0,4577889.0,54934667.0,2026-05,2026-07-12
(주)영화수출포장,False,,,,,,2026-07-12
(주)예가디앤디,False,,,,,,2026-07-12
(주)예건D&S,False,,,,,,2026-07-12
(주)예담에프엔비,False,,,,,,2026-07-12
(주)예림임업,True,(주)예림임업,360.0,3737965.0,44855578.0,2026-05,2026-07-12
(주)예사랑재가복지센터,False,,,,,,2026-07-12
(주)예섬,True,(주)예섬,4.0,3546833.0,42562000.0,2026-05,2026-07-12
(주)예성이엔지,True,(주)예성이엔지,25.0,4098569.0,49182827.0,2026-05,2026-07-12
(주)예스네트웍스,False,,,,,,2026-07-12
(주)예스정보통신,False,,,,,,2026-07-12
(주)예스콘씨에스,True,(주)예스콘씨에스,240.0,2354856.0,28258267.0,2026-05,2026-07-12
(주)예스핏에프앤비(YES FIT F&B Corp),False,,,,,,2026-07-12
(주)예원산업,True,(주)예원산업,4.0,3223333.0,38680000.0,2026-05,2026-07-12
(주)예은산업개발,False,,,,,,2026-07-12
(주)예인산업,False,,,,,,2026-07-12
(주)예일하이테크,True,(주)예일하이테크,13.0,3388017.0,40656205.0,2026-05,2026-07-12
(주)오근내,True,(주)오근내,4.0,4397944.0,52775333.0,2026-05,2026-07-12
(주)오딘,True,(주)오딘,4.0,2856556.0,34278667.0,2026-05,2026-07-12
(주)오뗄포천지점,False,,,,,,2026-07-12
(주)오로라CS,False,,,,,,2026-07-12
(주)오름,True,(주)오름,16.0,3109069.0,37308833.0,2026-05,2026-07-12
(주)오리온기전,True,(주)오리온기전,18.0,3309556.0,39714667.0,2026-05,2026-07-12
(주)오무전기,True,(주)오무전기,9.0,4140049.0,49680593.0,2026-05,2026-07-12
(주)오병,True,(주)오병,16.0,3773250.0,45279000.0,2026-05,2026-07-12
(주)오비스,True,(주)오비스,22.0,3695141.0,44341697.0,2026-05,2026-07-12
(주)오성개발,True,(주)오성개발,10.0,2645911.0,31750933.0,2026-05,2026-07-12
(주)오성교통,True,(주)오성교통,13.0,2776171.0,33314051.0,2026-05,2026-07-12
(주)오성기계설비,False,,,,,,2026-07-12
(주)오성마이더스,True,(주)오성마이더스,43.0,3926057.0,47112682.0,2026-05,2026-07-12
(주)오성산업기계,False,,,,,,2026-07-12
(주)오성아노다이징,False,,,,,,2026-07-12
(주)오성유통,False,,,,,,2026-07-12
(주)오성자원,True,(주)오성자원,6.0,3732889.0,44794667.0,2026-05,2026-07-12
(주)오스카,True,(주)오스카,11.0,3424000.0,41088000.0,2026-05,2026-07-12
(주)오슬로,True,(주)오슬로,82.0,2235098.0,26821171.0,2026-05,2026-07-12
(주)오일플러스,True,(주)오일플러스,3.0,3173926.0,38087111.0,2026-05,2026-07-12
(주)오주포장,True,(주)오주포장,42.0,4023614.0,48283365.0,2026-05,2026-07-12
(주)오캄,True,(주)오캄,3.0,3351333.0,40216000.0,2026-05,2026-07-12
(주)오케이상사,False,,,,,,2026-07-12
(주)오케이시스템,True,(주)오케이시스템,7.0,4208444.0,50501333.0,2026-05,2026-07-12
(주)오케이실버,False,,,,,,2026-07-12
(주)오토넷글로벌,False,,,,,,2026-07-12
(주)오토만,True,(주)오토만,23.0,3051507.0,36618087.0,2026-05,2026-07-12
(주)오토엔지니어링,False,,,,,,2026-07-12
(주)오토프로,False,,,,,,2026-07-12
(주)오톡스,False,,,,,,2026-07-12
(주)오피스톡,False,,,,,,2026-07-12
(주)옥신일렉트로닉스,False,,,,,,2026-07-12
(주)온누리정보통신,True,(주)온누리정보통신,4.0,2433833.0,29206000.0,2026-05,2026-07-12
(주)온더를로우,False,,,,,,2026-07-12
(주)온세테크,True,(주)온세테크,3.0,4761481.0,57137778.0,2026-05,2026-07-12
(주)온케어구리,False,,,,,,2026-07-12
(주)올댓미트,False,,,,,,2026-07-12
(주)올덴,True,(주)올덴,48.0,3605718.0,43268611.0,2026-05,2026-07-12
(주)올리브디앤피,False,,,,,,2026-07-12
(주)올바른,True,(주)올바른,14.0,2157206.0,25886476.0,2026-05,2026-07-12
(주)올유원,False,,,,,,2026-07-12
(주)옵시디앙,False,,,,,,2026-07-12
(주)와이번스안전관리시스템,False,,,,,,2026-07-12
(주)와이브이시스템,False,,,,,,2026-07-12
(주)와이알,True,(주)와이알,25.0,3533058.0,42396693.0,2026-05,2026-07-12
(주)와이앤드케이상사,False,,,,,,2026-07-12
(주)와이앤피시스템,False,,,,,,2026-07-12
(주)와이에스텍,False,,,,,,2026-07-12
(주)와이엔에스커머스,False,,,,,,2026-07-12
(주)와이엔제이,False,,,,,,2026-07-12
(주)와이케이,False,,,,,,2026-07-12
(주)와이피테크,False,,,,,,2026-07-12
(주)와프,True,(주)와프,6.0,1391185.0,16694222.0,2026-05,2026-07-12
(주)왕건,False,,,,,,2026-07-12
(주)요양장터장수마을,False,,,,,,2026-07-12
(주)용성정밀,False,,,,,,2026-07-12
(주)용연산업,False,,,,,,2026-07-12
(주)용원이엔씨,True,(주)용원이엔씨,19.0,3281380.0,39376561.0,2026-05,2026-07-12
(주)용현아이앤디,True,(주)용현아이앤디,6.0,5466111.0,65593333.0,2026-05,2026-07-12
(주)용호골재산업,False,,,,,,2026-07-12
(주)우경건설,True,(주)우경건설,8.0,3645833.0,43750000.0,2026-05,2026-07-12
(주)우경이엠씨,True,(주)우경이엠씨,17.0,2931882.0,35182588.0,2026-05,2026-07-12
(주)우드메탈,True,(주)우드메탈,19.0,3427649.0,41131789.0,2026-05,2026-07-12
(주)우드하우스,False,,,,,,2026-07-12
(주)우리교통,True,(주)우리교통,40.0,1597961.0,19175533.0,2026-05,2026-07-12
(주)우리기업,True,(주)우리기업,5.0,3331511.0,39978133.0,2026-05,2026-07-12
(주)우리모두행복한세상,True,(주)우리모두행복한세상,4.0,1891222.0,22694667.0,2026-05,2026-07-12
(주)우리벽돌,False,,,,,,2026-07-12
(주)우리복지요양원계양,False,,,,,,2026-07-12
(주)우리비젼,False,,,,,,2026-07-12
(주)우리산업환경 비봉지점,False,,,,,,2026-07-12
(주)우리소결,False,,,,,,2026-07-12
(주)우리이엔지,True,(주)우리이엔지,15.0,4205126.0,50461511.0,2026-05,2026-07-12
(주)우리휴먼서비스,True,(주)우리휴먼서비스,153.0,2109935.0,25319216.0,2026-05,2026-07-12
(주)우명레이저,False,,,,,,2026-07-12
(주)우석,True,(주)우석,7.0,3691048.0,44292571.0,2026-05,2026-07-12
(주)우석AT,False,,,,,,2026-07-12
(주)우선기업,False,,,,,,2026-07-12
(주)우성볼트,False,,,,,,2026-07-12
(주)우성실업,True,(주)우성실업,12.0,2903593.0,34843111.0,2026-05,2026-07-12
(주)우성아이비,True,(주)우성아이비,59.0,3336041.0,40032497.0,2026-05,2026-07-12
(주)우성에이디엠,True,(주)우성에이디엠,78.0,4567419.0,54809026.0,2026-05,2026-07-12
(주)우성엔지니어링,True,(주)우성엔지니어링,41.0,3349659.0,40195902.0,2026-05,2026-07-12
(주)우성이엔지,True,(주)우성이엔지,33.0,3290316.0,39483798.0,2026-05,2026-07-12
(주)우성종합관리,False,,,,,,2026-07-12
(주)우성크라이어텍,True,(주)우성크라이어텍,15.0,3653807.0,43845689.0,2026-05,2026-07-12
(주)우성플라테크,False,,,,,,2026-07-12
(주)우수이엔지,True,(주)우수이엔지,21.0,4469185.0,53630222.0,2026-05,2026-07-12
(주)우수인텍,False,,,,,,2026-07-12
(주)우시옵토코리아,False,,,,,,2026-07-12
(주)우신건설안전기술단,True,(주)우신건설안전기술단,3.0,2857333.0,34288000.0,2026-05,2026-07-12
(주)우신세미텍,False,,,,,,2026-07-12
(주)우신주방,False,,,,,,2026-07-12
(주)우신푸드,False,,,,,,2026-07-12
(주)우영이씨에스,True,(주)우영이씨에스,6.0,3702148.0,44425778.0,2026-05,2026-07-12
(주)우원기계,False,,,,,,2026-07-12
(주)우인기업,True,(주)우인기업,24.0,4140194.0,49682333.0,2026-05,2026-07-12
(주)우인성업,False,,,,,,2026-07-12
(주)우전텍스타일,False,,,,,,2026-07-12
(주)우정기계,True,(주)우정기계,9.0,3254494.0,39053926.0,2026-05,2026-07-12
(주)우정식품,True,(주)우정식품,23.0,3255362.0,39064348.0,2026-05,2026-07-12
(주)우주메탈,True,(주)우주메탈,10.0,3995956.0,47951467.0,2026-05,2026-07-12
(주)우주시스템,False,,,,,,2026-07-12
(주)우주정공,True,(주)우주정공,28.0,4047675.0,48572095.0,2026-05,2026-07-12
(주)우주투어,True,(주)우주투어,25.0,2351484.0,28217813.0,2026-05,2026-07-12
(주)우주팩,False,,,,,,2026-07-12
(주)우주플레이팅,True,(주)우주플레이팅,24.0,3797787.0,45573444.0,2026-05,2026-07-12
(주)우진도금,False,,,,,,2026-07-12
(주)우진아이에스이,True,(주)우진아이에스이,12.0,5104204.0,61250444.0,2026-05,2026-07-12
(주)우진엠앤이,False,,,,,,2026-07-12
(주)우진정밀,True,(주)우진정밀,46.0,4337034.0,52044406.0,2026-05,2026-07-12
(주)우진창호산업,False,,,,,,2026-07-12
(주)우진티엔씨,False,,,,,,2026-07-12
(주)우진화스너,False,,,,,,2026-07-12
(주)우창,True,(주)우창,9.0,2692370.0,32308444.0,2026-05,2026-07-12
(주)우창정밀,False,,,,,,2026-07-12
(주)우현이엔지,True,(주)우현이엔지,4.0,3795444.0,45545333.0,2026-05,2026-07-12
(주)우호건설,True,(주)우호건설,15.0,4119956.0,49439467.0,2026-05,2026-07-12
(주)우호세라믹,True,(주)우호세라믹,10.0,3986756.0,47841067.0,2026-05,2026-07-12
(주)욱일에스피테크,False,,,,,,2026-07-12
(주)운남,True,(주)운남,4.0,2981833.0,35782000.0,2026-05,2026-07-12
(주)움트리,True,(주)움트리,127.0,3939969.0,47279622.0,2026-05,2026-07-12
(주)웅지 라인텍,False,,,,,,2026-07-12
(주)웍스코퍼레이션,False,,,,,,2026-07-12
(주)원강테크닉스,False,,,,,,2026-07-12
(주)원동,True,(주)원동,23.0,2888493.0,34661913.0,2026-05,2026-07-12
(주)원동판넬,False,,,,,,2026-07-12
(주)원세미콘,False,,,,,,2026-07-12
(주)원스탑,False,,,,,,2026-07-12
(주)원신레미콘,True,(주)원신레미콘,19.0,4277825.0,51333895.0,2026-05,2026-07-12
(주)원앤씨,True,(주)원앤씨,20.0,3527744.0,42332933.0,2026-05,2026-07-12
(주)원앤원,True,(주)원앤원,10.0,3080356.0,36964267.0,2026-05,2026-07-12
(주)원이노베이션,True,(주)원이노베이션,8.0,2835417.0,34025000.0,2026-05,2026-07-12
(주)원이앤에스,False,,,,,,2026-07-12
(주)원일에너지,True,(주)원일에너지,4.0,2915389.0,34984667.0,2026-05,2026-07-12
(주)원일엠텍,True,(주)원일엠텍,12.0,3875648.0,46507778.0,2026-05,2026-07-12
(주)원일창호산업,False,,,,,,2026-07-12
(주)원일환경,False,,,,,,2026-07-12
(주)원진산업롤,True,(주)원진산업롤,25.0,4229947.0,50759360.0,2026-05,2026-07-12
(주)원천오복,False,,,,,,2026-07-12
(주)원천오복 덕도농장,False,,,,,,2026-07-12
(주)원터치,False,,,,,,2026-07-12
(주)원텍,True,(주)원텍,12.0,3961722.0,47540667.0,2026-05,2026-07-12
(주)원텍이엔지,False,,,,,,2026-07-12
(주)원프로텍,False,,,,,,2026-07-12
(주)원화조경,False,,,,,,2026-07-12
(주)월드로지스,True,(주)월드로지스,9.0,3244247.0,38930963.0,2026-05,2026-07-12
(주)월드무역,False,,,,,,2026-07-12
(주)월드바이오텍,False,,,,,,2026-07-12
(주)월드상운,True,(주)월드상운,14.0,3859698.0,46316381.0,2026-05,2026-07-12
(주)월드아이티,True,(주)월드아이티,28.0,2980056.0,35760667.0,2026-05,2026-07-12
(주)월드와이드써비스코리아,True,(주)월드와이드써비스코리아,203.0,2769639.0,33235665.0,2026-05,2026-07-12
(주)월드잡커리어,True,(주)월드잡커리어,4.0,1665333.0,19984000.0,2026-05,2026-07-12
(주)월드캐스트,False,,,,,,2026-07-12
(주)월드테크놀로지,False,,,,,,2026-07-12
(주)월드플랜,True,(주)월드플랜,9.0,4251259.0,51015111.0,2026-05,2026-07-12
(주)월드필터,True,(주)월드필터,15.0,3531615.0,42379378.0,2026-05,2026-07-12
(주)웨이브파워,False,,,,,,2026-07-12
(주)웰더스,True,(주)웰더스,21.0,2508762.0,30105143.0,2026-05,2026-07-12
(주)위너,True,(주)위너,6.0,2837963.0,34055556.0,2026-05,2026-07-12
(주)위너스,True,(주)위너스,6.0,3387704.0,40652444.0,2026-05,2026-07-12
(주)위닉스,False,,,,,,2026-07-12
(주)위더스에셋인베스트먼트,False,,,,,,2026-07-12
(주)위더스엠엔씨,True,(주)위더스엠엔씨,4.0,2540667.0,30488000.0,2026-05,2026-07-12
(주)위더스하우징,False,,,,,,2026-07-12
(주)위드메이트,True,(주)위드메이트,182.0,1851927.0,22223121.0,2026-05,2026-07-12
(주)위드코퍼레이션,True,(주)위드코퍼레이션,5.0,3491689.0,41900267.0,2026-05,2026-07-12
(주)위드테크놀로지,False,,,,,,2026-07-12
(주)위드텍,True,(주)위드텍,14.0,4979127.0,59749524.0,2026-05,2026-07-12
(주)위드플러스시스템,False,,,,,,2026-07-12
(주)위브건설,True,(주)위브건설,7.0,4964508.0,59574095.0,2026-05,2026-07-12
(주)위스코시스템,False,,,,,,2026-07-12
(주)위트(WITT),True,(주)위트(WITT),70.0,4010444.0,48125333.0,2026-05,2026-07-12
(주)윈나우,False,,,,,,2026-07-12
(주)윈박스,False,,,,,,2026-07-12
(주)윈테크코퍼레이션,False,,,,,,2026-07-12
(주)윈텍,True,(주)윈텍,155.0,3740036.0,44880430.0,2026-05,2026-07-12
(주)윌앤비전,True,(주)윌앤비전,4058.0,2491987.0,29903846.0,2026-05,2026-07-12
(주)윌켐코리아,False,,,,,,2026-07-12
(주)윙윙,True,(주)윙윙,33.0,4189138.0,50269657.0,2026-05,2026-07-12
(주)유남테크,True,(주)유남테크,15.0,4368948.0,52427378.0,2026-05,2026-07-12
(주)유니락,False,,,,,,2026-07-12
(주)유니슨정밀공업,True,(주)유니슨정밀공업,11.0,2953253.0,35439030.0,2026-05,2026-07-12
(주)유니에스,True,(주)유니에스,8229.0,2647607.0,31771281.0,2026-05,2026-07-12
(주)유니온가스,True,(주)유니온가스,28.0,4330238.0,51962857.0,2026-05,2026-07-12
(주)유니원이엔지,True,(주)유니원이엔지,4.0,3181944.0,38183333.0,2026-05,2026-07-12
(주)유니케이,False,,,,,,2026-07-12
(주)유니테크,True,(주)유니테크,39.0,4895504.0,58746051.0,2026-05,2026-07-12
(주)유니텍,True,(주)유니텍,4.0,3946167.0,47354000.0,2026-05,2026-07-12
(주)유니파이시스템즈,True,(주)유니파이시스템즈,6.0,2706000.0,32472000.0,2026-05,2026-07-12
(주)유니환경,False,,,,,,2026-07-12
(주)유동,False,,,,,,2026-07-12
(주)유로케이블,True,(주)유로케이블,3.0,4614444.0,55373333.0,2026-05,2026-07-12
(주)유림원색,False,,,,,,2026-07-12
(주)유림이엔지,True,(주)유림이엔지,4.0,2813722.0,33764667.0,2026-05,2026-07-12
(주)유바이오시스,True,(주)유바이오시스,22.0,3503697.0,42044364.0,2026-05,2026-07-12
(주)유베이스,False,,,,,,2026-07-12
(주)유비건축사사무소,False,,,,,,2026-07-12
(주)유비스재료기술,True,(주)유비스재료기술,19.0,4307602.0,51691228.0,2026-05,2026-07-12
(주)유비오토,False,,,,,,2026-07-12
(주)유성금속,True,(주)유성금속,5.0,1925067.0,23100800.0,2026-05,2026-07-12
(주)유성몰딩,False,,,,,,2026-07-12
(주)유성아이앤텍,True,(주)유성아이앤텍,16.0,2882681.0,34592167.0,2026-05,2026-07-12
(주)유성엔지니어링,True,(주)유성엔지니어링,22.0,5193444.0,62321333.0,2026-05,2026-07-12
(주)유성정화,False,,,,,,2026-07-12
(주)유성테크놀로지,True,(주)유성테크놀로지,15.0,3554770.0,42657244.0,2026-05,2026-07-12
(주)유성폴리머,False,,,,,,2026-07-12
(주)유성화학,True,(주)유성화학,52.0,3187534.0,38250410.0,2026-05,2026-07-12
(주)유수,True,(주)유수,17.0,2110654.0,25327843.0,2026-05,2026-07-12
(주)유승테크,False,,,,,,2026-07-12
(주)유승화학,False,,,,,,2026-07-12
(주)유시스,True,(주)유시스,3.0,6723778.0,80685333.0,2026-05,2026-07-12
(주)유시스템,False,,,,,,2026-07-12
(주)유신메디칼,True,(주)유신메디칼,84.0,2712021.0,32544254.0,2026-05,2026-07-12
(주)유신메디칼교역,False,,,,,,2026-07-12
(주)유신이에스,True,(주)유신이에스,8.0,3546083.0,42553000.0,2026-05,2026-07-12
(주)유신토건,True,(주)유신토건,3.0,3212370.0,38548444.0,2026-05,2026-07-12
(주)유압사랑,True,(주)유압사랑,26.0,3398308.0,40779692.0,2026-05,2026-07-12
(주)유앤디시스템,False,,,,,,2026-07-12
(주)유앤미시스템,True,(주)유앤미시스템,595.0,3111581.0,37338967.0,2026-05,2026-07-12
(주)유앤아이미트,True,(주)유앤아이미트,19.0,4265988.0,51191860.0,2026-05,2026-07-12
(주)유앤알컴퍼니,False,,,,,,2026-07-12
(주)유앤팜,False,,,,,,2026-07-12
(주)유양마그네트,True,(주)유양마그네트,4.0,3790667.0,45488000.0,2026-05,2026-07-12
(주)유어파트너스,False,,,,,,2026-07-12
(주)유에스,False,,,,,,2026-07-12
(주)유에스이,False,,,,,,2026-07-12
(주)유엔아이철강,True,(주)유엔아이철강,13.0,3537538.0,42450462.0,2026-05,2026-07-12
(주)유엔테크,True,(주)유엔테크,4.0,3253444.0,39041333.0,2026-05,2026-07-12
(주)유엘신소재,False,,,,,,2026-07-12
(주)유연상사,True,(주)유연상사,8.0,2925139.0,35101667.0,2026-05,2026-07-12
(주)유열무역,False,,,,,,2026-07-12
(주)유원,True,(주)유원,37.0,3623802.0,43485622.0,2026-05,2026-07-12
(주)유원엔텍,False,,,,,,2026-07-12
(주)유원하이텍,False,,,,,,2026-07-12
(주)유일구조엔지니어링,True,(주)유일구조엔지니어링,14.0,4219317.0,50631810.0,2026-05,2026-07-12
(주)유일이엔지,True,(주)유일이엔지,82.0,3696358.0,44356293.0,2026-05,2026-07-12
(주)유일정밀,True,(주)유일정밀,33.0,3617360.0,43408323.0,2026-05,2026-07-12
(주)유일케미테크,True,(주)유일케미테크,7.0,4380476.0,52565714.0,2026-05,2026-07-12
(주)유일프리텍,True,(주)유일프리텍,6.0,2521963.0,30263556.0,2026-05,2026-07-12
(주)유진,True,(주)유진,18.0,3802852.0,45634222.0,2026-05,2026-07-12
(주)유진상사,True,(주)유진상사,6.0,3433259.0,41199111.0,2026-05,2026-07-12
(주)유진세라핌,True,(주)유진세라핌,8.0,2405611.0,28867333.0,2026-05,2026-07-12
(주)유진식품,False,,,,,,2026-07-12
(주)유진씨엠,False,,,,,,2026-07-12
(주)유진여행사,False,,,,,,2026-07-12
(주)유진이엔씨텍,True,(주)유진이엔씨텍,6.0,5116889.0,61402667.0,2026-05,2026-07-12
(주)유진컨티넨탈,True,(주)유진컨티넨탈,6.0,2080407.0,24964889.0,2026-05,2026-07-12
(주)유진코팅,True,(주)유진코팅,5.0,3125289.0,37503467.0,2026-05,2026-07-12
(주)유진특수용접,True,(주)유진특수용접,8.0,5027000.0,60324000.0,2026-05,2026-07-12
(주)유진퍼니처화성지점,False,,,,,,2026-07-12
(주)유창알미늄,False,,,,,,2026-07-12
(주)유청시스템,True,(주)유청시스템,19.0,2622199.0,31466386.0,2026-05,2026-07-12
(주)유켄씨인터텍,True,(주)유켄씨인터텍,321.0,2302888.0,27634658.0,2026-05,2026-07-12
(주)유테크,True,(주)유테크,5.0,5807778.0,69693333.0,2026-05,2026-07-12
(주)유퍼니,False,,,,,,2026-07-12
(주)유피케미칼,True,(주)유피케미칼,292.0,5472547.0,65670566.0,2026-05,2026-07-12
(주)유한산업,True,(주)유한산업,31.0,4922036.0,59064430.0,2026-05,2026-07-12
(주)유한인터내셔날,True,(주)유한인터내셔날,5.0,4022089.0,48265067.0,2026-05,2026-07-12
(주)유한지엔아이,True,(주)유한지엔아이,18.0,3132136.0,37585630.0,2026-05,2026-07-12
(주)육룡,False,,,,,,2026-07-12
(주)육바연컴퍼니,False,,,,,,2026-07-12
(주)윤슬,True,(주)윤슬,6.0,3584074.0,43008889.0,2026-05,2026-07-12
(주)윤택,False,,,,,,2026-07-12
(주)율림,True,(주)율림,3.0,3252444.0,39029333.0,2026-05,2026-07-12
(주)율촌,False,,,,,,2026-07-12
(주)융덕산업,False,,,,,,2026-07-12
(주)융성종합관리,False,,,,,,2026-07-12
(주)융창엔지니어링,False,,,,,,2026-07-12
(주)은빛작업장,False,,,,,,2026-07-12
(주)은산프라스틱,False,,,,,,2026-07-12
(주)은서테크,False,,,,,,2026-07-12
(주)은성특수산업,False,,,,,,2026-07-12
(주)은성프레임,True,(주)은성프레임,4.0,2871333.0,34456000.0,2026-05,2026-07-12
(주)은탑,False,,,,,,2026-07-12
(주)은평도배학원,False,,,,,,2026-07-12
(주)을지전기,True,(주)을지전기,27.0,3521070.0,42252840.0,2026-05,2026-07-12
(주)을지케어,False,,,,,,2026-07-12
(주)을지특수정밀,True,(주)을지특수정밀,20.0,4372933.0,52475200.0,2026-05,2026-07-12
(주)의성개발,True,(주)의성개발,19.0,3931099.0,47173193.0,2026-05,2026-07-12
(주)의왕 I C D,False,,,,,,2026-07-12
(주)의왕개발,False,,,,,,2026-07-12
(주)이강,True,(주)이강,7.0,1308508.0,15702095.0,2026-05,2026-07-12
(주)이강시스채널,True,(주)이강시스채널,9.0,2920519.0,35046222.0,2026-05,2026-07-12
(주)이건창호,True,(주)이건창호,215.0,5166604.0,61999243.0,2026-05,2026-07-12
(주)이그린테크,False,,,,,,2026-07-12
(주)이노윈테크,True,(주)이노윈테크,14.0,4655206.0,55862476.0,2026-05,2026-07-12
(주)이노터치테크놀로지,False,,,,,,2026-07-12
(주)이니플래닝(리안뉴욕),False,,,,,,2026-07-12
(주)이데아그룹,False,,,,,,2026-07-12
(주)이둔,True,(주)이둔,138.0,3380651.0,40567807.0,2026-05,2026-07-12
(주)이랑씨에스,True,(주)이랑씨에스,37.0,3181279.0,38175351.0,2026-05,2026-07-12
(주)이랜드이츠,True,(주)이랜드이츠,5520.0,1760360.0,21124321.0,2026-05,2026-07-12
(주)이랜시스,True,(주)이랜시스,126.0,3485328.0,41823937.0,2026-05,2026-07-12
(주)이레씨즈,True,(주)이레씨즈,18.0,3948358.0,47380296.0,2026-05,2026-07-12
(주)이레엔지니어링,True,(주)이레엔지니어링,4.0,4127611.0,49531333.0,2026-05,2026-07-12
(주)이레이저,False,,,,,,2026-07-12
(주)이레코리아,True,(주)이레코리아,64.0,3693427.0,44321125.0,2026-05,2026-07-12
(주)이레테크,True,(주)이레테크,93.0,3485847.0,41830165.0,2026-05,2026-07-12
(주)이렌트카송림지점,False,,,,,,2026-07-12
(주)이룸시스,True,(주)이룸시스,16.0,2954278.0,35451333.0,2026-05,2026-07-12
(주)이룸씨앤에스,True,(주)이룸씨앤에스,8.0,3508861.0,42106333.0,2026-05,2026-07-12
(주)이룸에이티,False,,,,,,2026-07-12
(주)이룸텍,True,(주)이룸텍,13.0,2891470.0,34697641.0,2026-05,2026-07-12
(주)이룸편의시설비에프,False,,,,,,2026-07-12
(주)이마트,True,(주)이마트,21540.0,3907672.0,46892065.0,2026-05,2026-07-12
(주)이브이씨씨,False,,,,,,2026-07-12
(주)이사대학,True,(주)이사대학,29.0,2661387.0,31936644.0,2026-05,2026-07-12
(주)이세큐,True,(주)이세큐,48.0,2428338.0,29140056.0,2026-05,2026-07-12
(주)이수지엠피서비스,False,,,,,,2026-07-12
(주)이시스템,False,,,,,,2026-07-12
(주)이씨알엔씨,True,(주)이씨알엔씨,19.0,4779099.0,57349193.0,2026-05,2026-07-12
(주)이안파트너스이앤씨,False,,,,,,2026-07-12
(주)이액션,False,,,,,,2026-07-12
(주)이앤에스텍,True,(주)이앤에스텍,28.0,3731151.0,44773810.0,2026-05,2026-07-12
(주)이앤이솔루션,False,,,,,,2026-07-12
(주)이앤피,False,,,,,,2026-07-12
(주)이에스,False,,,,,,2026-07-12
(주)이에스씨,True,(주)이에스씨,6.0,3174148.0,38089778.0,2026-05,2026-07-12
(주)이에스엘,True,(주)이에스엘,59.0,3327111.0,39925333.0,2026-05,2026-07-12
(주)이에스엘컨설팅,True,(주)이에스엘컨설팅,3.0,2562741.0,30752889.0,2026-05,2026-07-12
(주)이에이씨,False,,,,,,2026-07-12
(주)이에이치엘바이오,False,,,,,,2026-07-12
(주)이에치코어,False,,,,,,2026-07-12
(주)이에프,True,(주)이에프,7.0,3455841.0,41470095.0,2026-05,2026-07-12
(주)이에프원,False,,,,,,2026-07-12
(주)이엔제이솔루션,True,(주)이엔제이솔루션,7.0,3698921.0,44387048.0,2026-05,2026-07-12
(주)이엔지케이,False,,,,,,2026-07-12
(주)이엘산업,True,(주)이엘산업,4.0,2525389.0,30304667.0,2026-05,2026-07-12
(주)이엠에스티,False,,,,,,2026-07-12
(주)이엠이앤씨,False,,,,,,2026-07-12
(주)이엠정밀,False,,,,,,2026-07-12
(주)이엠케이,True,(주)이엠케이,19.0,3953380.0,47440561.0,2026-05,2026-07-12
(주)이엠피서비스,True,(주)이엠피서비스,155.0,2773302.0,33279622.0,2026-05,2026-07-12
(주)이영권식품,False,,,,,,2026-07-12
(주)이오티앤디,True,(주)이오티앤디,78.0,2855074.0,34260889.0,2026-05,2026-07-12
(주)이음피엠씨,False,,,,,,2026-07-12
(주)이제이켐환경,True,(주)이제이켐환경,4.0,2023222.0,24278667.0,2026-05,2026-07-12
(주)이지메디시스,False,,,,,,2026-07-12
(주)이지스가드,True,(주)이지스가드,27.0,2734675.0,32816099.0,2026-05,2026-07-12
(주)이지아이다이아몬드,False,,,,,,2026-07-12
(주)이지엠케이엔씨,False,,,,,,2026-07-12
(주)이지테크,True,(주)이지테크,5.0,3423778.0,41085333.0,2026-05,2026-07-12
(주)이천서비스,False,,,,,,2026-07-12
(주)이천엔지니어링,False,,,,,,2026-07-12
(주)이천휀스,False,,,,,,2026-07-12
(주)이트락,False,,,,,,2026-07-12
(주)이푸른,True,(주)이푸른,13.0,3243641.0,38923692.0,2026-05,2026-07-12
(주)이피씨,True,(주)이피씨,3.0,2251852.0,27022222.0,2026-05,2026-07-12
(주)이피아이티,True,(주)이피아이티,35.0,3178076.0,38136914.0,2026-05,2026-07-12
(주)이피엘건설,False,,,,,,2026-07-12
(주)이피코리아,True,(주)이피코리아,4.0,5402500.0,64830000.0,2026-05,2026-07-12
(주)이화냉동시스템,False,,,,,,2026-07-12
(주)익산비철,False,,,,,,2026-07-12
(주)인더스비젼,False,,,,,,2026-07-12
(주)인덕물산,True,(주)인덕물산,3.0,2709259.0,32511111.0,2026-05,2026-07-12
(주)인디에프,True,(주)인디에프,151.0,4616150.0,55393801.0,2026-05,2026-07-12
(주)인성시스템,False,,,,,,2026-07-12
(주)인성엔지니어링,False,,,,,,2026-07-12
(주)인성종합관리,False,,,,,,2026-07-12
(주)인성플라텍,False,,,,,,2026-07-12
(주)인영티엔디,False,,,,,,2026-07-12
(주)인정로지스트,True,(주)인정로지스트,5.0,3252267.0,39027200.0,2026-05,2026-07-12
(주)인천금속,False,,,,,,2026-07-12
(주)인천대림,False,,,,,,2026-07-12
(주)인천리사이클링,True,(주)인천리사이클링,16.0,3608569.0,43302833.0,2026-05,2026-07-12
(주)인천약품,True,(주)인천약품,443.0,3163127.0,37957520.0,2026-05,2026-07-12
(주)인천화학,True,(주)인천화학,35.0,4559943.0,54719314.0,2026-05,2026-07-12
(주)인큐넥스,True,(주)인큐넥스,11.0,3203818.0,38445818.0,2026-05,2026-07-12
(주)인터오리진아이엔씨,False,,,,,,2026-07-12
(주)인테크놀로지,True,(주)인테크놀로지,12.0,3882056.0,46584667.0,2026-05,2026-07-12
(주)인텍코리아,True,(주)인텍코리아,8.0,3999861.0,47998333.0,2026-05,2026-07-12
(주)인투에스,True,(주)인투에스,3.0,1836963.0,22043556.0,2026-05,2026-07-12
(주)인투인웍스,True,(주)인투인웍스,45.0,1193254.0,14319052.0,2026-05,2026-07-12
(주)인풍종합관리,False,,,,,,2026-07-12
(주)인프로닉스,False,,,,,,2026-07-12
(주)인피니티에코,True,(주)인피니티에코,6.0,3371037.0,40452444.0,2026-05,2026-07-12
(주)인하수산,False,,,,,,2026-07-12
(주)인화,True,(주)인화,4.0,2717778.0,32613333.0,2026-05,2026-07-12
(주)인화종합관리,True,(주)인화종합관리,28.0,2528683.0,30344190.0,2026-05,2026-07-12
(주)인화티엠에스,False,,,,,,2026-07-12
(주)일광메탈,True,(주)일광메탈,95.0,3621511.0,43458133.0,2026-05,2026-07-12
(주)일광산업,True,(주)일광산업,45.0,4291388.0,51496652.0,2026-05,2026-07-12
(주)일광이티케이,True,(주)일광이티케이,5.0,2651467.0,31817600.0,2026-05,2026-07-12
(주)일광정밀,True,(주)일광정밀,7.0,4559619.0,54715429.0,2026-05,2026-07-12
(주)일급종합,False,,,,,,2026-07-12
(주)일루이가구,True,(주)일루이가구,4.0,3442889.0,41314667.0,2026-05,2026-07-12
(주)일성엔피텍,False,,,,,,2026-07-12
(주)일성포장,False,,,,,,2026-07-12
(주)일신전기,True,(주)일신전기,5.0,2218756.0,26625067.0,2026-05,2026-07-12
(주)일신정밀,True,(주)일신정밀,38.0,4754006.0,57048070.0,2026-05,2026-07-12
(주)일신지앤엠,True,(주)일신지앤엠,13.0,4530667.0,54368000.0,2026-05,2026-07-12
(주)일우피엘에스,False,,,,,,2026-07-12
(주)일월종합가구,True,(주)일월종합가구,9.0,2923111.0,35077333.0,2026-05,2026-07-12
(주)일진글로팩,False,,,,,,2026-07-12
(주)일진레이텍,True,(주)일진레이텍,10.0,4453422.0,53441067.0,2026-05,2026-07-12
(주)일진산업,False,,,,,,2026-07-12
(주)일진정공,True,(주)일진정공,6.0,2838333.0,34060000.0,2026-05,2026-07-12
(주)일품이앤씨,True,(주)일품이앤씨,18.0,4080049.0,48960593.0,2026-05,2026-07-12
(주)일해이엔지,True,(주)일해이엔지,35.0,3621105.0,43453257.0,2026-05,2026-07-12
(주)임진강김치,True,(주)임진강김치,13.0,2475812.0,29709744.0,2026-05,2026-07-12
(주)임호엔지니어링,False,,,,,,2026-07-12
(주)임화금속,True,(주)임화금속,35.0,3929708.0,47156495.0,2026-05,2026-07-12
(주)자성산업,False,,,,,,2026-07-12
(주)자연과사람들,True,(주)자연과사람들,189.0,5401406.0,64816875.0,2026-05,2026-07-12
(주)자연애에프엔티,True,(주)자연애에프엔티,16.0,2715361.0,32584333.0,2026-05,2026-07-12
(주)자이론텍,True,(주)자이론텍,14.0,4759413.0,57112952.0,2026-05,2026-07-12
(주)자잠157,True,(주)자잠157,6.0,2753556.0,33042667.0,2026-05,2026-07-12
(주)자코드,False,,,,,,2026-07-12
(주)작은자리온케어,False,,,,,,2026-07-12
(주)잡모아,False,,,,,,2026-07-12
(주)잡모아 인천남부지점,False,,,,,,2026-07-12
(주)잡스링크,True,(주)잡스링크,3.0,1161111.0,13933333.0,2026-05,2026-07-12
(주)잡위드,True,(주)잡위드,299.0,2672623.0,32071474.0,2026-05,2026-07-12
(주)잡이스,True,(주)잡이스,5.0,2231644.0,26779733.0,2026-05,2026-07-12
(주)장광엔지니어링,False,,,,,,2026-07-12
(주)장보고통상,False,,,,,,2026-07-12
(주)장성물산,True,(주)장성물산,3.0,4580370.0,54964444.0,2026-05,2026-07-12
(주)장수만세,True,(주)장수만세,24.0,2276120.0,27313444.0,2026-05,2026-07-12
(주)장수산업,True,(주)장수산업,41.0,3488688.0,41864260.0,2026-05,2026-07-12
(주)장수티엔시,False,,,,,,2026-07-12
(주)장원레미콘,True,(주)장원레미콘,36.0,4212778.0,50553333.0,2026-05,2026-07-12
(주)장원리싸이클,True,(주)장원리싸이클,11.0,2688202.0,32258424.0,2026-05,2026-07-12
(주)장원에스알,False,,,,,,2026-07-12
(주)장원전력,True,(주)장원전력,11.0,3196081.0,38352970.0,2026-05,2026-07-12
(주)장원특수포장,False,,,,,,2026-07-12
(주)장풍HR,False,,,,,,2026-07-12
(주)재민정밀,False,,,,,,2026-07-12
(주)전북은행 안산외국인금융센터,False,,,,,,2026-07-12
(주)전설그룹,True,(주)전설그룹,4.0,2366556.0,28398667.0,2026-05,2026-07-12
(주)전설의우대갈비강남직영점,False,,,,,,2026-07-12
(주)전진이엔씨,True,(주)전진이엔씨,6.0,2481222.0,29774667.0,2026-05,2026-07-12
(주)정광기업,True,(주)정광기업,16.0,4060208.0,48722500.0,2026-05,2026-07-12
(주)정광산업,False,,,,,,2026-07-12
(주)정다운 자연일가,False,,,,,,2026-07-12
(주)정다운세상,False,,,,,,2026-07-12
(주)정민,True,(주)정민,6.0,2874444.0,34493333.0,2026-05,2026-07-12
(주)정산아이엔티,True,(주)정산아이엔티,7.0,4133937.0,49607238.0,2026-05,2026-07-12
(주)정선레미콘,True,(주)정선레미콘,27.0,4749827.0,56997926.0,2026-05,2026-07-12
(주)정성시스템즈,True,(주)정성시스템즈,120.0,3322815.0,39873778.0,2026-05,2026-07-12
(주)정연기술,False,,,,,,2026-07-12
(주)정연산업,False,,,,,,2026-07-12
(주)정우계육,False,,,,,,2026-07-12
(주)정우기초산업,False,,,,,,2026-07-12
(주)정우아이엔지,True,(주)정우아이엔지,21.0,3522952.0,42275429.0,2026-05,2026-07-12
(주)정우엔텍,True,(주)정우엔텍,9.0,3994642.0,47935704.0,2026-05,2026-07-12
(주)정우엠텍,True,(주)정우엠텍,4.0,2731944.0,32783333.0,2026-05,2026-07-12
(주)정우유통,False,,,,,,2026-07-12
(주)정우이엔지,True,(주)정우이엔지,34.0,2552686.0,30632235.0,2026-05,2026-07-12
(주)정우이지텍,True,(주)정우이지텍,15.0,3483481.0,41801778.0,2026-05,2026-07-12
(주)정우정밀화학,False,,,,,,2026-07-12
(주)정우피앤피,True,(주)정우피앤피,31.0,3588007.0,43056086.0,2026-05,2026-07-12
(주)정운식품,False,,,,,,2026-07-12
(주)정운정보통신,True,(주)정운정보통신,33.0,2039044.0,24468525.0,2026-05,2026-07-12
(주)정원주철,False,,,,,,2026-07-12
(주)정원하이켐,True,(주)정원하이켐,6.0,5700593.0,68407111.0,2026-05,2026-07-12
(주)정인건설,True,(주)정인건설,4.0,2476556.0,29718667.0,2026-05,2026-07-12
(주)정인비티엠,False,,,,,,2026-07-12
(주)정인토건,False,,,,,,2026-07-12
(주)정정당당,True,(주)정정당당,10.0,2995311.0,35943733.0,2026-05,2026-07-12
(주)정진금속,True,(주)정진금속,8.0,3911417.0,46937000.0,2026-05,2026-07-12
(주)정진후르츠,True,(주)정진후르츠,4.0,3973611.0,47683333.0,2026-05,2026-07-12
(주)정탑농산,False,,,,,,2026-07-12
(주)정해불연목재,False,,,,,,2026-07-12
(주)정향씨앤알,False,,,,,,2026-07-12
(주)정현테크,False,,,,,,2026-07-12
(주)정호개발,True,(주)정호개발,7.0,4220952.0,50651429.0,2026-05,2026-07-12
(주)정호기공,False,,,,,,2026-07-12
(주)정화실업,True,(주)정화실업,29.0,2395502.0,28746023.0,2026-05,2026-07-12
(주)제너럴오토파츠,False,,,,,,2026-07-12
(주)제네로,False,,,,,,2026-07-12
(주)제넨텍,False,,,,,,2026-07-12
(주)제노스미디어,False,,,,,,2026-07-12
(주)제니스코리아,True,(주)제니스코리아,6.0,2826000.0,33912000.0,2026-05,2026-07-12
"(주)제니스테크 (Zenith Tech Co.,Ltd.)",False,,,,,,2026-07-12
(주)제니스피비엠,True,(주)제니스피비엠,22.0,2871152.0,34453818.0,2026-05,2026-07-12
(주)제니어스,False,,,,,,2026-07-12
(주)제니엘,True,(주)제니엘,5911.0,2799399.0,33592790.0,2026-05,2026-07-12
(주)제니엘이노베이션,False,,,,,,2026-07-12
(주)제스와이테크,False,,,,,,2026-07-12
(주)제씨엘소방산업,False,,,,,,2026-07-12
(주)제우산업,True,(주)제우산업,9.0,3297160.0,39565926.0,2026-05,2026-07-12
(주)제우스이엔지,True,(주)제우스이엔지,9.0,3806148.0,45673778.0,2026-05,2026-07-12
(주)제원기업,False,,,,,,2026-07-12
(주)제이더블유이노션,True,(주)제이더블유이노션,9.0,4104074.0,49248889.0,2026-05,2026-07-12
(주)제이더스화학,False,,,,,,2026-07-12
(주)제이디물류,True,(주)제이디물류,7.0,3544667.0,42536000.0,2026-05,2026-07-12
(주)제이디코리아인터내셔날,True,(주)제이디코리아인터내셔날,39.0,2973305.0,35679658.0,2026-05,2026-07-12
(주)제이렘,True,(주)제이렘,26.0,4527838.0,54334051.0,2026-05,2026-07-12
(주)제이리스,False,,,,,,2026-07-12
(주)제이비대흥 화성지점,True,(주)제이비대흥 화성지점,9.0,3355605.0,40267259.0,2026-05,2026-07-12
(주)제이비산업,False,,,,,,2026-07-12
(주)제이세븐,False,,,,,,2026-07-12
(주)제이시스템,True,(주)제이시스템,15.0,3224311.0,38691733.0,2026-05,2026-07-12
(주)제이씨-본사,False,,,,,,2026-07-12
(주)제이씨아이,True,(주)제이씨아이,6.0,3604074.0,43248889.0,2026-05,2026-07-12
(주)제이아이코리아,True,(주)제이아이코리아,65.0,3500150.0,42001805.0,2026-05,2026-07-12
(주)제이앤비컨설팅,True,(주)제이앤비컨설팅,1312.0,2334633.0,28015593.0,2026-05,2026-07-12
(주)제이앤비케어서비스,False,,,,,,2026-07-12
(주)제이앤에스 코리아,False,,,,,,2026-07-12
(주)제이앤에스파워,False,,,,,,2026-07-12
(주)제이앤케이힐링컴퍼니,False,,,,,,2026-07-12
(주)제이에스,True,(주)제이에스,13.0,2390308.0,28683692.0,2026-05,2026-07-12
(주)제이에스산업,True,(주)제이에스산업,4.0,3283500.0,39402000.0,2026-05,2026-07-12
(주)제이에스씨밀레,False,,,,,,2026-07-12
(주)제이에스에스탑,True,(주)제이에스에스탑,9.0,5047580.0,60570963.0,2026-05,2026-07-12
(주)제이에스이엔씨,True,(주)제이에스이엔씨,3.0,2464296.0,29571556.0,2026-05,2026-07-12
(주)제이에스텍,True,(주)제이에스텍,20.0,3602322.0,43227867.0,2026-05,2026-07-12
(주)제이에스피정밀,False,,,,,,2026-07-12
(주)제이엔이,True,(주)제이엔이,7.0,3957175.0,47486095.0,2026-05,2026-07-12
(주)제이엘푸드컨설팅,True,(주)제이엘푸드컨설팅,25.0,2532124.0,30385493.0,2026-05,2026-07-12
(주)제이엠몰드,False,,,,,,2026-07-12
(주)제이엠전자,True,(주)제이엠전자,5.0,3258222.0,39098667.0,2026-05,2026-07-12
(주)제이엠푸드,True,(주)제이엠푸드,3.0,2130815.0,25569778.0,2026-05,2026-07-12
(주)제이오,True,(주)제이오,11.0,3568646.0,42823758.0,2026-05,2026-07-12
(주)제이와이에프앤비,False,,,,,,2026-07-12
(주)제이원,True,(주)제이원,4.0,4273611.0,51283333.0,2026-05,2026-07-12
(주)제이원글로벌,True,(주)제이원글로벌,13.0,3622103.0,43465231.0,2026-05,2026-07-12
(주)제이원프라임,False,,,,,,2026-07-12
(주)제이위드,True,(주)제이위드,10.0,3524867.0,42298400.0,2026-05,2026-07-12
(주)제이제이교육,False,,,,,,2026-07-12
(주)제이케이엘씨,False,,,,,,2026-07-12
(주)제이케이퍼니쳐,False,,,,,,2026-07-12
(주)제이크티앤디,True,(주)제이크티앤디,8.0,2998778.0,35985333.0,2026-05,2026-07-12
(주)제이투엠,True,(주)제이투엠,3.0,4152519.0,49830222.0,2026-05,2026-07-12
(주)제이투파트너스,True,(주)제이투파트너스,45.0,2765921.0,33191052.0,2026-05,2026-07-12
(주)제이티,True,(주)제이티,39.0,3613168.0,43358017.0,2026-05,2026-07-12
(주)제이퍼니처,False,,,,,,2026-07-12
(주)제이피브랜드,False,,,,,,2026-07-12
(주)제이피이엔씨,False,,,,,,2026-07-12
(주)제일,False,,,,,,2026-07-12
(주)제일과동행,False,,,,,,2026-07-12
(주)제일글라스,False,,,,,,2026-07-12
(주)제일글라스(JEIL GLASS),True,(주)제일글라스(JEIL GLASS),4.0,3483333.0,41800000.0,2026-05,2026-07-12
(주)제일볼트산업,False,,,,,,2026-07-12
(주)제일수문,False,,,,,,2026-07-12
(주)제일스포츠센타,True,(주)제일스포츠센타,71.0,4037155.0,48445859.0,2026-05,2026-07-12
(주)제일에코기업,False,,,,,,2026-07-12
(주)제일캐노피,False,,,,,,2026-07-12
(주)제일캐드,False,,,,,,2026-07-12
(주)제일케미칼,True,(주)제일케미칼,19.0,4476830.0,53721965.0,2026-05,2026-07-12
(주)제일테크,True,(주)제일테크,6.0,4056370.0,48676444.0,2026-05,2026-07-12
(주)제일퍼니처,False,,,,,,2026-07-12
(주)제일필름,True,(주)제일필름,3.0,2838000.0,34056000.0,2026-05,2026-07-12
(주)제일하이텍,True,(주)제일하이텍,21.0,5657386.0,67888635.0,2026-05,2026-07-12
(주)제임스짐 아이에프씨,False,,,,,,2026-07-12
(주)제타크리젠,False,,,,,,2026-07-12
(주)제트티오글로벌,False,,,,,,2026-07-12
(주)젠티스,True,(주)젠티스,9.0,3536617.0,42439407.0,2026-05,2026-07-12
(주)조경원,False,,,,,,2026-07-12
(주)조광정밀,True,(주)조광정밀,23.0,3329159.0,39949913.0,2026-05,2026-07-12
(주)조아테크,True,(주)조아테크,5.0,3382978.0,40595733.0,2026-05,2026-07-12
(주)조영이앤씨,False,,,,,,2026-07-12
(주)조은 에스시,False,,,,,,2026-07-12
(주)조은드림,False,,,,,,2026-07-12
(주)조은시스템,True,(주)조은시스템,2164.0,2750860.0,33010317.0,2026-05,2026-07-12
(주)조은에스티,False,,,,,,2026-07-12
(주)조은푸드,True,(주)조은푸드,3.0,3076444.0,36917333.0,2026-05,2026-07-12
(주)조이,True,(주)조이,5.0,2410444.0,28925333.0,2026-05,2026-07-12
(주)조이스틸트레이딩,False,,,,,,2026-07-12
(주)조인스잡오산센터,True,(주)조인스잡오산센터,4.0,2449889.0,29398667.0,2026-05,2026-07-12
(주)조현시스템,True,(주)조현시스템,108.0,2614868.0,31378420.0,2026-05,2026-07-12
(주)조호하이텍,False,,,,,,2026-07-12
(주)조흥환경,True,(주)조흥환경,28.0,1796857.0,21562286.0,2026-05,2026-07-12
(주)종이나라플러스,False,,,,,,2026-07-12
(주)좋은날,True,(주)좋은날,5.0,1696178.0,20354133.0,2026-05,2026-07-12
(주)좋은서비스,True,(주)좋은서비스,10.0,2075267.0,24903200.0,2026-05,2026-07-12
(주)좋은이웃에프에스,True,(주)좋은이웃에프에스,36.0,4085525.0,49026296.0,2026-05,2026-07-12
(주)주명개발,False,,,,,,2026-07-12
(주)주빌리씨앤에스,True,(주)주빌리씨앤에스,6.0,1484259.0,17811111.0,2026-05,2026-07-12
(주)주성코리아,False,,,,,,2026-07-12
(주)주신에이브이티,True,(주)주신에이브이티,48.0,3871361.0,46456333.0,2026-05,2026-07-12
(주)주신연마,False,,,,,,2026-07-12
(주)주안레이저,False,,,,,,2026-07-12
(주)주연에스앤씨,False,,,,,,2026-07-12
(주)주온테크,False,,,,,,2026-07-12
(주)주원그린,False,,,,,,2026-07-12
(주)주원케이블,False,,,,,,2026-07-12
(주)주원하이텍,False,,,,,,2026-07-12
(주)주은금속,False,,,,,,2026-07-12
(주)주은테크,True,(주)주은테크,10.0,4043778.0,48525333.0,2026-05,2026-07-12
(주)주일,False,,,,,,2026-07-12
(주)주풍사,False,,,,,,2026-07-12
(주)주현이엔지,False,,,,,,2026-07-12
(주)준경테크,True,(주)준경테크,5.0,5100133.0,61201600.0,2026-05,2026-07-12
(주)준성팩,False,,,,,,2026-07-12
(주)준수산업,True,(주)준수산업,3.0,5269259.0,63231111.0,2026-05,2026-07-12
(주)준유통,True,(주)준유통,7.0,3457460.0,41489524.0,2026-05,2026-07-12
(주)준일개발,True,(주)준일개발,5.0,2609289.0,31311467.0,2026-05,2026-07-12
(주)준케이지,True,(주)준케이지,7.0,3695873.0,44350476.0,2026-05,2026-07-12
(주)준호자원,True,(주)준호자원,4.0,4439611.0,53275333.0,2026-05,2026-07-12
(주)중부노인복지지원센터,True,(주)중부노인복지지원센터,4.0,1210667.0,14528000.0,2026-05,2026-07-12
(주)중산기업,False,,,,,,2026-07-12
(주)중앙노인복지센터,False,,,,,,2026-07-12
(주)중앙비엠씨,False,,,,,,2026-07-12
(주)중앙아이티직업전문학교,False,,,,,,2026-07-12
(주)중앙연도,False,,,,,,2026-07-12
(주)중앙종합관리,True,(주)중앙종합관리,5.0,1668356.0,20020267.0,2026-05,2026-07-12
(주)중앙주류,False,,,,,,2026-07-12
(주)중원냉열,False,,,,,,2026-07-12
(주)중원인더스트리,False,,,,,,2026-07-12
(주)중원특수조명,False,,,,,,2026-07-12
(주)중일테크,True,(주)중일테크,32.0,3454660.0,41455917.0,2026-05,2026-07-12
(주)중화정밀,True,(주)중화정밀,8.0,3972528.0,47670333.0,2026-05,2026-07-12
(주)지광이엔지,False,,,,,,2026-07-12
(주)지구화학,False,,,,,,2026-07-12
(주)지니덴탈,False,,,,,,2026-07-12
(주)지디엠씨,True,(주)지디엠씨,18.0,3924309.0,47091704.0,2026-05,2026-07-12
(주)지디하이테크,False,,,,,,2026-07-12
(주)지맥,True,(주)지맥,17.0,4106471.0,49277647.0,2026-05,2026-07-12
(주)지비에프앤에프,False,,,,,,2026-07-12
(주)지비와이,False,,,,,,2026-07-12
(주)지산메드텍,True,(주)지산메드텍,26.0,3561701.0,42740410.0,2026-05,2026-07-12
(주)지산호스테크,True,(주)지산호스테크,12.0,4905444.0,58865333.0,2026-05,2026-07-12
(주)지아이,True,(주)지아이,8.0,3312639.0,39751667.0,2026-05,2026-07-12
(주)지안,True,(주)지안,10.0,3932644.0,47191733.0,2026-05,2026-07-12
(주)지안산업,True,(주)지안산업,8.0,3281028.0,39372333.0,2026-05,2026-07-12
(주)지앤비벤딩,False,,,,,,2026-07-12
(주)지앤비시스템,True,(주)지앤비시스템,2047.0,2806049.0,33672590.0,2026-05,2026-07-12
(주)지앤비에스엔지니어링,False,,,,,,2026-07-12
(주)지앤씨피아,True,(주)지앤씨피아,8.0,3623417.0,43481000.0,2026-05,2026-07-12
(주)지앤아이로지텍,True,(주)지앤아이로지텍,14.0,3887841.0,46654095.0,2026-05,2026-07-12
(주)지앤지대양,True,(주)지앤지대양,15.0,819644.0,9835733.0,2026-05,2026-07-12
(주)지에스네트웍스 김포지점,False,,,,,,2026-07-12
(주)지에스씨넷,True,(주)지에스씨넷,246.0,2622313.0,31467751.0,2026-05,2026-07-12
(주)지에스피,True,(주)지에스피,18.0,4557037.0,54684444.0,2026-05,2026-07-12
(주)지에이치케이글로벌,True,(주)지에이치케이글로벌,7.0,2636413.0,31636952.0,2026-05,2026-07-12
(주)지에이치테크놀러지,True,(주)지에이치테크놀러지,4.0,2123722.0,25484667.0,2026-05,2026-07-12
(주)지엔비,True,(주)지엔비,3.0,3425556.0,41106667.0,2026-05,2026-07-12
(주)지엔이,False,,,,,,2026-07-12
(주)지엔티,True,(주)지엔티,9.0,3319309.0,39831704.0,2026-05,2026-07-12
(주)지엘엔지니어링,True,(주)지엘엔지니어링,12.0,4302111.0,51625333.0,2026-05,2026-07-12
(주)지엘케이,False,,,,,,2026-07-12
(주)지엠솔루션,True,(주)지엠솔루션,63.0,4605520.0,55266243.0,2026-05,2026-07-12
(주)지엠에스이엔지,False,,,,,,2026-07-12
(주)지엠오토,False,,,,,,2026-07-12
(주)지엠케이정보통신,False,,,,,,2026-07-12
(주)지오닉스,True,(주)지오닉스,38.0,3949263.0,47391158.0,2026-05,2026-07-12
(주)지오엑스포,False,,,,,,2026-07-12
(주)지오엔씨,False,,,,,,2026-07-12
(주)지오테크시스템,True,(주)지오테크시스템,12.0,3334074.0,40008889.0,2026-05,2026-07-12
(주)지유코퍼레이션,True,(주)지유코퍼레이션,33.0,2787845.0,33454141.0,2026-05,2026-07-12
(주)지윤,False,,,,,,2026-07-12
(주)지이티오토,True,(주)지이티오토,8.0,3215472.0,38585667.0,2026-05,2026-07-12
(주)지인전기통신,False,,,,,,2026-07-12
(주)지준시스템,True,(주)지준시스템,4.0,2243056.0,26916667.0,2026-05,2026-07-12
(주)지즐,False,,,,,,2026-07-12
(주)지케이에스,False,,,,,,2026-07-12
(주)지텍,True,(주)지텍,4.0,5971167.0,71654000.0,2026-05,2026-07-12
(주)지투이,True,(주)지투이,81.0,4085196.0,49022354.0,2026-05,2026-07-12
(주)지티산업,True,(주)지티산업,13.0,3043487.0,36521846.0,2026-05,2026-07-12
(주)지티에스이엔지,True,(주)지티에스이엔지,14.0,2907651.0,34891810.0,2026-05,2026-07-12
(주)지티에스카본,False,,,,,,2026-07-12
(주)지티엘,False,,,,,,2026-07-12
(주)지푸드,False,,,,,,2026-07-12
(주)지피케이,True,(주)지피케이,6.0,3720370.0,44644444.0,2026-05,2026-07-12
(주)지혜,True,(주)지혜,8.0,2482083.0,29785000.0,2026-05,2026-07-12
(주)지훈산업,False,,,,,,2026-07-12
(주)진광,True,(주)진광,13.0,3472838.0,41674051.0,2026-05,2026-07-12
(주)진글라이더,True,(주)진글라이더,19.0,3612246.0,43346947.0,2026-05,2026-07-12
(주)진명리싸이클,False,,,,,,2026-07-12
(주)진명스탭스,True,(주)진명스탭스,150.0,2693603.0,32323236.0,2026-05,2026-07-12
(주)진방이엔씨,False,,,,,,2026-07-12
(주)진산,True,(주)진산,7.0,3633302.0,43599619.0,2026-05,2026-07-12
(주)진성관리,False,,,,,,2026-07-12
(주)진성메카시스템,True,(주)진성메카시스템,11.0,3915131.0,46981576.0,2026-05,2026-07-12
(주)진성에스앤피,True,(주)진성에스앤피,47.0,3327759.0,39933106.0,2026-05,2026-07-12
(주)진성에프씨,False,,,,,,2026-07-12
(주)진성토건,True,(주)진성토건,8.0,2326389.0,27916667.0,2026-05,2026-07-12
(주)진성티앤피,True,(주)진성티앤피,15.0,4092933.0,49115200.0,2026-05,2026-07-12
(주)진성티이씨,True,(주)진성티이씨,212.0,5203461.0,62441535.0,2026-05,2026-07-12
(주)진성피엘티,False,,,,,,2026-07-12
(주)진양MTS,False,,,,,,2026-07-12
(주)진양기계제작소,True,(주)진양기계제작소,7.0,3964730.0,47576762.0,2026-05,2026-07-12
(주)진양비지엠텍,True,(주)진양비지엠텍,3.0,4557407.0,54688889.0,2026-05,2026-07-12
(주)진양알엔에스,True,(주)진양알엔에스,9.0,4546444.0,54557333.0,2026-05,2026-07-12
(주)진영시스템,False,,,,,,2026-07-12
(주)진영에스텍,True,(주)진영에스텍,3.0,3333333.0,40000000.0,2026-05,2026-07-12
(주)진영엔지니어링,True,(주)진영엔지니어링,4.0,5797000.0,69564000.0,2026-05,2026-07-12
(주)진영엠티,False,,,,,,2026-07-12
(주)진영프로토,False,,,,,,2026-07-12
(주)진우레이져,True,(주)진우레이져,3.0,4313926.0,51767111.0,2026-05,2026-07-12
(주)진우전자,True,(주)진우전자,29.0,3225211.0,38702529.0,2026-05,2026-07-12
(주)진일써핀,True,(주)진일써핀,31.0,3953355.0,47440258.0,2026-05,2026-07-12
(주)진접노인복지센터,False,,,,,,2026-07-12
(주)진주랑,True,(주)진주랑,151.0,2609564.0,31314773.0,2026-05,2026-07-12
(주)진화메탈,False,,,,,,2026-07-12
(주)진흥,True,(주)진흥,20.0,3708000.0,44496000.0,2026-05,2026-07-12
(주)진흥산업,True,(주)진흥산업,11.0,4335980.0,52031758.0,2026-05,2026-07-12
(주)진흥종합환경,False,,,,,,2026-07-12
(주)진흥주물,True,(주)진흥주물,52.0,4525842.0,54310103.0,2026-05,2026-07-12
(주)차모스코스메틱제2공장광주지점,False,,,,,,2026-07-12
(주)차케어스,True,(주)차케어스,645.0,2585994.0,31031930.0,2026-05,2026-07-12
(주)참누리푸드시스템,False,,,,,,2026-07-12
(주)창건,True,(주)창건,3.0,1625778.0,19509333.0,2026-05,2026-07-12
(주)창경,True,(주)창경,13.0,3128701.0,37544410.0,2026-05,2026-07-12
(주)창동농산,False,,,,,,2026-07-12
(주)창마루,True,(주)창마루,48.0,3522481.0,42269778.0,2026-05,2026-07-12
(주)창명,True,(주)창명,3.0,3004074.0,36048889.0,2026-05,2026-07-12
(주)창보,True,(주)창보,17.0,2894092.0,34729098.0,2026-05,2026-07-12
(주)창성건설,True,(주)창성건설,5.0,3132844.0,37594133.0,2026-05,2026-07-12
(주)창한토건,False,,,,,,2026-07-12
(주)천광스틸,True,(주)천광스틸,19.0,3968749.0,47624982.0,2026-05,2026-07-12
(주)천아기업,True,(주)천아기업,18.0,3809617.0,45715407.0,2026-05,2026-07-12
(주)천우,True,(주)천우,4.0,4337778.0,52053333.0,2026-05,2026-07-12
(주)천우산업개발,False,,,,,,2026-07-12
(주)천인이엠,False,,,,,,2026-07-12
(주)천일국제물류(평택지점2),True,(주)천일국제물류(평택지점2),66.0,3852377.0,46228525.0,2026-05,2026-07-12
(주)천일육가공,False,,,,,,2026-07-12
(주)천일정공,False,,,,,,2026-07-12
(주)천일정밀,True,(주)천일정밀,4.0,4874167.0,58490000.0,2026-05,2026-07-12
(주)천지교통,True,(주)천지교통,7.0,1301302.0,15615619.0,2026-05,2026-07-12
(주)천지씨앤씨파이프밴딩,False,,,,,,2026-07-12
(주)천지테크,True,(주)천지테크,38.0,3717789.0,44613474.0,2026-05,2026-07-12
(주)첨단엔프라,False,,,,,,2026-07-12
(주)청녹엔텍,True,(주)청녹엔텍,12.0,2907278.0,34887333.0,2026-05,2026-07-12
(주)청담순두부,False,,,,,,2026-07-12
(주)청미식품,True,(주)청미식품,51.0,3176174.0,38114092.0,2026-05,2026-07-12
(주)청산,True,(주)청산,5.0,3069067.0,36828800.0,2026-05,2026-07-12
(주)청송기공,False,,,,,,2026-07-12
(주)청송씨앤유,True,(주)청송씨앤유,15.0,2607156.0,31285867.0,2026-05,2026-07-12
(주)청송퍼니처,False,,,,,,2026-07-12
(주)청수철강,True,(주)청수철강,5.0,5174622.0,62095467.0,2026-05,2026-07-12
(주)청수테크노필,False,,,,,,2026-07-12
(주)청아시스템,False,,,,,,2026-07-12
(주)청아판지팩,False,,,,,,2026-07-12
(주)청안건설,True,(주)청안건설,5.0,4221911.0,50662933.0,2026-05,2026-07-12
(주)청암다이캐스팅,True,(주)청암다이캐스팅,30.0,3395096.0,40741156.0,2026-05,2026-07-12
(주)청앤정코리아,True,(주)청앤정코리아,4.0,2783944.0,33407333.0,2026-05,2026-07-12
(주)청오록,False,,,,,,2026-07-12
(주)청우산업,False,,,,,,2026-07-12
(주)청우식품,True,(주)청우식품,432.0,3195352.0,38344228.0,2026-05,2026-07-12
(주)청우에이티에스,False,,,,,,2026-07-12
(주)청우티에스,True,(주)청우티에스,159.0,2561201.0,30734407.0,2026-05,2026-07-12
(주)청우하이드로,True,(주)청우하이드로,108.0,4363862.0,52366346.0,2026-05,2026-07-12
(주)청원종합관리,True,(주)청원종합관리,38.0,2633678.0,31604140.0,2026-05,2026-07-12
(주)청하금속,True,(주)청하금속,5.0,2779422.0,33353067.0,2026-05,2026-07-12
(주)청화자원,True,(주)청화자원,9.0,2851111.0,34213333.0,2026-05,2026-07-12
(주)초원식품,True,(주)초원식품,53.0,3764587.0,45175044.0,2026-05,2026-07-12
(주)초코텍,True,(주)초코텍,19.0,2873193.0,34478316.0,2026-05,2026-07-12
(주)축산사랑소명유통,False,,,,,,2026-07-12
(주)취암스틸,True,(주)취암스틸,7.0,3923556.0,47082667.0,2026-05,2026-07-12
(주)카라바,False,,,,,,2026-07-12
(주)카라인종합정비공장,False,,,,,,2026-07-12
(주)카르포스,False,,,,,,2026-07-12
(주)카모스,True,(주)카모스,95.0,3046211.0,36554526.0,2026-05,2026-07-12
(주)카스,True,(주)카스,326.0,3841703.0,46100434.0,2026-05,2026-07-12
(주)카스모아이티,True,(주)카스모아이티,60.0,3215689.0,38588267.0,2026-05,2026-07-12
(주)카프코,False,,,,,,2026-07-12
(주)카피테크이십일,True,(주)카피테크이십일,6.0,3440889.0,41290667.0,2026-05,2026-07-12
(주)캐미코,False,,,,,,2026-07-12
(주)캔시스템,False,,,,,,2026-07-12
(주)캠크린프로서비스,True,(주)캠크린프로서비스,6.0,1541000.0,18492000.0,2026-05,2026-07-12
(주)캠퍼스,False,,,,,,2026-07-12
(주)커넥텀엑스 하늘교육인쇄소,True,(주)커넥텀엑스 하늘교육인쇄소,11.0,3045798.0,36549576.0,2026-05,2026-07-12
(주)커리어넷,True,(주)커리어넷,219.0,2746180.0,32954155.0,2026-05,2026-07-12
(주)커리어텍,False,,,,,,2026-07-12
(주)커스텀팩키지,True,(주)커스텀팩키지,6.0,3216370.0,38596444.0,2026-05,2026-07-12
(주)컬리,False,,,,,,2026-07-12
(주)컴윈스,True,(주)컴윈스,41.0,2733859.0,32806309.0,2026-05,2026-07-12
(주)컴윈스시화2공장,False,,,,,,2026-07-12
(주)케어119센터,False,,,,,,2026-07-12
(주)케어네이션 과천센터,False,,,,,,2026-07-12
(주)케어링 고은센터,False,,,,,,2026-07-12
(주)케어링 다솜센터,False,,,,,,2026-07-12
(주)케어링 라온센터,False,,,,,,2026-07-12
(주)케어링 방문요양센터 부천점,True,(주)케어링 방문요양센터 부천점,15.0,1418548.0,17022578.0,2026-05,2026-07-12
(주)케어링 방문요양센터 서울 강동점,True,(주)케어링 방문요양센터 서울 강동점,10.0,1529600.0,18355200.0,2026-05,2026-07-12
(주)케어링 방문요양센터 서울 성북점,True,(주)케어링 방문요양센터 서울 성북점,43.0,1480522.0,17766264.0,2026-05,2026-07-12
(주)케어링 방문요양센터 서울 영등포점,True,(주)케어링 방문요양센터 서울 영등포점,19.0,1505520.0,18066246.0,2026-05,2026-07-12
(주)케어링 방문요양센터 성남 3천사점,False,,,,,,2026-07-12
(주)케어링 방문요양센터 수원점,True,(주)케어링 방문요양센터 수원점,15.0,1535319.0,18423822.0,2026-05,2026-07-12
(주)케어링 방문요양센터 용인 처인점,True,(주)케어링 방문요양센터 용인 처인점,29.0,1846989.0,22163862.0,2026-05,2026-07-12
(주)케어링 방문요양센터 화성 정다운점,False,,,,,,2026-07-12
(주)케어매니저,False,,,,,,2026-07-12
(주)케어맥스,True,(주)케어맥스,213.0,3536649.0,42439787.0,2026-05,2026-07-12
(주)케이더블에이치,False,,,,,,2026-07-12
(주)케이디씨,True,(주)케이디씨,4.0,5396722.0,64760667.0,2026-05,2026-07-12
(주)케이디텍,True,(주)케이디텍,109.0,1538436.0,18461235.0,2026-05,2026-07-12
(주)케이블루스카이,False,,,,,,2026-07-12
(주)케이비개발,True,(주)케이비개발,319.0,2683728.0,32204731.0,2026-05,2026-07-12
(주)케이비건설,True,(주)케이비건설,6.0,2772556.0,33270667.0,2026-05,2026-07-12
(주)케이비세라믹,False,,,,,,2026-07-12
(주)케이써비스,True,(주)케이써비스,4.0,2514556.0,30174667.0,2026-05,2026-07-12
(주)케이씨떠블유아이,False,,,,,,2026-07-12
(주)케이씨에프앤비,False,,,,,,2026-07-12
(주)케이씨엠테크놀로지,False,,,,,,2026-07-12
(주)케이씨유전력,False,,,,,,2026-07-12
(주)케이씨이엔지니어링,True,(주)케이씨이엔지니어링,5.0,2321511.0,27858133.0,2026-05,2026-07-12
(주)케이씨이엔텍,True,(주)케이씨이엔텍,9.0,2744247.0,32930963.0,2026-05,2026-07-12
(주)케이씨티,True,(주)케이씨티,21.0,4094995.0,49139937.0,2026-05,2026-07-12
(주)케이씨티이엔씨,False,,,,,,2026-07-12
(주)케이아이씨,True,(주)케이아이씨,14.0,3572111.0,42865333.0,2026-05,2026-07-12
(주)케이알산업,False,,,,,,2026-07-12
(주)케이알씨앤엠,False,,,,,,2026-07-12
(주)케이알피,True,(주)케이알피,9.0,2623580.0,31482963.0,2026-05,2026-07-12
(주)케이앤제이(K&J),False,,,,,,2026-07-12
(주)케이앤케이,True,(주)케이앤케이,5.0,3849467.0,46193600.0,2026-05,2026-07-12
(주)케이에스씨,True,(주)케이에스씨,20.0,3758256.0,45099067.0,2026-05,2026-07-12
(주)케이에스에프,False,,,,,,2026-07-12
(주)케이에스엔시,False,,,,,,2026-07-12
(주)케이에프앤에스,False,,,,,,2026-07-12
(주)케이엔에스컴퍼니,False,,,,,,2026-07-12
(주)케이엘피,True,(주)케이엘피,4.0,4471500.0,53658000.0,2026-05,2026-07-12
(주)케이엠산업,True,(주)케이엠산업,167.0,2929517.0,35154204.0,2026-05,2026-07-12
(주)케이엠에스파트너,False,,,,,,2026-07-12
(주)케이엠테크,True,(주)케이엠테크,3.0,2026222.0,24314667.0,2026-05,2026-07-12
(주)케이원시스템즈,False,,,,,,2026-07-12
(주)케이제이,True,(주)케이제이,12.0,4002963.0,48035556.0,2026-05,2026-07-12
(주)케이지,True,(주)케이지,3.0,5159481.0,61913778.0,2026-05,2026-07-12
(주)케이지디 정자주유소,False,,,,,,2026-07-12
(주)케이지디 코알라주유소,False,,,,,,2026-07-12
"(주)케이지아인인터내셔널(KZIA INTERNATIONAL CO.,Ltd)",False,,,,,,2026-07-12
(주)케이지에코,True,(주)케이지에코,27.0,4469556.0,53634667.0,2026-05,2026-07-12
(주)케이코렘,True,(주)케이코렘,5.0,3493867.0,41926400.0,2026-05,2026-07-12
(주)케이티무역,False,,,,,,2026-07-12
(주)케이티씨,False,,,,,,2026-07-12
(주)케이티씨에스,True,(주)케이티씨에스,8391.0,3090810.0,37089721.0,2026-05,2026-07-12
(주)케이티에스잡,False,,,,,,2026-07-12
(주)케이티예스,True,(주)케이티예스,32.0,2844812.0,34137750.0,2026-05,2026-07-12
(주)케이티팝스,True,(주)케이티팝스,378.0,3124329.0,37491951.0,2026-05,2026-07-12
(주)케이퓨어,True,(주)케이퓨어,109.0,2768532.0,33222385.0,2026-05,2026-07-12
(주)케이피나인,True,(주)케이피나인,19.0,3701942.0,44423298.0,2026-05,2026-07-12
(주)케이피세븐,False,,,,,,2026-07-12
(주)케이피엘,True,(주)케이피엘,9.0,2792247.0,33506963.0,2026-05,2026-07-12
(주)케이피텍,True,(주)케이피텍,82.0,4348363.0,52180358.0,2026-05,2026-07-12
(주)케이피티유,True,(주)케이피티유,44.0,4535475.0,54425697.0,2026-05,2026-07-12
(주)케이함,True,(주)케이함,10.0,3091578.0,37098933.0,2026-05,2026-07-12
(주)케잌 모아,False,,,,,,2026-07-12
(주)켐스필드코리아,True,(주)켐스필드코리아,52.0,3336556.0,40038667.0,2026-05,2026-07-12
(주)켐트로닉스,True,(주)켐트로닉스,630.0,4522344.0,54268123.0,2026-05,2026-07-12
(주)코넥,True,(주)코넥,9.0,3892667.0,46712000.0,2026-05,2026-07-12
(주)코덱트,False,,,,,,2026-07-12
(주)코럽시스템,False,,,,,,2026-07-12
(주)코레드,True,(주)코레드,20.0,3822067.0,45864800.0,2026-05,2026-07-12
(주)코로,True,(주)코로,7.0,3669778.0,44037333.0,2026-05,2026-07-12
(주)코리아 미트,False,,,,,,2026-07-12
(주)코리아사이언텍,True,(주)코리아사이언텍,11.0,4644909.0,55738909.0,2026-05,2026-07-12
(주)코리아스포츠,False,,,,,,2026-07-12
(주)코리아에너텍,True,(주)코리아에너텍,22.0,4352576.0,52230909.0,2026-05,2026-07-12
(주)코리아워터트롤,False,,,,,,2026-07-12
(주)코리아인더스,True,(주)코리아인더스,38.0,3196357.0,38356281.0,2026-05,2026-07-12
(주)코리아임팩트,True,(주)코리아임팩트,32.0,3826708.0,45920500.0,2026-05,2026-07-12
(주)코리아종합관리,True,(주)코리아종합관리,70.0,2524543.0,30294514.0,2026-05,2026-07-12
(주)코리아코프,True,(주)코리아코프,4.0,3975389.0,47704667.0,2026-05,2026-07-12
(주)코리아테크보령,False,,,,,,2026-07-12
(주)코리아팀버(백사지점),False,,,,,,2026-07-12
(주)코리안브로스,False,,,,,,2026-07-12
(주)코링텍,False,,,,,,2026-07-12
(주)코메스타,True,(주)코메스타,60.0,4384463.0,52613556.0,2026-05,2026-07-12
(주)코모텍,True,(주)코모텍,47.0,3483641.0,41803688.0,2026-05,2026-07-12
(주)코벡엔지니어링,True,(주)코벡엔지니어링,13.0,3540205.0,42482462.0,2026-05,2026-07-12
(주)코세스텍,True,(주)코세스텍,24.0,2807907.0,33694889.0,2026-05,2026-07-12
(주)코스텍피엠,False,,,,,,2026-07-12
(주)코아보이스,True,(주)코아보이스,5.0,4261378.0,51136533.0,2026-05,2026-07-12
(주)코아텍,True,(주)코아텍,16.0,4077069.0,48924833.0,2026-05,2026-07-12
(주)코앤코,True,(주)코앤코,54.0,3868099.0,46417185.0,2026-05,2026-07-12
(주)코어그린,True,(주)코어그린,15.0,3150370.0,37804444.0,2026-05,2026-07-12
(주)코어텍,True,(주)코어텍,11.0,3455253.0,41463030.0,2026-05,2026-07-12
(주)코엘텍,False,,,,,,2026-07-12
(주)코웍스,True,(주)코웍스,286.0,3162800.0,37953604.0,2026-05,2026-07-12
(주)코웰,True,(주)코웰,5.0,3330800.0,39969600.0,2026-05,2026-07-12
(주)코제(KOJE),False,,,,,,2026-07-12
(주)코텍,True,(주)코텍,278.0,5296584.0,63559012.0,2026-05,2026-07-12
(주)콘텐츠브릿지,True,(주)콘텐츠브릿지,88.0,3739593.0,44875121.0,2026-05,2026-07-12
(주)콘텐츠쿡,False,,,,,,2026-07-12
(주)콘포테크,False,,,,,,2026-07-12
(주)콜릭,True,(주)콜릭,3.0,4477259.0,53727111.0,2026-05,2026-07-12
(주)콤슨테크놀러지,False,,,,,,2026-07-12
(주)콤텍,False,,,,,,2026-07-12
(주)콤프코리아,True,(주)콤프코리아,23.0,3555614.0,42667362.0,2026-05,2026-07-12
(주)콩세알,False,,,,,,2026-07-12
(주)쿠앤코수비드,True,(주)쿠앤코수비드,6.0,2806000.0,33672000.0,2026-05,2026-07-12
(주)큐렉스전기,False,,,,,,2026-07-12
(주)큐맥스,True,(주)큐맥스,7.0,4980952.0,59771429.0,2026-05,2026-07-12
(주)큐브원코리아,True,(주)큐브원코리아,4.0,3003278.0,36039333.0,2026-05,2026-07-12
(주)큐씨에스,True,(주)큐씨에스,10.0,4530778.0,54369333.0,2026-05,2026-07-12
(주)큐원,True,(주)큐원,114.0,2884608.0,34615298.0,2026-05,2026-07-12
(주)큐텍코리아,True,(주)큐텍코리아,25.0,4542018.0,54504213.0,2026-05,2026-07-12
(주)큐팩,True,(주)큐팩,8.0,4112889.0,49354667.0,2026-05,2026-07-12
(주)크라운제과오산영업소,False,,,,,,2026-07-12
(주)크러텍,True,(주)크러텍,10.0,4040311.0,48483733.0,2026-05,2026-07-12
(주)크레아큐브,False,,,,,,2026-07-12
(주)크리스찬재가복지센터,False,,,,,,2026-07-12
(주)크린서비스,False,,,,,,2026-07-12
(주)크린코리아,True,(주)크린코리아,15.0,2424459.0,29093511.0,2026-05,2026-07-12
(주)크린텍종합관리,True,(주)크린텍종합관리,35.0,1815708.0,21788495.0,2026-05,2026-07-12
(주)크린토피아,True,(주)크린토피아,398.0,4005818.0,48069816.0,2026-05,2026-07-12
(주)크린환경케이제이,True,(주)크린환경케이제이,7.0,2283873.0,27406476.0,2026-05,2026-07-12
(주)클라우드나인오피스텔,False,,,,,,2026-07-12
(주)클로우,True,(주)클로우,7.0,3425683.0,41108190.0,2026-05,2026-07-12
(주)키트로닉스,False,,,,,,2026-07-12
(주)킨텍코리아,False,,,,,,2026-07-12
(주)킴스덴트,True,(주)킴스덴트,6.0,4747481.0,56969778.0,2026-05,2026-07-12
(주)킴스메디텍,True,(주)킴스메디텍,5.0,3489600.0,41875200.0,2026-05,2026-07-12
(주)타이어솔루션,False,,,,,,2026-07-12
(주)타크라보안,False,,,,,,2026-07-12
(주)탐스,False,,,,,,2026-07-12
(주)탑티엔에프,False,,,,,,2026-07-12
(주)태강,True,(주)태강,7.0,2806635.0,33679619.0,2026-05,2026-07-12
(주)태강티엠에스,True,(주)태강티엠에스,27.0,1762461.0,21149531.0,2026-05,2026-07-12
(주)태건상사,False,,,,,,2026-07-12
(주)태건정공,True,(주)태건정공,9.0,3325111.0,39901333.0,2026-05,2026-07-12
(주)태건테크,False,,,,,,2026-07-12
(주)태경세이프티,False,,,,,,2026-07-12
(주)태광경인원도우테크,False,,,,,,2026-07-12
(주)태광뉴텍,True,(주)태광뉴텍,34.0,4380641.0,52567686.0,2026-05,2026-07-12
(주)태광마텍스,False,,,,,,2026-07-12
(주)태광산업스틸,True,(주)태광산업스틸,4.0,2685833.0,32230000.0,2026-05,2026-07-12
(주)태광시스템,True,(주)태광시스템,5.0,3286889.0,39442667.0,2026-05,2026-07-12
(주)태광엔텍,True,(주)태광엔텍,9.0,3648988.0,43787852.0,2026-05,2026-07-12
(주)태광이노텍,False,,,,,,2026-07-12
(주)태광이엔씨,True,(주)태광이엔씨,3.0,2096296.0,25155556.0,2026-05,2026-07-12
(주)태광프랜트,True,(주)태광프랜트,11.0,3682586.0,44191030.0,2026-05,2026-07-12
(주)태광피에스티,True,(주)태광피에스티,6.0,4544444.0,54533333.0,2026-05,2026-07-12
(주)태극리사이클링,True,(주)태극리사이클링,10.0,3583111.0,42997333.0,2026-05,2026-07-12
(주)태남글로벌,False,,,,,,2026-07-12
(주)태동씨앤에스,False,,,,,,2026-07-12
(주)태림기업,True,(주)태림기업,5.0,4406667.0,52880000.0,2026-05,2026-07-12
(주)태림이앤에스,False,,,,,,2026-07-12
(주)태명기연,False,,,,,,2026-07-12
(주)태산엔지니어링,True,(주)태산엔지니어링,13.0,2123675.0,25484103.0,2026-05,2026-07-12
(주)태상글로벌,True,(주)태상글로벌,14.0,3062683.0,36752190.0,2026-05,2026-07-12
(주)태상물산,False,,,,,,2026-07-12
(주)태상산업,True,(주)태상산업,10.0,3527711.0,42332533.0,2026-05,2026-07-12
(주)태성공업,True,(주)태성공업,102.0,3476680.0,41720157.0,2026-05,2026-07-12
(주)태성비앤비,False,,,,,,2026-07-12
(주)태성산업,True,(주)태성산업,6.0,3216370.0,38596444.0,2026-05,2026-07-12
(주)태성산업기계,False,,,,,,2026-07-12
(주)태성산업도장,False,,,,,,2026-07-12
(주)태성솔루텍,True,(주)태성솔루텍,20.0,3013922.0,36167067.0,2026-05,2026-07-12
(주)태성코리아,False,,,,,,2026-07-12
(주)태성화학,True,(주)태성화학,9.0,2848642.0,34183704.0,2026-05,2026-07-12
(주)태승이엔지,False,,,,,,2026-07-12
(주)태양식품,False,,,,,,2026-07-12
(주)태양코아,False,,,,,,2026-07-12
(주)태영렉산,False,,,,,,2026-07-12
(주)태영산업,True,(주)태영산업,4.0,4014944.0,48179333.0,2026-05,2026-07-12
(주)태영피씨엠,False,,,,,,2026-07-12
(주)태우엔텍,True,(주)태우엔텍,3.0,3096296.0,37155556.0,2026-05,2026-07-12
(주)태원,True,(주)태원,43.0,5354517.0,64254202.0,2026-05,2026-07-12
(주)태원공조,False,,,,,,2026-07-12
(주)태원메탈,True,(주)태원메탈,8.0,3006444.0,36077333.0,2026-05,2026-07-12
(주)태원물류,True,(주)태원물류,3.0,4371333.0,52456000.0,2026-05,2026-07-12
(주)태원인더스트리,True,(주)태원인더스트리,24.0,2860213.0,34322556.0,2026-05,2026-07-12
(주)태음개발,True,(주)태음개발,8.0,4621944.0,55463333.0,2026-05,2026-07-12
(주)태인실리콘,False,,,,,,2026-07-12
(주)태인에프앤씨,False,,,,,,2026-07-12
(주)태일화학,False,,,,,,2026-07-12
(주)태재자동차공업사,False,,,,,,2026-07-12
(주)태주솔루션,False,,,,,,2026-07-12
(주)태창,True,(주)태창,3.0,2350370.0,28204444.0,2026-05,2026-07-12
(주)태크마,False,,,,,,2026-07-12
(주)태헌폴,True,(주)태헌폴,15.0,4077467.0,48929600.0,2026-05,2026-07-12
(주)태형산업,True,(주)태형산업,10.0,3578200.0,42938400.0,2026-05,2026-07-12
(주)태화물산,False,,,,,,2026-07-12
(주)태화에레마,False,,,,,,2026-07-12
(주)태화정밀,True,(주)태화정밀,16.0,3477056.0,41724667.0,2026-05,2026-07-12
(주)태효토건,True,(주)태효토건,8.0,3767333.0,45208000.0,2026-05,2026-07-12
(주)탱크마스타,True,(주)탱크마스타,18.0,4677741.0,56132889.0,2026-05,2026-07-12
(주)테라,True,(주)테라,3.0,3227481.0,38729778.0,2026-05,2026-07-12
(주)테스트테크,True,(주)테스트테크,182.0,4250364.0,51004366.0,2026-05,2026-07-12
(주)테크교역,False,,,,,,2026-07-12
(주)테크원,True,(주)테크원,17.0,5468758.0,65625098.0,2026-05,2026-07-12
(주)테크인코리아,False,,,,,,2026-07-12
(주)텐데이즈,True,(주)텐데이즈,13.0,4305846.0,51670154.0,2026-05,2026-07-12
(주)토문엔지니어링건축사무소,False,,,,,,2026-07-12
(주)토방건설,True,(주)토방건설,3.0,3570148.0,42841778.0,2026-05,2026-07-12
(주)토부리식품,False,,,,,,2026-07-12
(주)토스크,True,(주)토스크,52.0,3066872.0,36802462.0,2026-05,2026-07-12
(주)토탈안전관리,False,,,,,,2026-07-12
(주)토탈이엔지,False,,,,,,2026-07-12
(주)통인,False,,,,,,2026-07-12
(주)투판즈,True,(주)투판즈,74.0,3796742.0,45560901.0,2026-05,2026-07-12
(주)툴하우스,False,,,,,,2026-07-12
(주)튜브플러스,True,(주)튜브플러스,48.0,3786333.0,45436000.0,2026-05,2026-07-12
(주)트라이애드,False,,,,,,2026-07-12
(주)트루맨로직스,False,,,,,,2026-07-12
(주)트루엔,True,(주)트루엔,103.0,4395646.0,52747754.0,2026-05,2026-07-12
(주)트윈시스템,True,(주)트윈시스템,3.0,3999481.0,47993778.0,2026-05,2026-07-12
(주)트인종합건설,False,,,,,,2026-07-12
(주)특수용접봉,True,(주)특수용접봉,4.0,2954944.0,35459333.0,2026-05,2026-07-12
(주)특수정밀,True,(주)특수정밀,6.0,3330704.0,39968444.0,2026-05,2026-07-12
(주)티넷텔레콤,True,(주)티넷텔레콤,11.0,3784889.0,45418667.0,2026-05,2026-07-12
(주)티비엠컨설팅,True,(주)티비엠컨설팅,14.0,2959254.0,35511048.0,2026-05,2026-07-12
(주)티스틸,True,(주)티스틸,6.0,3980222.0,47762667.0,2026-05,2026-07-12
(주)티시스 아이티,False,,,,,,2026-07-12
(주)티시스태광컨트리클럽,False,,,,,,2026-07-12
(주)티쓰리컴퍼니,True,(주)티쓰리컴퍼니,56.0,2635468.0,31625619.0,2026-05,2026-07-12
(주)티씨팩,False,,,,,,2026-07-12
(주)티앤에스산업,False,,,,,,2026-07-12
(주)티앤에스자산관리,False,,,,,,2026-07-12
(주)티에스,True,(주)티에스,8.0,3227583.0,38731000.0,2026-05,2026-07-12
(주)티에스솔루션,False,,,,,,2026-07-12
(주)티에스엘씨,False,,,,,,2026-07-12
(주)티에스텍,True,(주)티에스텍,26.0,3618504.0,43422051.0,2026-05,2026-07-12
(주)티에이치,False,,,,,,2026-07-12
(주)티에이치서비스,False,,,,,,2026-07-12
(주)티에프씨랩,False,,,,,,2026-07-12
(주)티엔디,False,,,,,,2026-07-12
(주)티엔에스,True,(주)티엔에스,3.0,4267852.0,51214222.0,2026-05,2026-07-12
(주)티엔에스산업,True,(주)티엔에스산업,12.0,2912574.0,34950889.0,2026-05,2026-07-12
(주)티엔지,False,,,,,,2026-07-12
(주)티오에스,True,(주)티오에스,64.0,1911670.0,22940042.0,2026-05,2026-07-12
(주)티오에스코리아,True,(주)티오에스코리아,541.0,2494716.0,29936591.0,2026-05,2026-07-12
(주)티오피에스,True,(주)티오피에스,18.0,4243790.0,50925481.0,2026-05,2026-07-12
(주)티와이티씨,True,(주)티와이티씨,12.0,3713185.0,44558222.0,2026-05,2026-07-12
(주)티제이엠,False,,,,,,2026-07-12
(주)티지엠,False,,,,,,2026-07-12
(주)티티에스,True,(주)티티에스,181.0,3837637.0,46051639.0,2026-05,2026-07-12
(주)티팩,False,,,,,,2026-07-12
(주)티피지,True,(주)티피지,54.0,3646877.0,43762519.0,2026-05,2026-07-12
(주)파고인터내셔널,False,,,,,,2026-07-12
(주)파랑이엔지,False,,,,,,2026-07-12
(주)파마텍코리아,False,,,,,,2026-07-12
(주)파블로 메탈(PABLO METAL),False,,,,,,2026-07-12
(주)파스텔,False,,,,,,2026-07-12
(주)파워렉스코리아,False,,,,,,2026-07-12
(주)파워맥스,True,(주)파워맥스,90.0,4003106.0,48037274.0,2026-05,2026-07-12
(주)파워툴,True,(주)파워툴,18.0,3675741.0,44108889.0,2026-05,2026-07-12
(주)파이닉스알엔디,True,(주)파이닉스알엔디,219.0,4048463.0,48581553.0,2026-05,2026-07-12
(주)파인시스,False,,,,,,2026-07-12
"(주)파인알에스(Fine RS Co.,Ltd.)",False,,,,,,2026-07-12
(주)파주비앤알,False,,,,,,2026-07-12
(주)파트너스원,True,(주)파트너스원,32.0,2585771.0,31029250.0,2026-05,2026-07-12
(주)파트너스종합관리,False,,,,,,2026-07-12
(주)파티클폼텍,False,,,,,,2026-07-12
(주)파평종합물류,True,(주)파평종합물류,13.0,3464274.0,41571282.0,2026-05,2026-07-12
(주)팍스마케티나,True,(주)팍스마케티나,12.0,2085574.0,25026889.0,2026-05,2026-07-12
(주)판촉사랑,False,,,,,,2026-07-12
(주)팔도렌트카,False,,,,,,2026-07-12
(주)팔팔종합건설,False,,,,,,2026-07-12
(주)패스인터내셔날,False,,,,,,2026-07-12
(주)팩스타,False,,,,,,2026-07-12
(주)팬스타엔터프라이즈,True,(주)팬스타엔터프라이즈,19.0,4027064.0,48324772.0,2026-05,2026-07-12
(주)퍼스트데이터인천지사오케이정보,False,,,,,,2026-07-12
(주)퍼스트미트,False,,,,,,2026-07-12
(주)퍼플나무,True,(주)퍼플나무,8.0,2436556.0,29238667.0,2026-05,2026-07-12
(주)펀포레스트 노원지점,True,(주)펀포레스트 노원지점,4.0,3800000.0,45600000.0,2026-05,2026-07-12
(주)페이지21,False,,,,,,2026-07-12
(주)페이퍼그린,False,,,,,,2026-07-12
(주)페이퍼월드,False,,,,,,2026-07-12
(주)펫신드룸,True,(주)펫신드룸,19.0,2459743.0,29516912.0,2026-05,2026-07-12
(주)펫앤에이치코리아,False,,,,,,2026-07-12
(주)펫퍼스,False,,,,,,2026-07-12
(주)평강엔지니어링,True,(주)평강엔지니어링,9.0,2246173.0,26954074.0,2026-05,2026-07-12
(주)평광건설,True,(주)평광건설,7.0,4674984.0,56099810.0,2026-05,2026-07-12
(주)평산기공,False,,,,,,2026-07-12
(주)평일건설,True,(주)평일건설,10.0,2717044.0,32604533.0,2026-05,2026-07-12
(주)평일일레콤,True,(주)평일일레콤,7.0,2544571.0,30534857.0,2026-05,2026-07-12
(주)평화,True,(주)평화,8.0,2693361.0,32320333.0,2026-05,2026-07-12
(주)평화아름,False,,,,,,2026-07-12
(주)평화자원,False,,,,,,2026-07-12
(주)포레스코,False,,,,,,2026-07-12
(주)포레아,True,(주)포레아,7.0,3352063.0,40224762.0,2026-05,2026-07-12
(주)포스,False,,,,,,2026-07-12
(주)포스버,False,,,,,,2026-07-12
(주)포스켐,False,,,,,,2026-07-12
(주)포스텍,True,(주)포스텍,58.0,3301119.0,39613425.0,2026-05,2026-07-12
(주)포위스,True,(주)포위스,12.0,4872648.0,58471778.0,2026-05,2026-07-12
(주)메디탁,True,(주)메디탁,16.0,2139736.0,25676833.0,2026-05,2026-07-12
(주)예일문화사,False,,,,,,2026-07-12
(주)포인트이앤씨,False,,,,,,2026-07-12
(주)포트서비스,False,,,,,,2026-07-12
(주)폴리원뉴테크,True,(주)폴리원뉴테크,18.0,3220926.0,38651111.0,2026-05,2026-07-12
(주)폴리원테크놀로지,True,(주)폴리원테크놀로지,24.0,4664769.0,55977222.0,2026-05,2026-07-12
(주)폴메디,False,,,,,,2026-07-12
(주)푸드스토리,True,(주)푸드스토리,12.0,3251537.0,39018444.0,2026-05,2026-07-12
(주)푸드스토어,False,,,,,,2026-07-12
(주)푸드에스엠,False,,,,,,2026-07-12
(주)푸디스엘엔에프,False,,,,,,2026-07-12
(주)푸르다산림조경,False,,,,,,2026-07-12
(주)푸른,True,(주)푸른,3.0,2734148.0,32809778.0,2026-05,2026-07-12
(주)푸른들,True,(주)푸른들,6.0,2816185.0,33794222.0,2026-05,2026-07-12
(주)푸른솔가든,False,,,,,,2026-07-12
(주)푸른솔환경,False,,,,,,2026-07-12
(주)푸른철강,False,,,,,,2026-07-12
(주)풍경,True,(주)풍경,24.0,3244759.0,38937111.0,2026-05,2026-07-12
(주)풍년환경건설,True,(주)풍년환경건설,3.0,2481185.0,29774222.0,2026-05,2026-07-12
(주)풍림정공,False,,,,,,2026-07-12
(주)풍산마루,False,,,,,,2026-07-12
(주)풍원테크,False,,,,,,2026-07-12
(주)프라임시티,True,(주)프라임시티,7.0,2173937.0,26087238.0,2026-05,2026-07-12
(주)프렌즈에스앤디(지점),False,,,,,,2026-07-12
(주)프로메나드,True,(주)프로메나드,6.0,2488074.0,29856889.0,2026-05,2026-07-12
(주)프로메이드,False,,,,,,2026-07-12
(주)프로에스콤,True,(주)프로에스콤,4913.0,3033843.0,36406117.0,2026-05,2026-07-12
(주)프로에이콤,True,(주)프로에이콤,62.0,2726871.0,32722452.0,2026-05,2026-07-12
(주)프롬에스,False,,,,,,2026-07-12
(주)프리엠텍,True,(주)프리엠텍,4.0,4031833.0,48382000.0,2026-05,2026-07-12
(주)플라소스,False,,,,,,2026-07-12
(주)플러스 에듀쎈,False,,,,,,2026-07-12
(주)플러스팩,True,(주)플러스팩,5.0,2903111.0,34837333.0,2026-05,2026-07-12
(주)피스푸드(PEACEFOOD),False,,,,,,2026-07-12
(주)피앙,True,(주)피앙,6.0,2141111.0,25693333.0,2026-05,2026-07-12
(주)피앤씨산업,False,,,,,,2026-07-12
(주)피앤아이휴먼코리아,True,(주)피앤아이휴먼코리아,14.0,3778619.0,45343429.0,2026-05,2026-07-12
(주)피에스네트웍스,False,,,,,,2026-07-12
(주)피에스테크,True,(주)피에스테크,7.0,3876381.0,46516571.0,2026-05,2026-07-12
(주)피에이지 플렉스 안성공장,False,,,,,,2026-07-12
(주)피에이치코리아,False,,,,,,2026-07-12
(주)피에프피,False,,,,,,2026-07-12
(주)피엔지,False,,,,,,2026-07-12
(주)피엠씨테크,True,(주)피엠씨테크,9.0,4441457.0,53297481.0,2026-05,2026-07-12
(주)피엠아이,True,(주)피엠아이,16.0,3003139.0,36037667.0,2026-05,2026-07-12
(주)피엠케이,False,,,,,,2026-07-12
(주)피엠케이산업,True,(주)피엠케이산업,24.0,2312537.0,27750444.0,2026-05,2026-07-12
(주)피엠티이노베이션,True,(주)피엠티이노베이션,4.0,4347778.0,52173333.0,2026-05,2026-07-12
(주)피엠피티,True,(주)피엠피티,22.0,2988545.0,35862545.0,2026-05,2026-07-12
(주)피오씨안산지점,True,(주)피오씨안산지점,10.0,4591267.0,55095200.0,2026-05,2026-07-12
(주)피유텍,True,(주)피유텍,13.0,3417299.0,41007590.0,2026-05,2026-07-12
(주)피제이알텍,True,(주)피제이알텍,25.0,6049120.0,72589440.0,2026-05,2026-07-12
(주)피지오스틸,False,,,,,,2026-07-12
(주)피케이와이,True,(주)피케이와이,6.0,1994407.0,23932889.0,2026-05,2026-07-12
(주)피티앤케이,True,(주)피티앤케이,85.0,2746324.0,32955890.0,2026-05,2026-07-12
(주)피티에이공조,False,,,,,,2026-07-12
(주)필립이엔씨,True,(주)필립이엔씨,13.0,2741299.0,32895590.0,2026-05,2026-07-12
(주)필유통,True,(주)필유통,3.0,2965407.0,35584889.0,2026-05,2026-07-12
(주)필테크소재,False,,,,,,2026-07-12
(주)핌코리아,False,,,,,,2026-07-12
(주)하나금속,True,(주)하나금속,94.0,4484199.0,53810383.0,2026-05,2026-07-12
(주)하나로샤시,True,(주)하나로샤시,23.0,4623874.0,55486493.0,2026-05,2026-07-12
(주)하나밸리요양원,True,(주)하나밸리요양원,11.0,2406707.0,28880485.0,2026-05,2026-07-12
(주)하나산업,True,(주)하나산업,10.0,3782400.0,45388800.0,2026-05,2026-07-12
(주)하나에드텍,False,,,,,,2026-07-12
(주)하나에스엔씨,True,(주)하나에스엔씨,11.0,3761091.0,45133091.0,2026-05,2026-07-12
(주)하나전력기술단,True,(주)하나전력기술단,7.0,2671270.0,32055238.0,2026-05,2026-07-12
(주)하나정공,True,(주)하나정공,21.0,3886656.0,46639873.0,2026-05,2026-07-12
(주)하나정밀,True,(주)하나정밀,7.0,4215206.0,50582476.0,2026-05,2026-07-12
(주)하나조명,False,,,,,,2026-07-12
(주)하나텍,True,(주)하나텍,3.0,2146296.0,25755556.0,2026-05,2026-07-12
(주)하나푸드시스템,False,,,,,,2026-07-12
(주)하나플랜트,True,(주)하나플랜트,30.0,3783156.0,45397867.0,2026-05,2026-07-12
(주)하나피엔씨,False,,,,,,2026-07-12
(주)하넬,True,(주)하넬,9.0,3927877.0,47134519.0,2026-05,2026-07-12
(주)하늘청과,False,,,,,,2026-07-12
(주)하늬테크,False,,,,,,2026-07-12
(주)하우징테크큐알에스,True,(주)하우징테크큐알에스,7.0,4069429.0,48833143.0,2026-05,2026-07-12
(주)하이모수원지점,False,,,,,,2026-07-12
(주)하이모잠실지점,False,,,,,,2026-07-12
(주)하이온이엔지,False,,,,,,2026-07-12
(주)하이원,True,(주)하이원,11.0,3137152.0,37645818.0,2026-05,2026-07-12
(주)하이원테크,True,(주)하이원테크,4.0,1878000.0,22536000.0,2026-05,2026-07-12
(주)하이존FNC,False,,,,,,2026-07-12
(주)하이텍환경,True,(주)하이텍환경,81.0,4080809.0,48969712.0,2026-05,2026-07-12
(주)하이템,True,(주)하이템,3.0,5550000.0,66600000.0,2026-05,2026-07-12
(주)하이파킹,False,,,,,,2026-07-12
(주)하이팩시스템,False,,,,,,2026-07-12
(주)하인스,True,(주)하인스,3.0,4117926.0,49415111.0,2026-05,2026-07-12
(주)하트웰,False,,,,,,2026-07-12
(주)하퍼스,True,(주)하퍼스,23.0,3256106.0,39073275.0,2026-05,2026-07-12
(주)한가득식품,True,(주)한가득식품,6.0,3104667.0,37256000.0,2026-05,2026-07-12
(주)한강엔지니어링,True,(주)한강엔지니어링,4.0,4119778.0,49437333.0,2026-05,2026-07-12
(주)한강자동차,False,,,,,,2026-07-12
(주)한강티에스,True,(주)한강티에스,65.0,1878126.0,22537518.0,2026-05,2026-07-12
(주)한결디씨에스,False,,,,,,2026-07-12
(주)한결에이엠,True,(주)한결에이엠,80.0,3284264.0,39411167.0,2026-05,2026-07-12
(주)한경,True,(주)한경,3.0,2807704.0,33692444.0,2026-05,2026-07-12
(주)한경화학,False,,,,,,2026-07-12
(주)한국AV,False,,,,,,2026-07-12
(주)한국NSD,False,,,,,,2026-07-12
(주)한국감염관리본부,True,(주)한국감염관리본부,24.0,3574593.0,42895111.0,2026-05,2026-07-12
(주)한국건설공법,True,(주)한국건설공법,11.0,4797253.0,57567030.0,2026-05,2026-07-12
(주)한국경량레일,False,,,,,,2026-07-12
(주)한국고벨에이치앤씨,False,,,,,,2026-07-12
(주)한국고용정보,True,(주)한국고용정보,1044.0,2340146.0,28081747.0,2026-05,2026-07-12
(주)한국고유식물연구소,False,,,,,,2026-07-12
(주)한국공원개발,False,,,,,,2026-07-12
(주)한국공조엔지니어링,False,,,,,,2026-07-12
(주)한국관리서비스,False,,,,,,2026-07-12
(주)한국금형열처리,True,(주)한국금형열처리,17.0,3925085.0,47101020.0,2026-05,2026-07-12
(주)한국기계엔지니어링,True,(주)한국기계엔지니어링,4.0,4496611.0,53959333.0,2026-05,2026-07-12
(주)한국나노정밀,True,(주)한국나노정밀,35.0,4982444.0,59789333.0,2026-05,2026-07-12
(주)한국나노텍,True,(주)한국나노텍,20.0,3572967.0,42875600.0,2026-05,2026-07-12
(주)한국데리카후레쉬,False,,,,,,2026-07-12
(주)한국로드산업,True,(주)한국로드산업,7.0,2608540.0,31302476.0,2026-05,2026-07-12
(주)한국바이브로기술연구소,False,,,,,,2026-07-12
(주)한국스틸웨어,False,,,,,,2026-07-12
(주)한국스포터성북지점돈암교육문화원,False,,,,,,2026-07-12
(주)한국승강기A/S센타,False,,,,,,2026-07-12
(주)한국안전,True,(주)한국안전,11.0,3496364.0,41956364.0,2026-05,2026-07-12
(주)한국안전가스,False,,,,,,2026-07-12
(주)한국에너팜,False,,,,,,2026-07-12
(주)한국에스웨이,True,(주)한국에스웨이,271.0,2837754.0,34053048.0,2026-05,2026-07-12
(주)한국에어론,True,(주)한국에어론,13.0,3717128.0,44605538.0,2026-05,2026-07-12
(주)한국에프엠,True,(주)한국에프엠,73.0,3077297.0,36927562.0,2026-05,2026-07-12
(주)한국연안환경생태연구소,False,,,,,,2026-07-12
(주)한국오탁스,False,,,,,,2026-07-12
(주)한국오토엠,True,(주)한국오토엠,14.0,2743381.0,32920571.0,2026-05,2026-07-12
(주)한국육계유통,True,(주)한국육계유통,51.0,3676031.0,44112366.0,2026-05,2026-07-12
(주)한국이노팩,False,,,,,,2026-07-12
(주)한국전관,True,(주)한국전관,15.0,2229941.0,26759289.0,2026-05,2026-07-12
(주)한국전자,True,(주)한국전자,3.0,2288667.0,27464000.0,2026-05,2026-07-12
(주)한국천주금속(일본센주금속),False,,,,,,2026-07-12
(주)한국커리어서치,True,(주)한국커리어서치,76.0,2552260.0,30627123.0,2026-05,2026-07-12
(주)한국탑렌탈,False,,,,,,2026-07-12
(주)한국툴모니터링,True,(주)한국툴모니터링,4.0,4827222.0,57926667.0,2026-05,2026-07-12
(주)한국프라켐,True,(주)한국프라켐,32.0,2986715.0,35840583.0,2026-05,2026-07-12
(주)한국화섬,True,(주)한국화섬,4.0,3844222.0,46130667.0,2026-05,2026-07-12
(주)한국환경관리공사,False,,,,,,2026-07-12
(주)한국환경종합건축사사무소,True,(주)한국환경종합건축사사무소,66.0,4512296.0,54147556.0,2026-05,2026-07-12
(주)한길에이치씨,False,,,,,,2026-07-12
(주)한나케어,False,,,,,,2026-07-12
(주)한누리MTD,False,,,,,,2026-07-12
(주)한누리공조,False,,,,,,2026-07-12
(주)한누리푸드,False,,,,,,2026-07-12
(주)한덕 이엔지,False,,,,,,2026-07-12
(주)한덕산업,True,(주)한덕산업,20.0,5018022.0,60216267.0,2026-05,2026-07-12
(주)한라,True,(주)한라,11.0,3427596.0,41131152.0,2026-05,2026-07-12
(주)한마당,True,(주)한마당,4.0,2124556.0,25494667.0,2026-05,2026-07-12
(주)한맥홈푸드,False,,,,,,2026-07-12
(주)한미기술,True,(주)한미기술,304.0,3002382.0,36028579.0,2026-05,2026-07-12
(주)한미로지스틱스,False,,,,,,2026-07-12
(주)한미이엔씨,True,(주)한미이엔씨,16.0,3506389.0,42076667.0,2026-05,2026-07-12
(주)한백정밀,False,,,,,,2026-07-12
(주)한백중전기,True,(주)한백중전기,3.0,4086741.0,49040889.0,2026-05,2026-07-12
(주)한빛레이저텍,False,,,,,,2026-07-12
(주)한빛종합관리,True,(주)한빛종합관리,13.0,3203624.0,38443487.0,2026-05,2026-07-12
(주)한빛티에스,False,,,,,,2026-07-12
(주)한빛푸드,True,(주)한빛푸드,13.0,2899897.0,34798769.0,2026-05,2026-07-12
(주)한살림우리밀제과,True,(주)한살림우리밀제과,41.0,3628672.0,43544065.0,2026-05,2026-07-12
(주)한샘지에스,False,,,,,,2026-07-12
(주)한생계기,False,,,,,,2026-07-12
(주)한선팩키지,True,(주)한선팩키지,31.0,4359398.0,52312774.0,2026-05,2026-07-12
(주)한성 I.N.D,False,,,,,,2026-07-12
(주)한성세영비엔에이,False,,,,,,2026-07-12
(주)한성소방,False,,,,,,2026-07-12
(주)한성스틸레이져,True,(주)한성스틸레이져,8.0,4036667.0,48440000.0,2026-05,2026-07-12
(주)한성실업,True,(주)한성실업,37.0,3895159.0,46741910.0,2026-05,2026-07-12
(주)한성씨앤씨,True,(주)한성씨앤씨,3.0,4438519.0,53262222.0,2026-05,2026-07-12
(주)한성안전,False,,,,,,2026-07-12
(주)한성엠에스,True,(주)한성엠에스,521.0,2421909.0,29062910.0,2026-05,2026-07-12
(주)한성이엠아이,False,,,,,,2026-07-12
(주)한솔에프엑스,False,,,,,,2026-07-12
(주)한솔엠에스,False,,,,,,2026-07-12
(주)한송에이치티에스,True,(주)한송에이치티에스,10.0,2351267.0,28215200.0,2026-05,2026-07-12
(주)한승인터내쇼날,True,(주)한승인터내쇼날,13.0,3082325.0,36987897.0,2026-05,2026-07-12
(주)한신네트웍스,False,,,,,,2026-07-12
(주)한신정공,True,(주)한신정공,10.0,3227289.0,38727467.0,2026-05,2026-07-12
(주)한양교역,True,(주)한양교역,6.0,4122037.0,49464444.0,2026-05,2026-07-12
(주)한양기전,False,,,,,,2026-07-12
(주)한양세미텍,False,,,,,,2026-07-12
(주)한양시스템,True,(주)한양시스템,17.0,3413673.0,40964078.0,2026-05,2026-07-12
(주)한양에프앤이,False,,,,,,2026-07-12
(주)한양유통,True,(주)한양유통,3.0,2196148.0,26353778.0,2026-05,2026-07-12
(주)한양유화,True,(주)한양유화,10.0,3629978.0,43559733.0,2026-05,2026-07-12
(주)한양인더스트리,True,(주)한양인더스트리,56.0,5950079.0,71400952.0,2026-05,2026-07-12
(주)한얼환경산업,False,,,,,,2026-07-12
(주)한영나염,False,,,,,,2026-07-12
(주)한영방제,True,(주)한영방제,4.0,1881722.0,22580667.0,2026-05,2026-07-12
(주)한영에너지,False,,,,,,2026-07-12
(주)한우리시스템,False,,,,,,2026-07-12
(주)한우리식품,True,(주)한우리식품,21.0,3349429.0,40193143.0,2026-05,2026-07-12
(주)한우리종합컨설팅,True,(주)한우리종합컨설팅,403.0,2174378.0,26092533.0,2026-05,2026-07-12
(주)한울,True,(주)한울,8.0,2905278.0,34863333.0,2026-05,2026-07-12
(주)한울공업사,True,(주)한울공업사,7.0,4452127.0,53425524.0,2026-05,2026-07-12
(주)한울레이져,False,,,,,,2026-07-12
(주)한울티엠,True,(주)한울티엠,12.0,2531333.0,30376000.0,2026-05,2026-07-12
(주)한울티피오씨,True,(주)한울티피오씨,4.0,2066167.0,24794000.0,2026-05,2026-07-12
(주)한유산업,True,(주)한유산업,13.0,3582684.0,42992205.0,2026-05,2026-07-12
(주)한인컨설팅,False,,,,,,2026-07-12
(주)한일레이저,False,,,,,,2026-07-12
(주)한일문화사,True,(주)한일문화사,15.0,3891393.0,46696711.0,2026-05,2026-07-12
(주)한일판금속,False,,,,,,2026-07-12
(주)한주MB,False,,,,,,2026-07-12
(주)한주금형앤사출,False,,,,,,2026-07-12
(주)한중이엔지,False,,,,,,2026-07-12
(주)한진엔지니어링,False,,,,,,2026-07-12
(주)한진테크,True,(주)한진테크,14.0,4508651.0,54103810.0,2026-05,2026-07-12
(주)한창,True,(주)한창,4.0,3580389.0,42964667.0,2026-05,2026-07-12
(주)한창기업,False,,,,,,2026-07-12
(주)한탑,False,,,,,,2026-07-12
(주)한터사랑건설부문,False,,,,,,2026-07-12
(주)한화알미늄창호,False,,,,,,2026-07-12
(주)한화종합기술단,False,,,,,,2026-07-12
(주)할리스에프앤비,False,,,,,,2026-07-12
(주)함께종합건설,False,,,,,,2026-07-12
(주)함께하는숲,False,,,,,,2026-07-12
(주)함께향남실버케어센터,False,,,,,,2026-07-12
(주)함평원,False,,,,,,2026-07-12
(주)합성자동차,True,(주)합성자동차,18.0,3617926.0,43415111.0,2026-05,2026-07-12
(주)합정마트,False,,,,,,2026-07-12
(주)핫스타코리아,False,,,,,,2026-07-12
(주)해리앤선스,False,,,,,,2026-07-12
(주)해맑은통합복지센터,True,(주)해맑은통합복지센터,8.0,2483306.0,29799667.0,2026-05,2026-07-12
(주)해맛,True,(주)해맛,13.0,3108547.0,37302564.0,2026-05,2026-07-12
(주)해성물산,True,(주)해성물산,6.0,3247037.0,38964444.0,2026-05,2026-07-12
(주)해인종합관리,False,,,,,,2026-07-12
(주)해인하이테크,False,,,,,,2026-07-12
(주)해창,True,(주)해창,6.0,3754889.0,45058667.0,2026-05,2026-07-12
(주)해천,True,(주)해천,18.0,4136840.0,49642074.0,2026-05,2026-07-12
(주)해청F&G,False,,,,,,2026-07-12
(주)해피라이프,False,,,,,,2026-07-12
(주)해피엘앤비,False,,,,,,2026-07-12
(주)해피케어,True,(주)해피케어,4.0,3683833.0,44206000.0,2026-05,2026-07-12
(주)해피푸드다은,False,,,,,,2026-07-12
(주)행복,False,,,,,,2026-07-12
(주)행복나라,False,,,,,,2026-07-12
(주)행복드림복지센터,False,,,,,,2026-07-12
(주)행복운수,True,(주)행복운수,3.0,3058222.0,36698667.0,2026-05,2026-07-12
(주)행복의집,False,,,,,,2026-07-12
(주)행성식품,False,,,,,,2026-07-12
(주)허브테라피,False,,,,,,2026-07-12
(주)헤드라인컴,True,(주)헤드라인컴,18.0,3830988.0,45971852.0,2026-05,2026-07-12
(주)헤로스테크,False,,,,,,2026-07-12
(주)헤세드코리아,False,,,,,,2026-07-12
(주)헨나디자인,False,,,,,,2026-07-12
(주)혁산정보시스템,True,(주)혁산정보시스템,44.0,4844101.0,58129212.0,2026-05,2026-07-12
(주)혁성에스앤씨,True,(주)혁성에스앤씨,8.0,3773694.0,45284333.0,2026-05,2026-07-12
(주)현대가스텍,False,,,,,,2026-07-12
(주)현대관리시스템즈,False,,,,,,2026-07-12
(주)현대기업,True,(주)현대기업,3.0,4184815.0,50217778.0,2026-05,2026-07-12
(주)현대문예,True,(주)현대문예,23.0,4296300.0,51555594.0,2026-05,2026-07-12
(주)현대밸브,False,,,,,,2026-07-12
(주)현대스텐레스,False,,,,,,2026-07-12
(주)현대에너텍,False,,,,,,2026-07-12
(주)현대에쓰앤에쓰,True,(주)현대에쓰앤에쓰,1447.0,2620055.0,31440665.0,2026-05,2026-07-12
(주)현대와코텍,False,,,,,,2026-07-12
(주)현대워터텍,False,,,,,,2026-07-12
(주)현대인더스트리,True,(주)현대인더스트리,5.0,3320889.0,39850667.0,2026-05,2026-07-12
(주)현대자원,False,,,,,,2026-07-12
(주)현대종합관리,True,(주)현대종합관리,42.0,1722328.0,20667937.0,2026-05,2026-07-12
(주)현대주방금속,False,,,,,,2026-07-12
(주)현대캐터링시스템,False,,,,,,2026-07-12
(주)현대하우시스홀딩스,False,,,,,,2026-07-12
(주)현대하이캅,False,,,,,,2026-07-12
(주)현명승강기,True,(주)현명승강기,4.0,3167611.0,38011333.0,2026-05,2026-07-12
(주)현명에너지,True,(주)현명에너지,6.0,5173222.0,62078667.0,2026-05,2026-07-12
(주)현민,True,(주)현민,4.0,2382833.0,28594000.0,2026-05,2026-07-12
(주)현성건설,True,(주)현성건설,19.0,3154281.0,37851368.0,2026-05,2026-07-12
(주)현우이엔지,True,(주)현우이엔지,19.0,3961485.0,47537825.0,2026-05,2026-07-12
(주)현윤개발,True,(주)현윤개발,32.0,4277319.0,51327833.0,2026-05,2026-07-12
(주)현일,True,(주)현일,3.0,4440963.0,53291556.0,2026-05,2026-07-12
(주)현진금속,False,,,,,,2026-07-12
(주)현진미트,True,(주)현진미트,4.0,4120222.0,49442667.0,2026-05,2026-07-12
(주)현진에프티,False,,,,,,2026-07-12
(주)현진캐스트,False,,,,,,2026-07-12
(주)현진캐스트제2공장,True,(주)현진캐스트제2공장,14.0,3254381.0,39052571.0,2026-05,2026-07-12
(주)현진테크,True,(주)현진테크,7.0,2985841.0,35830095.0,2026-05,2026-07-12
(주)현테크,True,(주)현테크,25.0,2084053.0,25008640.0,2026-05,2026-07-12
(주)협성,True,(주)협성,30.0,2639230.0,31670756.0,2026-05,2026-07-12
(주)협진엔지니어링,True,(주)협진엔지니어링,8.0,4395889.0,52750667.0,2026-05,2026-07-12
(주)협진정공,True,(주)협진정공,46.0,3386464.0,40637565.0,2026-05,2026-07-12
(주)형제기계,False,,,,,,2026-07-12
(주)형제정밀,False,,,,,,2026-07-12
(주)형진열처리,False,,,,,,2026-07-12
(주)혜성기업,True,(주)혜성기업,15.0,4438459.0,53261511.0,2026-05,2026-07-12
(주)혜성코리아,True,(주)혜성코리아,4.0,2880778.0,34569333.0,2026-05,2026-07-12
(주)혜승,True,(주)혜승,6.0,3977259.0,47727111.0,2026-05,2026-07-12
(주)혜암,True,(주)혜암,14.0,2710476.0,32525714.0,2026-05,2026-07-12
(주)혜창,True,(주)혜창,33.0,3761340.0,45136081.0,2026-05,2026-07-12
(주)호경정밀산업,True,(주)호경정밀산업,7.0,3833111.0,45997333.0,2026-05,2026-07-12
(주)호민종합관리,False,,,,,,2026-07-12
(주)호산기술,False,,,,,,2026-07-12
(주)호산서비스,True,(주)호산서비스,506.0,2804256.0,33651078.0,2026-05,2026-07-12
(주)호서교육문화(서울공과전기학원),False,,,,,,2026-07-12
(주)호성테크,True,(주)호성테크,22.0,3928697.0,47144364.0,2026-05,2026-07-12
(주)호승코리아,False,,,,,,2026-07-12
(주)호원이엔지,False,,,,,,2026-07-12
(주)호진이엔지,True,(주)호진이엔지,6.0,3003852.0,36046222.0,2026-05,2026-07-12
(주)호진플라텍,True,(주)호진플라텍,43.0,4124269.0,49491225.0,2026-05,2026-07-12
(주)호텔휴,False,,,,,,2026-07-12
(주)홈그린아셀,False,,,,,,2026-07-12
(주)홈스웰,True,(주)홈스웰,432.0,2637381.0,31648574.0,2026-05,2026-07-12
(주)홈시스,False,,,,,,2026-07-12
(주)홋가이도푸즈,False,,,,,,2026-07-12
(주)홍익에이드,True,(주)홍익에이드,118.0,2417800.0,29013605.0,2026-05,2026-07-12
(주)화성리사이클링,True,(주)화성리사이클링,9.0,4414963.0,52979556.0,2026-05,2026-07-12
(주)화성산업개발,True,(주)화성산업개발,4.0,1998944.0,23987333.0,2026-05,2026-07-12
(주)화성써모,True,(주)화성써모,87.0,3588731.0,43064766.0,2026-05,2026-07-12
(주)화성이엔지,False,,,,,,2026-07-12
(주)화영테크,False,,,,,,2026-07-12
(주)화이온방재,True,(주)화이온방재,15.0,2770385.0,33244622.0,2026-05,2026-07-12
(주)화인상사,False,,,,,,2026-07-12
(주)화인엠텍,False,,,,,,2026-07-12
(주)화인인터내셔날,False,,,,,,2026-07-12
(주)화인코리아,True,(주)화인코리아,23.0,4140271.0,49683246.0,2026-05,2026-07-12
(주)화준건설,True,(주)화준건설,6.0,4008037.0,48096444.0,2026-05,2026-07-12
(주)화진,True,(주)화진,66.0,5026256.0,60315071.0,2026-05,2026-07-12
(주)화진몰테크,False,,,,,,2026-07-12
(주)환경음향연구소,False,,,,,,2026-07-12
(주)환덕전자,True,(주)환덕전자,39.0,3530217.0,42362598.0,2026-05,2026-07-12
(주)환성산업,False,,,,,,2026-07-12
(주)활기찬중부관광,False,,,,,,2026-07-12
(주)효경재가복지센터,True,(주)효경재가복지센터,9.0,1750444.0,21005333.0,2026-05,2026-07-12
(주)효남,True,(주)효남,47.0,2701485.0,32417816.0,2026-05,2026-07-12
(주)효덕산업,True,(주)효덕산업,5.0,2810222.0,33722667.0,2026-05,2026-07-12
(주)효명종합관리,False,,,,,,2026-07-12
(주)효사랑노인복지센터,True,(주)효사랑노인복지센터,4.0,1946889.0,23362667.0,2026-05,2026-07-12
(주)효산LPL,False,,,,,,2026-07-12
(주)효성알씨디,False,,,,,,2026-07-12
(주)효진알이씨,False,,,,,,2026-07-12
(주)효창전기,True,(주)효창전기,56.0,2793317.0,33519810.0,2026-05,2026-07-12
(주)후레씨네코리아,False,,,,,,2026-07-12
(주)후로웰,False,,,,,,2026-07-12
(주)후식,True,(주)후식,3.0,2658222.0,31898667.0,2026-05,2026-07-12
(주)훈시스템,False,,,,,,2026-07-12
(주)휘일라이팅,False,,,,,,2026-07-12
(주)휘일화성공장,False,,,,,,2026-07-12
(주)휴먼닷컴,False,,,,,,2026-07-12
(주)휴먼솔루션,False,,,,,,2026-07-12
(주)휴먼앤테크놀로지,False,,,,,,2026-07-12
(주)휴먼에스엔피,True,(주)휴먼에스엔피,29.0,3153349.0,37840184.0,2026-05,2026-07-12
(주)휴먼이솔루션,False,,,,,,2026-07-12
(주)휴먼잡트러스트,False,,,,,,2026-07-12
(주)휴먼케어,True,(주)휴먼케어,10.0,3373444.0,40481333.0,2026-05,2026-07-12
(주)휴먼토탈서비스,False,,,,,,2026-07-12
(주)휴먼하이텍,False,,,,,,2026-07-12
(주)휴본,False,,,,,,2026-07-12
(주)휴빅스,False,,,,,,2026-07-12
(주)흥덕이앤피,True,(주)흥덕이앤피,5.0,4190889.0,50290667.0,2026-05,2026-07-12
(주)흥일기업,True,(주)흥일기업,28.0,1970873.0,23650476.0,2026-05,2026-07-12
(주)희망일터,False,,,,,,2026-07-12
(주)힘멘테크,True,(주)힘멘테크,21.0,3286931.0,39443175.0,2026-05,2026-07-12
(주식회사)아이원씨앤씨,False,,,,,,2026-07-12
(주）보스트,False,,,,,,2026-07-12
(합)베스트투어,False,,,,,,2026-07-12
(합)비봉관광여행사,False,,,,,,2026-07-12
(합자)청북농업회사,False,,,,,,2026-07-12
(합자)평촌,True,(합자)평촌,9.0,5953383.0,71440593.0,2026-05,2026-07-12
(협)사랑방데이케어센터,True,(협)사랑방데이케어센터,15.0,2237896.0,26854756.0,2026-05,2026-07-12
++산들방문요양센터,False,,,,,,2026-07-12
+실로암방문요양센터,False,,,,,,2026-07-12
1004엔젤스방문요양센터,False,,,,,,2026-07-12
1004재가복지센터,True,1004재가복지센터,4.0,1230778.0,14769333.0,2026-05,2026-07-12
100년한방병원,True,100년한방병원,12.0,2903796.0,34845556.0,2026-05,2026-07-12
100세 따듯한손 노인방문요양센터,False,,,,,,2026-07-12
100세누리방문요양센터,True,100세누리방문요양센터,13.0,1143846.0,13726154.0,2026-05,2026-07-12
100세돌봄센터,False,,,,,,2026-07-12
100세요양원,True,100세요양원,14.0,2717317.0,32607810.0,2026-05,2026-07-12
100세효요양원,True,100세효요양원,11.0,2525232.0,30302788.0,2026-05,2026-07-12
119노인복지센터,True,119노인복지센터,11.0,1618444.0,19421333.0,2026-05,2026-07-12
120재가복지활동지원센터,False,,,,,,2026-07-12
1288참사랑실버복지센터,False,,,,,,2026-07-12
129이엠에스주식회사,True,129이엠에스주식회사,7.0,2075810.0,24909714.0,2026-05,2026-07-12
129재가복지/방문요양센터,False,,,,,,2026-07-12
1424재가노인복지센터,False,,,,,,2026-07-12
153TECH,False,,,,,,2026-07-12
153어르신재가복지센터,False,,,,,,2026-07-12
153요양원,True,153요양원,24.0,2474944.0,29699333.0,2026-05,2026-07-12
153효 노인복지센터,False,,,,,,2026-07-12
153효재가노인복지센터,True,153효재가노인복지센터,24.0,1169491.0,14033889.0,2026-05,2026-07-12
1급에이스모터스,False,,,,,,2026-07-12
1급허브공업사,True,1급허브공업사,10.0,3457311.0,41487733.0,2026-05,2026-07-12
2016진정성주식회사,True,2016진정성주식회사,32.0,2342368.0,28108417.0,2026-05,2026-07-12
21세기요양복지센터,True,21세기요양복지센터,28.0,2723611.0,32683333.0,2026-05,2026-07-12
21세기트랜드,False,,,,,,2026-07-12
237재가복지센터,False,,,,,,2026-07-12
25사단70연대,False,,,,,,2026-07-12
2H상사,False,,,,,,2026-07-12
365경희철산한의원,False,,,,,,2026-07-12
365매일여는약국,False,,,,,,2026-07-12
365봄방문요양센터,False,,,,,,2026-07-12
365이음재가복지센터,False,,,,,,2026-07-12
365일즐거운주야간보호센터,True,365일즐거운주야간보호센터,12.0,2613519.0,31362222.0,2026-05,2026-07-12
365재가실버케어,False,,,,,,2026-07-12
365키즈병원,False,,,,,,2026-07-12
365효재가복지센터2호점,False,,,,,,2026-07-12
368 - 87 - 01944,False,,,,,,2026-07-12
3H 스마트지압침대 회룡센터,False,,,,,,2026-07-12
3H면목센터,False,,,,,,2026-07-12
3H지압침대 수유센터,False,,,,,,2026-07-12
56몬스터주식회사,True,56몬스터주식회사,8.0,3146444.0,37757333.0,2026-05,2026-07-12
5군단,False,,,,,,2026-07-12
7789부대,False,,,,,,2026-07-12
7군단,False,,,,,,2026-07-12
8278부대,True,8278부대,34.0,2309464.0,27713569.0,2026-05,2026-07-12
8899목천섬김,True,8899목천섬김,19.0,1396503.0,16758035.0,2026-05,2026-07-12
88소망요양원,False,,,,,,2026-07-12
88한재가복지센터,False,,,,,,2026-07-12
9988섬김요양,False,,,,,,2026-07-12
9988재가복지센터,True,9988재가복지센터,7.0,837143.0,10045714.0,2026-05,2026-07-12
9학년데이케어센터 2호점,False,,,,,,2026-07-12
<주>광주수출포장,False,,,,,,2026-07-12
A+ 반석방문요양센터,False,,,,,,2026-07-12
A+21세기홈케어센터,False,,,,,,2026-07-12
A+가가효효방문요양센터,True,A+가가효효방문요양센터,10.0,1510444.0,18125333.0,2026-05,2026-07-12
A+국민요양복지센터,False,,,,,,2026-07-12
A+기쁨드림방문요양센터,False,,,,,,2026-07-12
A+다산365주야간보호센터,False,,,,,,2026-07-12
A+두손방문요양센터,True,A+두손방문요양센터,18.0,1339938.0,16079259.0,2026-05,2026-07-12
A+미소방문요양센터,True,A+미소방문요양센터,14.0,1335683.0,16028190.0,2026-05,2026-07-12
A+서울실버노인전문요양원,False,,,,,,2026-07-12
A+선담방문요양센터,False,,,,,,2026-07-12
A+실버케어센터,False,,,,,,2026-07-12
A+일등노인복지센터,False,,,,,,2026-07-12
A+참사랑재가방문요양센터,False,,,,,,2026-07-12
A+청춘재가복지센터,False,,,,,,2026-07-12
A+튼튼재활전문데이케어센터,False,,,,,,2026-07-12
A+하나인효복지센터,False,,,,,,2026-07-12
A+한마음재가복지센터,False,,,,,,2026-07-12
A+행복한 방문요양센터,False,,,,,,2026-07-12
A+효드림노인복지센터,True,A+효드림노인복지센터,10.0,2022467.0,24269600.0,2026-05,2026-07-12
A/S지게차,False,,,,,,2026-07-12
AAA해오름실버케어,True,AAA해오름실버케어,25.0,2416400.0,28996800.0,2026-05,2026-07-12
ACE 방문요양센터,False,,,,,,2026-07-12
A그린리버요양보호센터,False,,,,,,2026-07-12
A플러스잠실데이케어센터,True,A플러스잠실데이케어센터,11.0,2256970.0,27083636.0,2026-05,2026-07-12
B&F디자인,False,,,,,,2026-07-12
BCC(주),True,BCC(주),15.0,3562489.0,42749867.0,2026-05,2026-07-12
BESTEC,False,,,,,,2026-07-12
BK레이저,False,,,,,,2026-07-12
BMTKOREACo.,False,,,,,,2026-07-12
BSTech,False,,,,,,2026-07-12
C S PACK,False,,,,,,2026-07-12
"CHC Food Inc,.CO.",False,,,,,,2026-07-12
CJ키즈빌어린이집,True,CJ키즈빌어린이집,28.0,2531413.0,30376952.0,2026-05,2026-07-12
DHP,True,DHP,12.0,3417630.0,41011556.0,2026-05,2026-07-12
DNSCompany,False,,,,,,2026-07-12
DS냉열,False,,,,,,2026-07-12
DS모터스,False,,,,,,2026-07-12
DUCKSAN ECO TEX,False,,,,,,2026-07-12
Du드림노인복지재가센터,False,,,,,,2026-07-12
E.F엔지니어링,False,,,,,,2026-07-12
EZ테크,False,,,,,,2026-07-12
GH TEX,False,,,,,,2026-07-12
GL노인복지센터,True,GL노인복지센터,15.0,1558296.0,18699556.0,2026-05,2026-07-12
GM 제일산부인과,False,,,,,,2026-07-12
GS아웃도어,False,,,,,,2026-07-12
GS테크&J,False,,,,,,2026-07-12
GTS KOREA,False,,,,,,2026-07-12
Good Job 자립생활센터,False,,,,,,2026-07-12
HONE,False,,,,,,2026-07-12
HS하이테크,True,(주)HS하이테크,67.0,4516779.0,54201353.0,2026-05,2026-07-12
HYO하모니데이케어센터,True,HYO하모니데이케어센터,8.0,2303306.0,27639667.0,2026-05,2026-07-12
HY냉장,False,,,,,,2026-07-12
IGM세계경영연구원,False,,,,,,2026-07-12
ITC21,False,,,,,,2026-07-12
J.J 어린이집,False,,,,,,2026-07-12
JB산업,False,,,,,,2026-07-12
JC몰드(주),False,,,,,,2026-07-12
JH건강한 복지센터,False,,,,,,2026-07-12
JI정밀,True,JI정밀,13.0,3513949.0,42167385.0,2026-05,2026-07-12
JM테크,True,JM테크,11.0,2942101.0,35305212.0,2026-05,2026-07-12
JS정밀,False,,,,,,2026-07-12
JY KIDS SWIM,False,,,,,,2026-07-12
J케이아트,False,,,,,,2026-07-12
J푸른아이어린이집,True,J푸른아이어린이집,16.0,1950222.0,23402667.0,2026-05,2026-07-12
KB골든라이프케어강동케어센터,False,,,,,,2026-07-12
KCC월드,False,,,,,,2026-07-12
KD환경,True,KD환경,12.0,3292389.0,39508667.0,2026-05,2026-07-12
KI장식,False,,,,,,2026-07-12
KS종묘주식회사,False,,,,,,2026-07-12
KT태크,False,,,,,,2026-07-12
Kinder BOSCH 직장어린이집,False,,,,,,2026-07-12
KoRa,False,,,,,,2026-07-12
LGFA,False,,,,,,2026-07-12
LG전자서초어린이집,True,LG전자서초어린이집,13.0,3041231.0,36494769.0,2026-05,2026-07-12
LH노인복지센터,False,,,,,,2026-07-12
L．JLeather,False,,,,,,2026-07-12
M-TECH VISION,False,,,,,,2026-07-12
N&C치과기공소,False,,,,,,2026-07-12
NS TECH,False,,,,,,2026-07-12
NST,False,,,,,,2026-07-12
Nano-System,False,,,,,,2026-07-12
OK자원,False,,,,,,2026-07-12
OK재가복지센터,False,,,,,,2026-07-12
OMG MOTORS,False,,,,,,2026-07-12
PA아름다운관리,False,,,,,,2026-07-12
Proactive,False,,,,,,2026-07-12
SJ냉열,True,SJ냉열,11.0,2687071.0,32244848.0,2026-05,2026-07-12
SK정밀,False,,,,,,2026-07-12
SNU서울병원,False,,,,,,2026-07-12
Sound Body Sound Skin,False,,,,,,2026-07-12
S케어재가복지센터,False,,,,,,2026-07-12
TOP ENG,False,,,,,,2026-07-12
TOTAL 산업,False,,,,,,2026-07-12
The쉼 어르신주야간보호센터 신흥점,False,,,,,,2026-07-12
"The쉼,어르신주야간보호센터",False,,,,,,2026-07-12
The조은주간보호센터,False,,,,,,2026-07-12
VIP korea 가정방문요양센터,False,,,,,,2026-07-12
VIP보명요양원,True,VIP보명요양원,26.0,2538333.0,30460000.0,2026-05,2026-07-12
VIP실버케어,False,,,,,,2026-07-12
VIP요양원,True,VIP요양원,13.0,2536855.0,30442256.0,2026-05,2026-07-12
VPS,False,,,,,,2026-07-12
YJ 조경개발,False,,,,,,2026-07-12
YK스틸,False,,,,,,2026-07-12
ZENITH정밀,False,,,,,,2026-07-12
[어르신]모시는사람들,True,[어르신]모시는사람들,17.0,1026797.0,12321569.0,2026-05,2026-07-12
asm tech,False,,,,,,2026-07-12
bms eng,False,,,,,,2026-07-12
chan-tech,False,,,,,,2026-07-12
csautopart,False,,,,,,2026-07-12
dmdcenter,False,,,,,,2026-07-12
dy탑텍,False,,,,,,2026-07-12
e-조은재가복지센터,False,,,,,,2026-07-12
e-편한치과의원,False,,,,,,2026-07-12
e사랑재가요양센터,True,e사랑재가요양센터,11.0,1279475.0,15353697.0,2026-05,2026-07-12
e예빛어린이집,False,,,,,,2026-07-12
e포근한 요양원,False,,,,,,2026-07-12
e행복한재가센터,False,,,,,,2026-07-12
finetester,False,,,,,,2026-07-12
fm파트너,False,,,,,,2026-07-12
gcm,False,,,,,,2026-07-12
hsflower,False,,,,,,2026-07-12
k.s 테크,False,,,,,,2026-07-12
khtech,False,,,,,,2026-07-12
korea machine,False,,,,,,2026-07-12
ok벤딩,False,,,,,,2026-07-12
ok실버복지센터,False,,,,,,2026-07-12
sinil엔지니어링,False,,,,,,2026-07-12
skadidtksdjq,False,,,,,,2026-07-12
smc병원,False,,,,,,2026-07-12
sungjinS&F,False,,,,,,2026-07-12
the KIDS 여의도2 어린이집,False,,,,,,2026-07-12
the꿈나무어린이집,False,,,,,,2026-07-12
㈜대승,False,,,,,,2026-07-12
㈜동우정공,False,,,,,,2026-07-12
㈜디라직,False,,,,,,2026-07-12
㈜멤피스,False,,,,,,2026-07-12
㈜상승금속,False,,,,,,2026-07-12
㈜신태진 인천국제CC,False,,,,,,2026-07-12
㈜양지사,False,,,,,,2026-07-12
㈜엠케이켐앤텍,False,,,,,,2026-07-12
㈜영신디엔씨,False,,,,,,2026-07-12
㈜옥당산업,False,,,,,,2026-07-12
㈜인버스,False,,,,,,2026-07-12
㈜인터플렉스,False,,,,,,2026-07-12
㈜정우금속앤지니어링,False,,,,,,2026-07-12
㈜지예산업,False,,,,,,2026-07-12
㈜청송상공,False,,,,,,2026-07-12
㈜태명실업,False,,,,,,2026-07-12
가가 호호 재가노인복지센터,False,,,,,,2026-07-12
가가가정방문요양센터,False,,,,,,2026-07-12
가가실버원 주간보호센터,False,,,,,,2026-07-12
가가실버원 주간보호센터(2호점),False,,,,,,2026-07-12
가가케어재가노인복지센터,False,,,,,,2026-07-12
가가행복방문요양센터,False,,,,,,2026-07-12
가가호호방문요양센터,True,가가호호방문요양센터,16.0,1475125.0,17701500.0,2026-05,2026-07-12
가가호호실버케어센터,False,,,,,,2026-07-12
가가호호재가노인복지센터,True,가가호호재가노인복지센터,11.0,1692263.0,20307152.0,2026-05,2026-07-12
가가호호정가네 데이케어센터,False,,,,,,2026-07-12
가감세무회계,False,,,,,,2026-07-12
가고파재가노인복지센터,False,,,,,,2026-07-12
가고파재가복지센터,False,,,,,,2026-07-12
가구마다 재가요양센터,False,,,,,,2026-07-12
가까운방문요양센터,False,,,,,,2026-07-12
가나기계,False,,,,,,2026-07-12
가나네트워크 재가센터,False,,,,,,2026-07-12
가나노인요양센터,True,가나노인요양센터,7.0,1684032.0,20208381.0,2026-05,2026-07-12
가나다방문요양센터,False,,,,,,2026-07-12
가나마르페재활노인복지센터,True,가나마르페재활노인복지센터,13.0,2257624.0,27091487.0,2026-05,2026-07-12
가나물류시스템,False,,,,,,2026-07-12
가나방문요양센터,True,가나방문요양센터,10.0,1325822.0,15909867.0,2026-05,2026-07-12
가나실버복지센터,False,,,,,,2026-07-12
가나안노인복지센터,True,가나안노인복지센터,5.0,1343022.0,16116267.0,2026-05,2026-07-12
가나안뜰 노인복지센터,False,,,,,,2026-07-12
가나안방문요양센터,True,가나안방문요양센터,3.0,1327852.0,15934222.0,2026-05,2026-07-12
가나안요양원,True,가나안요양원,32.0,2543493.0,30521917.0,2026-05,2026-07-12
가나안의집,True,가나안의집,12.0,3975593.0,47707111.0,2026-05,2026-07-12
가나안재가복지센터,True,가나안재가복지센터,11.0,1996000.0,23952000.0,2026-05,2026-07-12
가나안주야간보호센터,True,가나안주야간보호센터,12.0,2719000.0,32628000.0,2026-05,2026-07-12
가나에코텍,True,가나에코텍 주식회사,5.0,3501467.0,42017600.0,2026-05,2026-07-12
가나유통농업회사주식회사,False,,,,,,2026-07-12
가나이엔지(주),True,가나이엔지(주),3.0,3710519.0,44526222.0,2026-05,2026-07-12
가나재가복지센터,True,가나재가복지센터,3.0,1882296.0,22587556.0,2026-05,2026-07-12
가나재가센터,False,,,,,,2026-07-12
가나케어재가센터,False,,,,,,2026-07-12
가나콘트롤이엔지(주),True,가나콘트롤이엔지(주),11.0,4009010.0,48108121.0,2026-05,2026-07-12
가나판금(주),True,가나판금(주),19.0,3125673.0,37508070.0,2026-05,2026-07-12
가나팩 주식회사,True,가나팩 주식회사,14.0,2447746.0,29372952.0,2026-05,2026-07-12
가나플러스복지센터,False,,,,,,2026-07-12
가남농기계,False,,,,,,2026-07-12
가남재가복지센터,True,가남재가복지센터,11.0,1566869.0,18802424.0,2026-05,2026-07-12
가농바이오(주),False,,,,,,2026-07-12
가능(주),True,가능(주),18.0,1851148.0,22213778.0,2026-05,2026-07-12
가능요양복지센터,True,가능요양복지센터,29.0,2528858.0,30346299.0,2026-05,2026-07-12
가능재가 복지센터,False,,,,,,2026-07-12
가담비시니어케어,True,가담비시니어케어,25.0,2542124.0,30505493.0,2026-05,2026-07-12
가드림,True,(주)가드림,7.0,4166349.0,49996190.0,2026-05,2026-07-12
가드재가노인복지센터,False,,,,,,2026-07-12
가득방문요양센터,False,,,,,,2026-07-12
가득요양원,False,,,,,,2026-07-12
가디언엔젤스 재가복지센터,False,,,,,,2026-07-12
가람,True,(주)가람,3.0,2154593.0,25855111.0,2026-05,2026-07-12
가람방문요양센터,False,,,,,,2026-07-12
가람소방방재 주식회사,True,가람소방방재 주식회사,72.0,3088633.0,37063593.0,2026-05,2026-07-12
가람스텐,False,,,,,,2026-07-12
가람실버요양원,False,,,,,,2026-07-12
가람어린이집,True,가람어린이집,17.0,2352941.0,28235294.0,2026-05,2026-07-12
가람에스앤씨(주),False,,,,,,2026-07-12
가람은나래노인복지센터,False,,,,,,2026-07-12
가람재가노인복지센터,True,가람재가노인복지센터,10.0,1606178.0,19274133.0,2026-05,2026-07-12
가람재가방문요양센터,False,,,,,,2026-07-12
가람재가복지센터,True,가람재가복지센터,7.0,1357238.0,16286857.0,2026-05,2026-07-12
가람주간보호센터,False,,,,,,2026-07-12
가람플러스요양원,False,,,,,,2026-07-12
가람효재가복지센터,False,,,,,,2026-07-12
가람효행타운,False,,,,,,2026-07-12
가로하우스,True,가로하우스,12.0,2664426.0,31973111.0,2026-05,2026-07-12
가림테크,True,주식회사가림테크,4.0,4847833.0,58174000.0,2026-05,2026-07-12
가배재가노인복지센터,False,,,,,,2026-07-12
가보식품(주),True,가보식품(주),19.0,3118713.0,37424561.0,2026-05,2026-07-12
가봄노인재가복지센터,False,,,,,,2026-07-12
가브리엘 요양원,True,가브리엘 요양원,18.0,2254556.0,27054667.0,2026-05,2026-07-12
가산실버홈요양원,False,,,,,,2026-07-12
가스뱅크(주),False,,,,,,2026-07-12
가스켐주식회사,True,가스켐주식회사,11.0,4012687.0,48152242.0,2026-05,2026-07-12
가안복지센터,False,,,,,,2026-07-12
가양식품(주),False,,,,,,2026-07-12
가양자산Management,False,,,,,,2026-07-12
가양재가복지센터,True,가양재가복지센터,11.0,2582162.0,30985939.0,2026-05,2026-07-12
가연노인복지센터,False,,,,,,2026-07-12
가연노인전문요양원,True,가연노인전문요양원,7.0,2519714.0,30236571.0,2026-05,2026-07-12
가연복지센터,True,가연복지센터,5.0,1211333.0,14536000.0,2026-05,2026-07-12
가연재가복지센터,True,가연재가복지센터,10.0,1149800.0,13797600.0,2026-05,2026-07-12
가연효요양원,False,,,,,,2026-07-12
가영노인복지센터,True,가영노인복지센터,10.0,1330822.0,15969867.0,2026-05,2026-07-12
가영재가복지센터,True,가영재가복지센터,10.0,1537956.0,18455467.0,2026-05,2026-07-12
가온V컷팅,False,,,,,,2026-07-12
가온길복지센터,False,,,,,,2026-07-12
가온노인복지센터,True,가온노인복지센터,12.0,1977389.0,23728667.0,2026-05,2026-07-12
가온노인재가센터,False,,,,,,2026-07-12
가온누리방문요양센터,False,,,,,,2026-07-12
가온누리재가노인복지센터,False,,,,,,2026-07-12
가온누리재가복지센터,True,(주)가온누리재가복지센터,8.0,1915361.0,22984333.0,2026-05,2026-07-12
가온누리재가센터,False,,,,,,2026-07-12
가온모터스,False,,,,,,2026-07-12
가온방문요양,False,,,,,,2026-07-12
가온방문요양센터,False,,,,,,2026-07-12
가온보건케어강서양천지사,False,,,,,,2026-07-12
가온사회서비스원재가복지센터,False,,,,,,2026-07-12
가온식품,True,가온식품,10.0,2930467.0,35165600.0,2026-05,2026-07-12
가온요양원,True,가온요양원,39.0,2611504.0,31338051.0,2026-05,2026-07-12
가온이엔지,True,(주)가온이엔지,7.0,3392921.0,40715048.0,2026-05,2026-07-12
가온재가노인복지센터,True,가온재가노인복지센터,15.0,1670074.0,20040889.0,2026-05,2026-07-12
가온재가방문요양센터,False,,,,,,2026-07-12
가온재가복지센터,True,가온재가복지센터,10.0,1091600.0,13099200.0,2026-05,2026-07-12
가온종합물류(주),True,가온종합물류(주),3.0,2935111.0,35221333.0,2026-05,2026-07-12
가온케어 통합돌봄센터,False,,,,,,2026-07-12
가온토탈서비스,False,,,,,,2026-07-12
가온푸드서비스,False,,,,,,2026-07-12
가온효복지센타,False,,,,,,2026-07-12
가온효사랑방문요양센터,True,가온효사랑방문요양센터,14.0,1322556.0,15870667.0,2026-05,2026-07-12
가운재가복지센터,False,,,,,,2026-07-12
가원상사 (린나이 경기용인점),False,,,,,,2026-07-12
가은방문요양센터,False,,,,,,2026-07-12
가은복지센터,False,,,,,,2026-07-12
가은시니어복지센터,False,,,,,,2026-07-12
가은재가복지센터,True,가은재가복지센터,11.0,1735172.0,20822061.0,2026-05,2026-07-12
가은재활주야간보호센터,False,,,,,,2026-07-12
가인노인재가복지센터,False,,,,,,2026-07-12
가인방문요양센터,False,,,,,,2026-07-12
가인시니어복지센터,False,,,,,,2026-07-12
가인시니어케어빌,False,,,,,,2026-07-12
가인요양원,True,가인요양원,13.0,2596291.0,31155487.0,2026-05,2026-07-12
가인재가복지센터,True,가인재가복지센터,13.0,1311026.0,15732308.0,2026-05,2026-07-12
가자명태촌,False,,,,,,2026-07-12
가자재가복지센터,False,,,,,,2026-07-12
가장조은노인요양복지센터,True,가장조은노인요양복지센터,16.0,1242736.0,14912833.0,2026-05,2026-07-12
가장좋은 요양원,False,,,,,,2026-07-12
가장좋은재가복지센터,False,,,,,,2026-07-12
가장좋은재가요양센터,False,,,,,,2026-07-12
가장즐거운 방문요양,False,,,,,,2026-07-12
가장친절한정문앞중앙약국,False,,,,,,2026-07-12
가재울방문요양센터,False,,,,,,2026-07-12
가정방문요양복지센터,False,,,,,,2026-07-12
가정방문요양센터,True,가정방문요양센터,11.0,1444141.0,17329697.0,2026-05,2026-07-12
가정복지센터,True,가정복지센터,13.0,1724769.0,20697231.0,2026-05,2026-07-12
가정애요양원,False,,,,,,2026-07-12
가정어르신 재가복지센터,False,,,,,,2026-07-12
가정재가노인복지센터,False,,,,,,2026-07-12
가정재가복지,False,,,,,,2026-07-12
가정재가장기요양기관,True,가정재가장기요양기관,14.0,1311206.0,15734476.0,2026-05,2026-07-12
가족1004방문요양센터,False,,,,,,2026-07-12
가족같은 노인요양복지센터,False,,,,,,2026-07-12
가족같은효성요양원,True,가족같은효성요양원,7.0,2643016.0,31716190.0,2026-05,2026-07-12
가족같은효성주야간보호센터,True,가족같은효성주야간보호센터,3.0,2364074.0,28368889.0,2026-05,2026-07-12
가족돌봄노인복지센터,True,가족돌봄노인복지센터,15.0,1690830.0,20289956.0,2026-05,2026-07-12
가족마음재가복지센터,False,,,,,,2026-07-12
가족방문요양센터,True,가족방문요양센터,12.0,1536815.0,18441778.0,2026-05,2026-07-12
가족사랑 간호와요양,False,,,,,,2026-07-12
가족사랑노인복지센터,True,가족사랑노인복지센터,14.0,1572571.0,18870857.0,2026-05,2026-07-12
가족사랑데이케어센터,False,,,,,,2026-07-12
가족사랑방문요양복지센터,True,가족사랑방문요양복지센터,11.0,1735495.0,20825939.0,2026-05,2026-07-12
가족사랑방문요양센터,True,가족사랑방문요양센터,19.0,1254281.0,15051368.0,2026-05,2026-07-12
가족사랑방문요양재가센터,True,가족사랑방문요양재가센터,27.0,1509407.0,18112889.0,2026-05,2026-07-12
가족사랑복지센터,True,가족사랑복지센터,23.0,2265092.0,27181101.0,2026-05,2026-07-12
가족사랑안성방문요양센터,False,,,,,,2026-07-12
가족사랑요양복지센터,True,가족사랑요양복지센터,21.0,1455735.0,17468825.0,2026-05,2026-07-12
가족사랑요양원,True,가족사랑요양원,3.0,2871407.0,34456889.0,2026-05,2026-07-12
가족사랑재가노인복지센터,True,가족사랑재가노인복지센터,15.0,2066489.0,24797867.0,2026-05,2026-07-12
가족사랑재가복지센터,True,가족사랑재가복지센터,20.0,1188467.0,14261600.0,2026-05,2026-07-12
가족사랑재가센터2호점,False,,,,,,2026-07-12
가족사랑재가요양센터,False,,,,,,2026-07-12
가족사랑재가케어온맘터치 강서1호점,False,,,,,,2026-07-12
가족사랑재활주간보호센터,False,,,,,,2026-07-12
가족사랑주야간보호센터,True,가족사랑주야간보호센터,12.0,2086333.0,25036000.0,2026-05,2026-07-12
가족실버케어센터,False,,,,,,2026-07-12
가족애노인복지센터,False,,,,,,2026-07-12
가족애요양원,False,,,,,,2026-07-12
가족요양원,True,가족요양원(주),28.0,2324016.0,27888190.0,2026-05,2026-07-12
가족요양재가복지센터,False,,,,,,2026-07-12
가족재가노인복지센터,True,가족재가노인복지센터,19.0,2156012.0,25872140.0,2026-05,2026-07-12
가족재가복지,False,,,,,,2026-07-12
가족재가복지센터,True,가족재가복지센터,10.0,1340244.0,16082933.0,2026-05,2026-07-12
가족처럼노인요양원,False,,,,,,2026-07-12
가족처럼노인주야간보호센터,True,가족처럼노인주야간보호센터,12.0,2286333.0,27436000.0,2026-05,2026-07-12
가족처럼방문복지센터,True,가족처럼방문복지센터,3.0,757111.0,9085333.0,2026-05,2026-07-12
가족처럼재가복지센터,True,가족처럼재가복지센터,26.0,1451504.0,17418051.0,2026-05,2026-07-12
가족튼튼요양원,False,,,,,,2026-07-12
가족행복 방문 요양센터,False,,,,,,2026-07-12
가족행복복지센터,False,,,,,,2026-07-12
가족행복요양원,True,가족행복요양원,11.0,2230081.0,26760970.0,2026-05,2026-07-12
가족효사랑 방문요양센터,False,,,,,,2026-07-12
가천효요양원,False,,,,,,2026-07-12
가치더하기 여주시 발달장애인주간활동제공기관,True,가치더하기 여주시 발달장애인주간활동제공기관,9.0,2075778.0,24909333.0,2026-05,2026-07-12
가치창조제이,True,(주)가치창조제이,3.0,1619185.0,19430222.0,2026-05,2026-07-12
가톨릭노인복지센터,True,가톨릭노인복지센터,10.0,1375867.0,16510400.0,2026-05,2026-07-12
가평군육아종합지원센터,True,가평군육아종합지원센터,16.0,2724278.0,32691333.0,2026-05,2026-07-12
가평꽃동네 노인요양원,False,,,,,,2026-07-12
가평꽃동네부랑인시설,False,,,,,,2026-07-12
가평빠지,False,,,,,,2026-07-12
가평한우리재가복지센터,False,,,,,,2026-07-12
가평희망재가요양센터,False,,,,,,2026-07-12
가현산재활요양원,True,가현산재활요양원,27.0,2539868.0,30478420.0,2026-05,2026-07-12
가현엔프라(주),True,가현엔프라(주),40.0,3433306.0,41199667.0,2026-05,2026-07-12
가현요양원,False,,,,,,2026-07-12
가현재활요양원,False,,,,,,2026-07-12
가호방문요양재가복지센터,False,,,,,,2026-07-12
가호재가복지센터,True,가호재가복지센터,20.0,1297767.0,15573200.0,2026-05,2026-07-12
가화한방병원,True,가화한방병원,22.0,3713737.0,44564848.0,2026-05,2026-07-12
가효재가복지센터,False,,,,,,2026-07-12
간석실버데이케어,False,,,,,,2026-07-12
간석아가페요양원,False,,,,,,2026-07-12
간호박사 요양원,False,,,,,,2026-07-12
간호박사네요양원,True,간호박사네요양원,10.0,2694222.0,32330667.0,2026-05,2026-07-12
간호사가여는 올래방문요양센터,False,,,,,,2026-07-12
간호사랑요양원,True,간호사랑요양원,10.0,2329156.0,27949867.0,2026-05,2026-07-12
간호사와 함께 위드너스 재가센터,False,,,,,,2026-07-12
갈등치킨&떡볶이,False,,,,,,2026-07-12
갈매사회복지관,True,갈매사회복지관,16.0,3051417.0,36617000.0,2026-05,2026-07-12
갈뫼유치원,False,,,,,,2026-07-12
갈비도락,True,주식회사갈비도락,19.0,3946047.0,47352561.0,2026-05,2026-07-12
갈현데이케어센터,True,갈현데이케어센터,9.0,2293062.0,27516741.0,2026-05,2026-07-12
갈현효요양원,False,,,,,,2026-07-12
감동드림데이케어센터,True,감동드림데이케어센터,13.0,1849282.0,22191385.0,2026-05,2026-07-12
감동재가복지센터,True,감동재가복지센터,22.0,1433485.0,17201818.0,2026-05,2026-07-12
감동플러스재가노인센터,False,,,,,,2026-07-12
감사복지센터,True,감사복지센터,13.0,1456923.0,17483077.0,2026-05,2026-07-12
감성재가노인복지센터,False,,,,,,2026-07-12
감일고등학교,False,,,,,,2026-07-12
감천장요양원,False,,,,,,2026-07-12
강남 더 숲 요양원,False,,,,,,2026-07-12
강남가정요양원4,True,강남가정요양원4,3.0,2801630.0,33619556.0,2026-05,2026-07-12
강남간호방문요양센터,True,강남간호방문요양센터,9.0,1408765.0,16905185.0,2026-05,2026-07-12
강남고운재가노인복지센터,False,,,,,,2026-07-12
강남구립논현노인종합복지관,True,강남구립논현노인종합복지관,19.0,3635977.0,43631719.0,2026-05,2026-07-12
강남구립세심정데이케어센터,False,,,,,,2026-07-12
강남구립힐스어린이집,True,강남구립힐스어린이집,14.0,2614016.0,31368190.0,2026-05,2026-07-12
강남노인복지센터,True,강남노인복지센터,3.0,2431556.0,29178667.0,2026-05,2026-07-12
강남대학교사범대학부설유치원,True,강남대학교사범대학부설유치원,4.0,1734667.0,20816000.0,2026-05,2026-07-12
강남드림재가센터,False,,,,,,2026-07-12
강남사랑재가복지센터,False,,,,,,2026-07-12
강남소망재가노인복지센터,False,,,,,,2026-07-12
강남실버센터,True,강남실버센터,10.0,2786156.0,33433867.0,2026-05,2026-07-12
강남요양병원,True,강남요양병원,21.0,2918180.0,35018159.0,2026-05,2026-07-12
강남자원,False,,,,,,2026-07-12
강남장손복지센터,True,강남장손복지센터,9.0,1862691.0,22352296.0,2026-05,2026-07-12
강남재가노인복지센터,True,강남재가노인복지센터,6.0,1462815.0,17553778.0,2026-05,2026-07-12
강남재가요양센터,True,강남재가요양센터,10.0,1488311.0,17859733.0,2026-05,2026-07-12
강남재활요양원1동,True,강남재활요양원1동,13.0,2459368.0,29512410.0,2026-05,2026-07-12
강남제일요양병원,True,강남제일요양병원,54.0,3169617.0,38035407.0,2026-05,2026-07-12
강남제일재가노인복지센터,True,강남제일재가노인복지센터,10.0,1348000.0,16176000.0,2026-05,2026-07-12
강남커머스,False,,,,,,2026-07-12
강남한보리전문요양원,True,강남한보리전문요양원,13.0,2408410.0,28900923.0,2026-05,2026-07-12
강남행복한요양원,True,강남행복한요양원,11.0,2785374.0,33424485.0,2026-05,2026-07-12
강남효원재가복지센터,False,,,,,,2026-07-12
강남효자네요양복지센터,False,,,,,,2026-07-12
강남효재가센터,True,강남효재가센터,18.0,1337037.0,16044444.0,2026-05,2026-07-12
강남효재가장기요양센터,False,,,,,,2026-07-12
강동구청,False,,,,,,2026-07-12
강동데이케어센터,False,,,,,,2026-07-12
강동맘편한 방문요양센터,False,,,,,,2026-07-12
강동믿음재가복지센터,True,강동믿음재가복지센터,10.0,1173956.0,14087467.0,2026-05,2026-07-12
강동스마일요양병원,True,강동스마일요양병원,176.0,2970908.0,35650894.0,2026-05,2026-07-12
강동어르신가정돌봄센터,False,,,,,,2026-07-12
강동어르신방문요양센터(주)토닥복지,True,강동어르신방문요양센터(주)토닥복지,3.0,926000.0,11112000.0,2026-05,2026-07-12
강동연세병원,True,강동연세병원,45.0,3347328.0,40167941.0,2026-05,2026-07-12
강동오륜방문요양센터,False,,,,,,2026-07-12
강동이음 재가복지센터,False,,,,,,2026-07-12
강동장애인자립생활센터,True,강동장애인자립생활센터,177.0,1851448.0,22217371.0,2026-05,2026-07-12
강동재가복지센터,True,강동재가복지센터,5.0,1901200.0,22814400.0,2026-05,2026-07-12
강동천호실버센터1호,False,,,,,,2026-07-12
강동천호재가복지센터,False,,,,,,2026-07-12
강동퓨어푸드,True,강동퓨어푸드,14.0,3519159.0,42229905.0,2026-05,2026-07-12
강동효창재가센터,False,,,,,,2026-07-12
강동희망요양센터,True,강동희망요양센터,12.0,1991648.0,23899778.0,2026-05,2026-07-12
강릉테크,False,,,,,,2026-07-12
강림산업(주),True,강림산업(주),12.0,4371926.0,52463111.0,2026-05,2026-07-12
강림테크,True,주식회사강림테크,18.0,4036716.0,48440593.0,2026-05,2026-07-12
강민혜운동발달전문센터,True,강민혜운동발달전문센터,21.0,2330116.0,27961397.0,2026-05,2026-07-12
강변어린이집,True,강변어린이집,14.0,1946984.0,23363810.0,2026-05,2026-07-12
강북 효사랑 재가복지센터,False,,,,,,2026-07-12
강북광산데이케어센터,True,강북광산데이케어센터,13.0,2018803.0,24225641.0,2026-05,2026-07-12
강북나눔돌봄센터 살핌,False,,,,,,2026-07-12
강북나눔재가복지센터,False,,,,,,2026-07-12
강북수산(주),True,강북수산(주),14.0,3395730.0,40748762.0,2026-05,2026-07-12
강북시니어클럽,True,강북시니어클럽,17.0,3165229.0,37982745.0,2026-05,2026-07-12
강북실버종합복지센터,True,강북실버종합복지센터,49.0,2692304.0,32307646.0,2026-05,2026-07-12
강북씨앤지 주식회사,True,강북씨앤지 주식회사,11.0,3487515.0,41850182.0,2026-05,2026-07-12
강북재가복지센터,False,,,,,,2026-07-12
강북재활요양원,False,,,,,,2026-07-12
강북제일재가복지센터,False,,,,,,2026-07-12
강북효심요양원,False,,,,,,2026-07-12
강산개발（주）,False,,,,,,2026-07-12
강산기계,True,강산기계,16.0,4057958.0,48695500.0,2026-05,2026-07-12
강산산업개발(주),True,강산산업개발(주),6.0,3431407.0,41176889.0,2026-05,2026-07-12
강산어린이집,False,,,,,,2026-07-12
강산종합건설(주),True,강산종합건설(주),9.0,5555432.0,66665185.0,2026-05,2026-07-12
강서구 치매안심센터,False,,,,,,2026-07-12
강서구건강가정지원센터,False,,,,,,2026-07-12
강서구립가양도서관,True,강서구립가양도서관,10.0,3199422.0,38393067.0,2026-05,2026-07-12
강서구립곰달래도서관,False,,,,,,2026-07-12
강서구립든든데이케어센터,True,강서구립든든데이케어센터,7.0,2302762.0,27633143.0,2026-05,2026-07-12
강서구청소년상담복지센터,True,강서구청소년상담복지센터,15.0,3003719.0,36044622.0,2026-05,2026-07-12
강서누리지역아동센터,False,,,,,,2026-07-12
강서데이케어센터,False,,,,,,2026-07-12
강서목동재가복지센터,False,,,,,,2026-07-12
강서복지용구센터,False,,,,,,2026-07-12
강서사랑요양원,True,강서사랑요양원,13.0,2530803.0,30369641.0,2026-05,2026-07-12
강서샘물재가복지센터,False,,,,,,2026-07-12
강서서연재가복지센터,False,,,,,,2026-07-12
강서선영재가복지센터,False,,,,,,2026-07-12
강서솔병원,False,,,,,,2026-07-12
강서실버데이케어센터,False,,,,,,2026-07-12
강서실버재가복지센터,False,,,,,,2026-07-12
강서올리사랑재가복지센터,False,,,,,,2026-07-12
강서자동차산업,True,주식회사강서자동차산업,6.0,2940889.0,35290667.0,2026-05,2026-07-12
강서자활후견기관,False,,,,,,2026-07-12
강서재가노인지원센터,True,강서재가노인지원센터,21.0,1629503.0,19554032.0,2026-05,2026-07-12
강서재활전문데이케어센터,False,,,,,,2026-07-12
강서중앙데이케어센터,True,강서중앙데이케어센터,11.0,2083677.0,25004121.0,2026-05,2026-07-12
강서한마음 재가복지센터,False,,,,,,2026-07-12
강서해드림재가복지센터,False,,,,,,2026-07-12
강서행복누리재가복지센터,False,,,,,,2026-07-12
강선1단지아파트,False,,,,,,2026-07-12
강우건설(주),True,강우건설(주),10.0,3909089.0,46909067.0,2026-05,2026-07-12
강원엔지니어링,True,강원엔지니어링,11.0,2520606.0,30247273.0,2026-05,2026-07-12
강원유통,True,강원유통,15.0,3770252.0,45243022.0,2026-05,2026-07-12
강일늘사랑유치원,False,,,,,,2026-07-12
강일점 기아오토큐(주),True,강일점 기아오토큐(주),7.0,3188349.0,38260190.0,2026-05,2026-07-12
강한산업,True,강한산업(주),7.0,3571905.0,42862857.0,2026-05,2026-07-12
강호렌탈(주),False,,,,,,2026-07-12
강호실업,False,,,,,,2026-07-12
강화군정신건강증진센터,False,,,,,,2026-07-12
강화꽃동네노인요양원,False,,,,,,2026-07-12
강화실버빌,True,강화실버빌,6.0,2213074.0,26556889.0,2026-05,2026-07-12
강화행복나눔재가센터,True,강화행복나눔재가센터,28.0,1657476.0,19889714.0,2026-05,2026-07-12
개나리방문요양센터,False,,,,,,2026-07-12
개나리어린이집,True,개나리어린이집,9.0,2653235.0,31838815.0,2026-05,2026-07-12
개나리요양원,False,,,,,,2026-07-12
개명교회,False,,,,,,2026-07-12
개미방문요양센터,False,,,,,,2026-07-12
갤럭시요양원,False,,,,,,2026-07-12
거광택시(합),False,,,,,,2026-07-12
거북마을,False,,,,,,2026-07-12
거북이우산,False,,,,,,2026-07-12
거산기업,True,거산기업주식회사,8.0,2945000.0,35340000.0,2026-05,2026-07-12
거산테크,True,주식회사거산테크,38.0,3712246.0,44546947.0,2026-05,2026-07-12
거성건철 주식회사,False,,,,,,2026-07-12
거성유지(주),True,거성유지(주),9.0,3106889.0,37282667.0,2026-05,2026-07-12
거성자동차,False,,,,,,2026-07-12
거성특수포장(주),True,거성특수포장(주),25.0,4753342.0,57040107.0,2026-05,2026-07-12
거송신도판매(주),False,,,,,,2026-07-12
거야건설(주),True,거야건설(주),15.0,4023407.0,48280889.0,2026-05,2026-07-12
건강100세 재가노인복지센터,False,,,,,,2026-07-12
건강과행복 방문요양센터,False,,,,,,2026-07-12
건강누리방문요양센터,False,,,,,,2026-07-12
건강누리의왕시립노인요양원,True,건강누리의왕시립노인요양원,33.0,2696155.0,32353859.0,2026-05,2026-07-12
건강백세방문요양센터,False,,,,,,2026-07-12
건강백세재가복지센터,True,(주)건강백세재가복지센터,3.0,1154000.0,13848000.0,2026-05,2026-07-12
건강샘재가복지센터,False,,,,,,2026-07-12
건강요양원,False,,,,,,2026-07-12
건강장수 재가복지센터,False,,,,,,2026-07-12
건강재가복지센터,False,,,,,,2026-07-12
건강한 현대 어린이집,False,,,,,,2026-07-12
건강한데이케어,False,,,,,,2026-07-12
건국대학교,True,건국대학교,844.0,1870486.0,22445826.0,2026-05,2026-07-12
건국대학교병원,True,건국대학교병원,480.0,3819505.0,45834056.0,2026-05,2026-07-12
건설빌딩,False,,,,,,2026-07-12
건설창호부속,False,,,,,,2026-07-12
건영방화문,False,,,,,,2026-07-12
건영실버요양원,False,,,,,,2026-07-12
건영실버요양원 병설 건영주야간보호센터,False,,,,,,2026-07-12
건영에스티,False,,,,,,2026-07-12
건영주택관리 주식회사,False,,,,,,2026-07-12
건영피앤엠,True,(주)건영피앤엠,7.0,3762794.0,45153524.0,2026-05,2026-07-12
건우 농산,False,,,,,,2026-07-12
건우정밀기계,True,주식회사건우정밀기계,3.0,1618519.0,19422222.0,2026-05,2026-07-12
건우철강(주),False,,,,,,2026-07-12
건웅종합건설(주),True,건웅종합건설(주),4.0,3237833.0,38854000.0,2026-05,2026-07-12
건원산업,True,(주)건원산업,16.0,3363583.0,40363000.0,2026-05,2026-07-12
건일테크,True,주식회사건일테크,6.0,2307407.0,27688889.0,2026-05,2026-07-12
건주병원,True,건주병원,143.0,3484595.0,41815142.0,2026-05,2026-07-12
건축과환경 주식회사,False,,,,,,2026-07-12
건흥전기(주),True,건흥전기(주),139.0,2871957.0,34463482.0,2026-05,2026-07-12
검단방문요양센터,False,,,,,,2026-07-12
검단봄요양원,True,검단봄요양원,9.0,2529037.0,30348444.0,2026-05,2026-07-12
검단수한방병원,True,검단수한방병원,93.0,3341276.0,40095312.0,2026-05,2026-07-12
검단스마일한방병원,True,검단스마일한방병원,20.0,3003544.0,36042533.0,2026-05,2026-07-12
검단연세요양병원,False,,,,,,2026-07-12
검단우리요양원,True,검단우리요양원,9.0,2215259.0,26583111.0,2026-05,2026-07-12
검단재가노인복지센터,True,검단재가노인복지센터,11.0,2696929.0,32363152.0,2026-05,2026-07-12
검단진요양원,False,,,,,,2026-07-12
검단환경(주),True,검단환경(주),37.0,5622661.0,67471928.0,2026-05,2026-07-12
검단희망요양원,False,,,,,,2026-07-12
검암 요양원,False,,,,,,2026-07-12
견우물류,True,견우물류,32.0,3771938.0,45263250.0,2026-05,2026-07-12
경기 포천공공산후조리원,True,경기 포천공공산후조리원,25.0,3488987.0,41867840.0,2026-05,2026-07-12
경기건설,True,경기건설주식회사,3.0,3737333.0,44848000.0,2026-05,2026-07-12
경기광주재가복지센터,True,경기광주재가복지센터,14.0,1269698.0,15236381.0,2026-05,2026-07-12
경기광주지역자활센터,True,경기광주지역자활센터,60.0,1810778.0,21729333.0,2026-05,2026-07-12
경기구리자활후견기관,False,,,,,,2026-07-12
경기군포노인주간보호센터,False,,,,,,2026-07-12
경기나눔복지센터,False,,,,,,2026-07-12
경기노인돌봄센터,False,,,,,,2026-07-12
경기노인복지센터,True,경기노인복지센터,10.0,1334578.0,16014933.0,2026-05,2026-07-12
경기농협식품조합공동사업법인 파주,False,,,,,,2026-07-12
경기도 최중증발달장애인 통합돌봄센터 제3호(함께하는센터),False,,,,,,2026-07-12
경기도공공보건의료지원단,True,경기도공공보건의료지원단,15.0,4154770.0,49857244.0,2026-05,2026-07-12
경기도광역자활지원센터,False,,,,,,2026-07-12
경기도노인전문 평택병원,False,,,,,,2026-07-12
경기도노인전문동두천병원,False,,,,,,2026-07-12
경기도뇌병변장애인인권협회,True,경기도뇌병변장애인인권협회,4.0,1308278.0,15699333.0,2026-05,2026-07-12
경기도미래세대재단 경기도청소년수련원,False,,,,,,2026-07-12
경기도산악연맹,True,경기도산악연맹,3.0,1978444.0,23741333.0,2026-05,2026-07-12
경기도옥외광고협회 안산시지부,True,경기도옥외광고협회 안산시지부,3.0,2646889.0,31762667.0,2026-05,2026-07-12
경기도장애인기업,False,,,,,,2026-07-12
경기로지스틱스(주),False,,,,,,2026-07-12
경기미래에너지,True,경기미래에너지,19.0,2914596.0,34975158.0,2026-05,2026-07-12
경기미소복지센터,False,,,,,,2026-07-12
경기방문간호센터,False,,,,,,2026-07-12
경기방문요양센터,False,,,,,,2026-07-12
경기방문요양용인센터,False,,,,,,2026-07-12
경기북부아동일시보호소,True,경기북부아동일시보호소,40.0,3772567.0,45270800.0,2026-05,2026-07-12
경기세무법인,True,경기세무법인,7.0,4419079.0,53028952.0,2026-05,2026-07-12
"경기시니어 재활요양원,경기시니어 방문요양",False,,,,,,2026-07-12
경기시니어주야간보호센터,False,,,,,,2026-07-12
경기아스콘주식회사,False,,,,,,2026-07-12
경기엘리베이터주식회사,False,,,,,,2026-07-12
경기요양병원,True,경기요양병원,45.0,2824593.0,33895111.0,2026-05,2026-07-12
경기요양센터,False,,,,,,2026-07-12
경기우리요양원,True,경기우리요양원,22.0,2569263.0,30831152.0,2026-05,2026-07-12
경기의료복지사회적협동조합 재활주간보호센터,True,경기의료복지사회적협동조합 재활주간보호센터,9.0,2316543.0,27798519.0,2026-05,2026-07-12
경기의왕레일파크,True,경기의왕레일파크주식회사,3.0,2401704.0,28820444.0,2026-05,2026-07-12
경기이동목욕,False,,,,,,2026-07-12
경기인재가노인복지센터,False,,,,,,2026-07-12
경기자동차공업사,True,경기자동차공업사,14.0,4931413.0,59176952.0,2026-05,2026-07-12
경기재가방문요양센터,False,,,,,,2026-07-12
경기정화건물관리주식회사,False,,,,,,2026-07-12
경기종합주류상사,False,,,,,,2026-07-12
경기중부해바라기센터,True,경기중부해바라기센터,14.0,3272587.0,39271048.0,2026-05,2026-07-12
경기지역아동센터,True,경기지역아동센터,3.0,2327407.0,27928889.0,2026-05,2026-07-12
경기처인방문요양센터,True,경기처인방문요양센터,17.0,1369908.0,16438902.0,2026-05,2026-07-12
경기천사재가센터,False,,,,,,2026-07-12
경기해양안전체험관,True,경기해양안전체험관,39.0,3318661.0,39823932.0,2026-05,2026-07-12
경남대학교,True,경남대학교,409.0,1875263.0,22503152.0,2026-05,2026-07-12
경남산업(주),True,경남산업(주),56.0,2378198.0,28538381.0,2026-05,2026-07-12
경남테크,False,,,,,,2026-07-12
경남판지(주),True,경남판지(주),34.0,4012908.0,48154902.0,2026-05,2026-07-12
경남１차A입주자대표회의,False,,,,,,2026-07-12
경덕재 방문요양센터,True,경덕재 방문요양센터,5.0,1691378.0,20296533.0,2026-05,2026-07-12
경덕재주간보호센터 여주점,False,,,,,,2026-07-12
경덕재주간보호센터오포점,False,,,,,,2026-07-12
경도계전 주식회사,True,경도계전　주식회사,5.0,2996267.0,35955200.0,2026-05,2026-07-12
경도화학공업(주),True,경도화학공업(주),32.0,4003799.0,48045583.0,2026-05,2026-07-12
경동남양주동부대리점,False,,,,,,2026-07-12
경동노인요양원,False,,,,,,2026-07-12
경동스틸 주식회사,False,,,,,,2026-07-12
경동이삭적재함,False,,,,,,2026-07-12
경동중전기,True,경동중전기(주),9.0,3393086.0,40717037.0,2026-05,2026-07-12
경동택배,False,,,,,,2026-07-12
경방박스,False,,,,,,2026-07-12
경복대학교,False,,,,,,2026-07-12
경복유치원,False,,,,,,2026-07-12
경부건설(주),True,경부건설(주),10.0,2942333.0,35308000.0,2026-05,2026-07-12
경성산업관리 주식회사,False,,,,,,2026-07-12
경성실버복지센터,False,,,,,,2026-07-12
경성포장,False,,,,,,2026-07-12
경수카서비스,False,,,,,,2026-07-12
경신개발환경(주),True,경신개발환경(주),6.0,3158815.0,37905778.0,2026-05,2026-07-12
경안뜰어린이집,True,경안뜰어린이집,21.0,2047238.0,24566857.0,2026-05,2026-07-12
경우정밀,True,경우정밀,13.0,3065846.0,36790154.0,2026-05,2026-07-12
경원내산펌프공업,False,,,,,,2026-07-12
경원포장산업,True,경원포장산업주식회사,34.0,5303608.0,63643294.0,2026-05,2026-07-12
경원화학,True,경원화학(주),11.0,4974222.0,59690667.0,2026-05,2026-07-12
경이물류,False,,,,,,2026-07-12
경인기계,True,(주)경인기계,69.0,3373311.0,40479729.0,2026-05,2026-07-12
경인기독신문,False,,,,,,2026-07-12
경인노인복지센터,True,경인노인복지센터,7.0,1388127.0,16657524.0,2026-05,2026-07-12
경인노인재가복지센터,False,,,,,,2026-07-12
경인실버복지센터,False,,,,,,2026-07-12
경인에코텍주식회사(서인천지점),False,,,,,,2026-07-12
경인정밀,True,경인정밀,10.0,4147022.0,49764267.0,2026-05,2026-07-12
경인제일재가복지센터,False,,,,,,2026-07-12
경인특장(주),False,,,,,,2026-07-12
경일산업기계,False,,,,,,2026-07-12
경일산업사,False,,,,,,2026-07-12
경일정밀,True,경일정밀,10.0,3815222.0,45782667.0,2026-05,2026-07-12
경일프라스틱,False,,,,,,2026-07-12
경진기업(주),True,경진기업(주),4.0,2647278.0,31767333.0,2026-05,2026-07-12
경진부로아,True,경진부로아(주),35.0,3292171.0,39506057.0,2026-05,2026-07-12
경창산업,True,경창산업,44.0,3688934.0,44267212.0,2026-05,2026-07-12
경호eng주식회사,False,,,,,,2026-07-12
경희대석사태권도장,False,,,,,,2026-07-12
경희도담한방병원,True,경희도담한방병원,19.0,3115462.0,37385544.0,2026-05,2026-07-12
경희방문요양센터,True,경희방문요양센터,10.0,1487000.0,17844000.0,2026-05,2026-07-12
경희백한방병원,True,경희백한방병원,30.0,3335074.0,40020889.0,2026-05,2026-07-12
경희요양원,True,경희요양원,19.0,2394959.0,28739509.0,2026-05,2026-07-12
경희인테리어가구,False,,,,,,2026-07-12
경희재가복지센터,False,,,,,,2026-07-12
경희재활요양원,False,,,,,,2026-07-12
경희프라임한방병원,True,경희프라임한방병원,35.0,3340470.0,40085638.0,2026-05,2026-07-12
계산프라자번영회,False,,,,,,2026-07-12
계식이푸드,False,,,,,,2026-07-12
계양구청,True,계양구청,34.0,3924190.0,47090275.0,2026-05,2026-07-12
계양다사랑요양센터,False,,,,,,2026-07-12
계양다사랑요양원,False,,,,,,2026-07-12
계양부일환경(주),True,계양부일환경(주),32.0,4527993.0,54335917.0,2026-05,2026-07-12
계양사랑나눔장기요양보호센터,False,,,,,,2026-07-12
계양사랑방노인복지센터,False,,,,,,2026-07-12
계양특장,False,,,,,,2026-07-12
계양효(孝)요양원,True,계양효(孝)요양원,16.0,2378458.0,28541500.0,2026-05,2026-07-12
계요병원,True,계요병원,200.0,4007912.0,48094947.0,2026-05,2026-07-12
고(go) 시니어 방문요양재가센터,False,,,,,,2026-07-12
고강이엔지 주식회사,True,고강이엔지 주식회사,5.0,2373244.0,28478933.0,2026-05,2026-07-12
고구려복지센터,True,고구려복지센터,6.0,949444.0,11393333.0,2026-05,2026-07-12
고구려서제본갈비,False,,,,,,2026-07-12
고구려엔지니어링,True,고구려엔지니어링(주),25.0,3724969.0,44699627.0,2026-05,2026-07-12
고깨비시장 주식회사,False,,,,,,2026-07-12
고덕시립LH12단지 어린이집,False,,,,,,2026-07-12
고덕요양방문센터,False,,,,,,2026-07-12
고덕자이상가 관리단,False,,,,,,2026-07-12
고덕재가복지센터,False,,,,,,2026-07-12
고든램지스트리트버거 현대백화점무역센터점,True,고든램지스트리트버거 현대백화점무역센터점,9.0,2764543.0,33174519.0,2026-05,2026-07-12
고등동복지관어린이집,True,고등동복지관어린이집,16.0,2489444.0,29873333.0,2026-05,2026-07-12
고려대 인하본관(레드관),False,,,,,,2026-07-12
고려수재활병원,False,,,,,,2026-07-12
고려식품(주),False,,,,,,2026-07-12
고려연합의원,False,,,,,,2026-07-12
고려운수(주),True,고려운수(주),44.0,2316864.0,27802364.0,2026-05,2026-07-12
고려포장(주),True,고려포장(주),40.0,3674278.0,44091333.0,2026-05,2026-07-12
고림포장주식회사,True,고림포장주식회사,12.0,3328815.0,39945778.0,2026-05,2026-07-12
고메스퀘어 별내점,True,고메스퀘어 별내점,13.0,3333111.0,39997333.0,2026-05,2026-07-12
고봉민김밥인 인천송도풍림아이원점,False,,,,,,2026-07-12
고사리노인복지센터,False,,,,,,2026-07-12
고산실업(주),True,고산실업(주),25.0,2679867.0,32158400.0,2026-05,2026-07-12
고색방문요양센터,False,,,,,,2026-07-12
고수련데이케어센터,True,고수련데이케어센터,10.0,2226778.0,26721333.0,2026-05,2026-07-12
고양TMS,True,고양TMS,11.0,2880081.0,34560970.0,2026-05,2026-07-12
고양노인복지센터,True,고양노인복지센터,17.0,1402719.0,16832627.0,2026-05,2026-07-12
고양노인주야간보호센터,True,고양노인주야간보호센터,12.0,2459593.0,29515111.0,2026-05,2026-07-12
고양누리노인복지센터,True,고양누리노인복지센터,17.0,1338627.0,16063529.0,2026-05,2026-07-12
고양방문요양센터,False,,,,,,2026-07-12
고양삼송해바라기요양원,False,,,,,,2026-07-12
고양소망노인복지센터,True,고양소망노인복지센터,12.0,2219056.0,26628667.0,2026-05,2026-07-12
고양시건강가정지원센터,True,고양시건강가정지원센터,175.0,1970819.0,23649829.0,2026-05,2026-07-12
고양시니어클럽,True,고양시니어클럽,30.0,3272644.0,39271733.0,2026-05,2026-07-12
고양시덕양노인종합복지관,False,,,,,,2026-07-12
고양시립 원흥 어린이집,False,,,,,,2026-07-12
고양시립고양어린이집,False,,,,,,2026-07-12
고양시삼송동종합복지회관,True,고양시삼송동종합복지회관,19.0,2139251.0,25671018.0,2026-05,2026-07-12
고양실버재가센터,True,고양실버재가센터,15.0,1113363.0,13360356.0,2026-05,2026-07-12
고양외국어고등학교,True,고양외국어고등학교,37.0,3580126.0,42961514.0,2026-05,2026-07-12
고양우리집,False,,,,,,2026-07-12
고양은혜마을,True,고양은혜마을,7.0,2691270.0,32295238.0,2026-05,2026-07-12
고양참조은방문요양센터,False,,,,,,2026-07-12
고양힐링스요양병원,False,,,,,,2026-07-12
고우리 사회적협동조합,True,고우리 사회적협동조합,169.0,1724805.0,20697657.0,2026-05,2026-07-12
고운 간호요양센터,False,,,,,,2026-07-12
고운마음방문요양센터,False,,,,,,2026-07-12
고운마음재가요양센터,False,,,,,,2026-07-12
고운맘요양원,False,,,,,,2026-07-12
고운방문요양센터,True,고운방문요양센터,4.0,2182056.0,26184667.0,2026-05,2026-07-12
고운복지센터,False,,,,,,2026-07-12
고운빛요양원,False,,,,,,2026-07-12
고운손 방문요양간호센터,False,,,,,,2026-07-12
고운손길재가복지센터,False,,,,,,2026-07-12
고운손방문요양센터,True,고운손방문요양센터,10.0,1228089.0,14737067.0,2026-05,2026-07-12
고운손재가복지센터,True,(주)고운손재가복지센터,6.0,942889.0,11314667.0,2026-05,2026-07-12
고운손재가센터,False,,,,,,2026-07-12
고운손주야간보호센터,False,,,,,,2026-07-12
고운어린이집,True,고운어린이집,10.0,2560489.0,30725867.0,2026-05,2026-07-12
고운정재가복지센터,False,,,,,,2026-07-12
고운황금손 용인점,False,,,,,,2026-07-12
고은 요양원,False,,,,,,2026-07-12
고은별어린이집,True,고은별어린이집,11.0,2204384.0,26452606.0,2026-05,2026-07-12
고은빛노인재가복지센터,True,고은빛노인재가복지센터,13.0,1777795.0,21333538.0,2026-05,2026-07-12
고은빛심리상담센터,False,,,,,,2026-07-12
고은빛재가복지센터,False,,,,,,2026-07-12
고은사랑방문요양센터,True,고은사랑방문요양센터,20.0,1300978.0,15611733.0,2026-05,2026-07-12
고은손요양원,True,고은손요양원,14.0,2418222.0,29018667.0,2026-05,2026-07-12
고은엔지니어링,True,유한회사 고은엔지니어링,6.0,2481556.0,29778667.0,2026-05,2026-07-12
고은재가복지센터,False,,,,,,2026-07-12
고은재가장기요양기관,False,,,,,,2026-07-12
고은재활주야간보호센터,True,고은재활주야간보호센터,10.0,2041489.0,24497867.0,2026-05,2026-07-12
고잉홈(going home) 헤어,False,,,,,,2026-07-12
고향의봄 요양원,True,고향의봄 요양원,11.0,2683980.0,32207758.0,2026-05,2026-07-12
고향의봄재가센터,True,고향의봄재가센터,15.0,1287348.0,15448178.0,2026-05,2026-07-12
골드린 재가복지센터,False,,,,,,2026-07-12
골드오션,False,,,,,,2026-07-12
골든네스트요양원,True,골든네스트요양원,15.0,2482178.0,29786133.0,2026-05,2026-07-12
골든네스트케어원,True,골든네스트케어원,7.0,2329746.0,27956952.0,2026-05,2026-07-12
골든데이 요양원,False,,,,,,2026-07-12
골든존,True,주식회사골든존,16.0,2766764.0,33201167.0,2026-05,2026-07-12
골든캐슬요양원,False,,,,,,2026-07-12
골든케어널싱홈 주식회사,True,골든케어널싱홈 주식회사,18.0,2677543.0,32130519.0,2026-05,2026-07-12
골든팩키지주식회사,True,골든팩키지주식회사,27.0,3203449.0,38441383.0,2026-05,2026-07-12
골든힐요양원,True,골든힐요양원,23.0,2570831.0,30849971.0,2026-05,2026-07-12
골목안채,False,,,,,,2026-07-12
골프프렌드 수원영통점,False,,,,,,2026-07-12
곰달래복지센터,False,,,,,,2026-07-12
곰돌이방문요양센터,False,,,,,,2026-07-12
공간하우징,True,공간하우징주식회사,6.0,3147074.0,37764889.0,2026-05,2026-07-12
공감 노인 복지 센터,False,,,,,,2026-07-12
공감노인복지재가센터,False,,,,,,2026-07-12
공감방문요양센터,False,,,,,,2026-07-12
공감보호작업장,True,공감보호작업장,19.0,1371743.0,16460912.0,2026-05,2026-07-12
공감재가노인복지센터,False,,,,,,2026-07-12
공감재가복지센터,True,공감재가복지센터,11.0,1267798.0,15213576.0,2026-05,2026-07-12
공감재가센터,False,,,,,,2026-07-12
공감케어재가복지센터,False,,,,,,2026-07-12
공경의집,True,공경의집,20.0,2727389.0,32728667.0,2026-05,2026-07-12
공군제15혼성비행단,False,,,,,,2026-07-12
공도 동춘옥,False,,,,,,2026-07-12
공도방문요양센터,False,,,,,,2026-07-12
공도지역아동센터,True,공도지역아동센터,4.0,2552500.0,30630000.0,2026-05,2026-07-12
공릉동길성아파트입주자대표회의,False,,,,,,2026-07-12
공릉어르신복지센터,False,,,,,,2026-07-12
공립더샵행복누리어린이집,True,공립더샵행복누리어린이집,16.0,2582792.0,30993500.0,2026-05,2026-07-12
공립더함어린이집,True,공립더함어린이집,11.0,2592081.0,31104970.0,2026-05,2026-07-12
공립숲속라라어린이집,True,공립숲속라라어린이집,17.0,2366614.0,28399373.0,2026-05,2026-07-12
공무원수도권상조,False,,,,,,2026-07-12
공생복지협동조합 데이케어하우스,False,,,,,,2026-07-12
공연배달서비스 간다,False,,,,,,2026-07-12
공영급행(주),False,,,,,,2026-07-12
공우이엔씨(주),False,,,,,,2026-07-12
공우이엔씨(주)세운스퀘어,False,,,,,,2026-07-12
공임나라 고등점,False,,,,,,2026-07-12
공임나라서울가양점,False,,,,,,2026-07-12
공정 노무법인,True,공정 노무법인,14.0,2594984.0,31139810.0,2026-05,2026-07-12
공정기업(주),True,공정기업(주),35.0,1820394.0,21844724.0,2026-05,2026-07-12
과천경찰서,False,,,,,,2026-07-12
과천그랑레브데시앙다함께돌봄센터,False,,,,,,2026-07-12
과천노인복지센터,True,과천노인복지센터,12.0,1446167.0,17354000.0,2026-05,2026-07-12
과천동다함께돌봄센터,True,과천동다함께돌봄센터,3.0,2691630.0,32299556.0,2026-05,2026-07-12
과천두근두근공동체교육사회적협동조합,True,과천두근두근공동체교육사회적협동조합,4.0,2864222.0,34370667.0,2026-05,2026-07-12
과천문화원,True,과천문화원,10.0,3031444.0,36377333.0,2026-05,2026-07-12
과천산업(주),True,과천산업(주),3.0,4541630.0,54499556.0,2026-05,2026-07-12
과천시노인복지관,False,,,,,,2026-07-12
과천시립 꽃다온어린이집,False,,,,,,2026-07-12
과천시립 지혜숲어린이집,False,,,,,,2026-07-12
과천시시설관리공단,False,,,,,,2026-07-12
과천시장애인복지관,True,과천시장애인복지관,98.0,3055726.0,36668707.0,2026-05,2026-07-12
과천시청소년지원센터,False,,,,,,2026-07-12
과천행복노인복지센터,True,과천행복노인복지센터,11.0,2240990.0,26891879.0,2026-05,2026-07-12
과학시스템(주),True,과학시스템(주),12.0,5376130.0,64513556.0,2026-05,2026-07-12
곽철은세무회계사무소,False,,,,,,2026-07-12
관세법인더블유,True,관세법인더블유,20.0,3325278.0,39903333.0,2026-05,2026-07-12
관악구보육정보센터,False,,,,,,2026-07-12
관악구장애인가족지원센터,True,관악구장애인가족지원센터,4.0,2649389.0,31792667.0,2026-05,2026-07-12
관악나오미재가복지센터,False,,,,,,2026-07-12
관악난향데이케어센터,False,,,,,,2026-07-12
관악방문요양센터,False,,,,,,2026-07-12
관악복지협동조합,True,관악복지협동조합,14.0,1493095.0,17917143.0,2026-05,2026-07-12
관악아가페데이케어센터,True,관악아가페데이케어센터,8.0,2165972.0,25991667.0,2026-05,2026-07-12
관악일자리행복주식회사,True,관악일자리행복주식회사,12.0,2397519.0,28770222.0,2026-05,2026-07-12
관악장애인자립생활센터,True,관악장애인자립생활센터,71.0,1693646.0,20323756.0,2026-05,2026-07-12
관악재가노인복지센터,False,,,,,,2026-07-12
관악중앙데이케어,False,,,,,,2026-07-12
관악중앙실버타운,False,,,,,,2026-07-12
관악치매전문요양센터,False,,,,,,2026-07-12
관양흰돌지역아동센터,True,관양흰돌지역아동센터,5.0,2553911.0,30646933.0,2026-05,2026-07-12
관음손 요양원,False,,,,,,2026-07-12
광고가조으니,False,,,,,,2026-07-12
광교노인복지관,True,광교노인복지관,68.0,2511523.0,30138275.0,2026-05,2026-07-12
광교세무법인,True,광교세무법인,18.0,4047790.0,48573481.0,2026-05,2026-07-12
광교연세정신건강의학과의원,False,,,,,,2026-07-12
광교재가복지센터,True,광교재가복지센터,14.0,1319175.0,15830095.0,2026-05,2026-07-12
광교테라스힐 관리단,False,,,,,,2026-07-12
광덕금속,True,주식회사광덕금속,9.0,3390222.0,40682667.0,2026-05,2026-07-12
광덕안정한의원 금천시흥점,False,,,,,,2026-07-12
광덕안정한의원 서울대입구점,False,,,,,,2026-07-12
광동상사,False,,,,,,2026-07-12
광릉내요양원,False,,,,,,2026-07-12
광릉레져개발(주),False,,,,,,2026-07-12
광림제재소,False,,,,,,2026-07-12
광림특장차 주식회사,False,,,,,,2026-07-12
광림피아이디주식회사,False,,,,,,2026-07-12
광명금속,True,광명금속(주),30.0,4636141.0,55633689.0,2026-05,2026-07-12
광명노인복지센터,True,광명노인복지센터,5.0,1485067.0,17820800.0,2026-05,2026-07-12
광명노인요양원,True,광명노인요양원,11.0,2930606.0,35167273.0,2026-05,2026-07-12
광명면력한방병원,True,광명면력한방병원,75.0,3373612.0,40483342.0,2026-05,2026-07-12
광명복지센터,True,광명복지센터,11.0,1768182.0,21218182.0,2026-05,2026-07-12
광명새움병원,True,광명새움병원,83.0,4155944.0,49871325.0,2026-05,2026-07-12
광명시노인종합복지관,False,,,,,,2026-07-12
광명시육아종합지원센터,True,광명시육아종합지원센터,44.0,2578197.0,30938364.0,2026-05,2026-07-12
광명시청,False,,,,,,2026-07-12
광명실업(주),True,광명실업(주),3.0,2554370.0,30652444.0,2026-05,2026-07-12
광명요양원,True,광명요양원,8.0,2102444.0,25229333.0,2026-05,2026-07-12
광명천사요양원,True,광명천사요양원,6.0,2516222.0,30194667.0,2026-05,2026-07-12
광민산업,True,광민산업,13.0,2915692.0,34988308.0,2026-05,2026-07-12
광복호,False,,,,,,2026-07-12
광성CRT(주),False,,,,,,2026-07-12
광성지엠(주),True,광성지엠(주),17.0,4074784.0,48897412.0,2026-05,2026-07-12
광성테크,True,(주)광성테크,4.0,3161833.0,37942000.0,2026-05,2026-07-12
광신금속,True,주식회사 광신금속,3.0,4116667.0,49400000.0,2026-05,2026-07-12
광신스틸주식회사,False,,,,,,2026-07-12
광신철강(주),True,광신철강(주),10.0,3247267.0,38967200.0,2026-05,2026-07-12
광신포장(주),False,,,,,,2026-07-12
광인에스테이트서비스 주식회사,False,,,,,,2026-07-12
광일 Inc.,False,,,,,,2026-07-12
광일이노텍(주),True,광일이노텍(주),38.0,4153678.0,49844140.0,2026-05,2026-07-12
광장동 가온 명동점,False,,,,,,2026-07-12
광장빌딩관리회,False,,,,,,2026-07-12
광주노인복지센터,True,광주노인복지센터,7.0,2393873.0,28726476.0,2026-05,2026-07-12
광주도척주간보호센터,False,,,,,,2026-07-12
광주성심재가복지센터,False,,,,,,2026-07-12
광주시다함께돌봄센터4호점(경안동도시재생플랫폼YF)인성소통협회,False,,,,,,2026-07-12
광주웰케어노인요양원,True,광주웰케어노인요양원,24.0,2640639.0,31687667.0,2026-05,2026-07-12
광주재가노인복지센터,True,광주재가노인복지센터,20.0,1129456.0,13553467.0,2026-05,2026-07-12
광주점기아오토큐주식회사,True,광주점기아오토큐주식회사,8.0,3671306.0,44055667.0,2026-05,2026-07-12
광주퇴촌재가복지센터,False,,,,,,2026-07-12
광주효주야간보호센터,False,,,,,,2026-07-12
광진공영(주),True,광진공영(주),5.0,3384667.0,40616000.0,2026-05,2026-07-12
광진구의자라다남아미술학원,False,,,,,,2026-07-12
광진나눔장애인자립생활센터,True,광진나눔장애인자립생활센터,74.0,2085033.0,25020396.0,2026-05,2026-07-12
광진방문요양센터,False,,,,,,2026-07-12
광진어르신 돌봄센터,False,,,,,,2026-07-12
광진재가복지센터,False,,,,,,2026-07-12
광진재가요양기관,False,,,,,,2026-07-12
광진플라텍,False,,,,,,2026-07-12
광진희망복지센터,False,,,,,,2026-07-12
광창기업사,False,,,,,,2026-07-12
광천엘리베이터,True,광천엘리베이터,12.0,3253352.0,39040222.0,2026-05,2026-07-12
광호s&p,False,,,,,,2026-07-12
교보생명(주),False,,,,,,2026-07-12
교육.보육,False,,,,,,2026-07-12
교하효요양원,True,교하효요양원,15.0,2534059.0,30408711.0,2026-05,2026-07-12
구구팔팔 재가복지센터,False,,,,,,2026-07-12
구구팔팔재가복지센터,True,구구팔팔재가복지센터,14.0,1469048.0,17628571.0,2026-05,2026-07-12
구레이쓰이온코리아(주),False,,,,,,2026-07-12
구로관악금천산모피아,False,,,,,,2026-07-12
구로구 느린학습자 지원센터,True,구로구 느린학습자 지원센터,4.0,3087500.0,37050000.0,2026-05,2026-07-12
구로구립장애인보호작업장,True,구로구립장애인보호작업장,46.0,1244362.0,14932348.0,2026-05,2026-07-12
구로구청소년상담복지센터,True,구로구청소년상담복지센터,14.0,3392381.0,40708571.0,2026-05,2026-07-12
구로나누미 노인복지센터,False,,,,,,2026-07-12
구로사랑노인복지센터,False,,,,,,2026-07-12
구로은빛노인복지센터,False,,,,,,2026-07-12
구로종합사회복지관병설 구로바른데이케어센터,False,,,,,,2026-07-12
구로푸른요양원,True,구로푸른요양원,19.0,2497743.0,29972912.0,2026-05,2026-07-12
구루터기 어린이집,False,,,,,,2026-07-12
구름채꿈의어린이집,False,,,,,,2026-07-12
구리사노 452,False,,,,,,2026-07-12
구리샬롬의집,False,,,,,,2026-07-12
구리시장애인종합복지관,False,,,,,,2026-07-12
구리한양요양원,True,구리한양요양원,14.0,2226444.0,26717333.0,2026-05,2026-07-12
구립 공덕삼성어린이집,False,,,,,,2026-07-12
구립 마장꿈이랑 지역아동센터,True,구립 마장꿈이랑 지역아동센터,3.0,2974815.0,35697778.0,2026-05,2026-07-12
구립 서구치매전담형주야간보호센터,False,,,,,,2026-07-12
구립 아기둥지어린이집,False,,,,,,2026-07-12
구립 아리아 어린이집,False,,,,,,2026-07-12
구립 아이랑어린이집,True,구립 아이랑어린이집,9.0,2499358.0,29992296.0,2026-05,2026-07-12
구립 엔젤아이어린이집,False,,,,,,2026-07-12
구립 청계에스케이뷰어린이집,False,,,,,,2026-07-12
구립 퍼스티어다은어린이집,False,,,,,,2026-07-12
구립 퍼스티어라별어린이집,True,구립 퍼스티어라별어린이집,17.0,2327791.0,27933490.0,2026-05,2026-07-12
구립 해달별어린이집,False,,,,,,2026-07-12
구립 헤리티지어린이집,False,,,,,,2026-07-12
구립 현대 키즈맘 어린이집,True,구립 현대 키즈맘 어린이집,8.0,2507667.0,30092000.0,2026-05,2026-07-12
구립가재울데이케어센터,False,,,,,,2026-07-12
구립강남어린이집,True,구립강남어린이집,10.0,2419044.0,29028533.0,2026-05,2026-07-12
구립꿈초롱어린이집,False,,,,,,2026-07-12
구립노을어린이집,False,,,,,,2026-07-12
구립논현어린이집,False,,,,,,2026-07-12
구립대치데이케어센터,False,,,,,,2026-07-12
구립도로시몬테소리어린이집,False,,,,,,2026-07-12
구립동작실버센터,False,,,,,,2026-07-12
구립드보라어린이집,True,구립드보라어린이집,6.0,2630741.0,31568889.0,2026-05,2026-07-12
구립명성어린이집,False,,,,,,2026-07-12
구립무지개어린이집,True,구립무지개어린이집,22.0,2182717.0,26192606.0,2026-05,2026-07-12
구립서대문노인전문요양센터,True,구립서대문노인전문요양센터,27.0,2748469.0,32981630.0,2026-05,2026-07-12
구립서초남서울어린이집,False,,,,,,2026-07-12
구립서초노인요양센터,True,구립서초노인요양센터,74.0,2877357.0,34528288.0,2026-05,2026-07-12
구립서초데이케어센터,True,구립서초데이케어센터,14.0,2194365.0,26332381.0,2026-05,2026-07-12
구립센트럴아이파크 어린이집,False,,,,,,2026-07-12
구립소나무어린이집,True,구립소나무어린이집,11.0,2492566.0,29910788.0,2026-05,2026-07-12
구립송파노인요양센터,True,구립송파노인요양센터,50.0,2723284.0,32679413.0,2026-05,2026-07-12
구립송파치매케어센터,False,,,,,,2026-07-12
구립신대방누리어린이집,True,구립신대방누리어린이집,13.0,2439658.0,29275897.0,2026-05,2026-07-12
구립양천데이케어센터,True,구립양천데이케어센터,7.0,2440222.0,29282667.0,2026-05,2026-07-12
구립양천어르신요양센터,True,구립양천어르신요양센터,35.0,2669314.0,32031771.0,2026-05,2026-07-12
구립엄마품어린이집,False,,,,,,2026-07-12
구립연화어린이집,True,구립연화어린이집,19.0,2542409.0,30508912.0,2026-05,2026-07-12
구립온새미어린이집,True,구립온새미어린이집,14.0,2509571.0,30114857.0,2026-05,2026-07-12
구립우애들어린이집,False,,,,,,2026-07-12
구립이화우성어린이집,False,,,,,,2026-07-12
구립종로노인종합복지관,False,,,,,,2026-07-12
구립코알라어린이집,True,구립코알라어린이집,10.0,2354356.0,28252267.0,2026-05,2026-07-12
구립트윈파크어린이집,True,구립트윈파크어린이집,17.0,2415150.0,28981804.0,2026-05,2026-07-12
구립하나푸르니신길어린이집,True,구립하나푸르니신길어린이집,35.0,2335740.0,28028876.0,2026-05,2026-07-12
구립한남노인요양원,True,구립한남노인요양원,26.0,2744197.0,32930359.0,2026-05,2026-07-12
구립한숲어린이집,False,,,,,,2026-07-12
구립해송노인요양원,False,,,,,,2026-07-12
구립홍익어린이집,True,구립홍익어린이집,21.0,2678910.0,32146921.0,2026-05,2026-07-12
구립효창데이케어센터,True,구립효창데이케어센터,7.0,2008190.0,24098286.0,2026-05,2026-07-12
구미재가노인복지센터,False,,,,,,2026-07-12
구민버스 주식회사,False,,,,,,2026-07-12
구성노인전문요양원,True,구성노인전문요양원,30.0,2670022.0,32040267.0,2026-05,2026-07-12
구성농업협동조합,True,구성농업협동조합,93.0,5789030.0,69468358.0,2026-05,2026-07-12
구성농협 재가노인복지센터,False,,,,,,2026-07-12
구성로벌집 떡볶이,False,,,,,,2026-07-12
구세군홍제데이케어센터,True,구세군홍제데이케어센터,10.0,2241333.0,26896000.0,2026-05,2026-07-12
구운지역아동센터,True,구운지역아동센터,4.0,2500778.0,30009333.0,2026-05,2026-07-12
구은농장,False,,,,,,2026-07-12
구의쿠키즈어린이집,False,,,,,,2026-07-12
국공립 두산위브 어린이집,True,국공립 두산위브 어린이집,17.0,2161216.0,25934588.0,2026-05,2026-07-12
국공립 방이즐거운어린이집,True,국공립 방이즐거운어린이집,12.0,2002500.0,24030000.0,2026-05,2026-07-12
국공립 클래스원어린이집,True,국공립 클래스원어린이집,13.0,2486957.0,29843487.0,2026-05,2026-07-12
국공립 판교더샵어린이집,False,,,,,,2026-07-12
국공립 행복주택어린이집,False,,,,,,2026-07-12
국공립늘해랑어린이집,True,국공립늘해랑어린이집,13.0,2484530.0,29814359.0,2026-05,2026-07-12
국공립아라금호어울림어린이집,True,국공립아라금호어울림어린이집,18.0,2162148.0,25945778.0,2026-05,2026-07-12
국공립아라이음어린이집,True,국공립아라이음어린이집,23.0,2285314.0,27423768.0,2026-05,2026-07-12
국공립코아루어린이집,False,,,,,,2026-07-12
국공립파크레인어린이집,True,국공립파크레인어린이집,13.0,2283983.0,27407795.0,2026-05,2026-07-12
국공립푸른어린이집,False,,,,,,2026-07-12
국공립힐스꿈어린이집,True,국공립힐스꿈어린이집,15.0,2422933.0,29075200.0,2026-05,2026-07-12
국군복지단,True,국군복지단,2828.0,3208593.0,38503119.0,2026-05,2026-07-12
국대금속,False,,,,,,2026-07-12
국도교역주식회사,True,국도교역주식회사,8.0,4524778.0,54297333.0,2026-05,2026-07-12
국립국악원,True,국립국악원,97.0,2548147.0,30577759.0,2026-05,2026-07-12
국립국악원 직원복지회,False,,,,,,2026-07-12
국립국제교육원,True,국립국제교육원,93.0,2809840.0,33718079.0,2026-05,2026-07-12
국립자연휴양림관리소,True,국립자연휴양림관리소,122.0,2879614.0,34555366.0,2026-05,2026-07-12
국립중앙도서관책사랑어린이집,True,국립중앙도서관책사랑어린이집,7.0,3232476.0,38789714.0,2026-05,2026-07-12
국립중앙청소년디딤센터,True,국립중앙청소년디딤센터,88.0,3300520.0,39606242.0,2026-05,2026-07-12
국립한경대학교,False,,,,,,2026-07-12
국민방문요양센터 주식회사,False,,,,,,2026-07-12
국민벤딩,False,,,,,,2026-07-12
국민재가노인복지센터,True,국민재가노인복지센터,18.0,1263383.0,15160593.0,2026-05,2026-07-12
국민재가방문요양기관,False,,,,,,2026-07-12
국송산업(주),False,,,,,,2026-07-12
국수돌봄 재가복지센터,False,,,,,,2026-07-12
국일문화사,True,국일문화사,15.0,3877867.0,46534400.0,2026-05,2026-07-12
국일특수인쇄주식회사,True,국일특수인쇄주식회사,65.0,4688626.0,56263508.0,2026-05,2026-07-12
국일특수지(주),True,국일특수지(주),25.0,3491636.0,41899627.0,2026-05,2026-07-12
국일판지(주),False,,,,,,2026-07-12
국제기술교육원,False,,,,,,2026-07-12
국제메디칼요양원,False,,,,,,2026-07-12
국제샤링,False,,,,,,2026-07-12
국제유통 주식회사,False,,,,,,2026-07-12
국제이엔지,True,(주)국제이엔지,6.0,3004889.0,36058667.0,2026-05,2026-07-12
국제종합관리주식회사,False,,,,,,2026-07-12
국제커리어센터 경기성남,False,,,,,,2026-07-12
국제커리어센터경기안산,False,,,,,,2026-07-12
국제커리어센터서울북부,True,국제커리어센터서울북부,6.0,2211407.0,26536889.0,2026-05,2026-07-12
국제커피제과직업전문학원,False,,,,,,2026-07-12
국제프로토산업,False,,,,,,2026-07-12
군자 연세데이케어센터,False,,,,,,2026-07-12
군자요양원,True,군자요양원,26.0,2414590.0,28975077.0,2026-05,2026-07-12
군포문화원,True,군포문화원,5.0,2869556.0,34434667.0,2026-05,2026-07-12
군포사랑채재활주간보호센터,True,군포사랑채재활주간보호센터,14.0,2247556.0,26970667.0,2026-05,2026-07-12
군포시 노동종합복지관,True,군포시 노동종합복지관,15.0,2857363.0,34288356.0,2026-05,2026-07-12
군포시다함께돌봄센터 재궁동점,False,,,,,,2026-07-12
군포시다함께돌봄센터숲속반디채점,False,,,,,,2026-07-12
군포예사랑재가복지센터,False,,,,,,2026-07-12
군포온누리요양원,True,군포온누리요양원,23.0,2712048.0,32544580.0,2026-05,2026-07-12
군포윤사임당요양원,False,,,,,,2026-07-12
군포재가복지센터,False,,,,,,2026-07-12
군포케어119재가장기요양기관,True,군포케어119재가장기요양기관,13.0,1319880.0,15838564.0,2026-05,2026-07-12
군포효사랑요양원,False,,,,,,2026-07-12
굳잡스,True,굳잡스,13.0,1199983.0,14399795.0,2026-05,2026-07-12
굿닥터재활요양원,True,굿닥터재활요양원,16.0,2222764.0,26673167.0,2026-05,2026-07-12
굿데이케어센터,True,굿데이케어센터,17.0,2315399.0,27784784.0,2026-05,2026-07-12
굿맨,True,주식회사굿맨,3.0,2176074.0,26112889.0,2026-05,2026-07-12
굿모닝 방문요양센터,False,,,,,,2026-07-12
굿모닝 빌딩,False,,,,,,2026-07-12
굿모닝 요양원,False,,,,,,2026-07-12
굿모닝노인복지센터,True,굿모닝노인복지센터,10.0,1329733.0,15956800.0,2026-05,2026-07-12
굿모닝방문요양센터,False,,,,,,2026-07-12
굿모닝세무법인,True,굿모닝세무법인,3.0,3148963.0,37787556.0,2026-05,2026-07-12
굿모닝시티어린이집,False,,,,,,2026-07-12
굿모닝요양원,True,굿모닝요양원,4.0,2411333.0,28936000.0,2026-05,2026-07-12
굿모닝재가노인복지센터,True,굿모닝재가노인복지센터,20.0,1199722.0,14396667.0,2026-05,2026-07-12
굿모닝재가방문요양센터,False,,,,,,2026-07-12
굿모닝재가복지센터,True,굿모닝재가복지센터,11.0,1274970.0,15299636.0,2026-05,2026-07-12
굿모닝재활요양원,True,굿모닝재활요양원,24.0,2544380.0,30532556.0,2026-05,2026-07-12
굿모닝주간보호센터,True,굿모닝주간보호센터,12.0,1840556.0,22086667.0,2026-05,2026-07-12
굿모닝케어노인전문요양원,False,,,,,,2026-07-12
굿빈스(주),False,,,,,,2026-07-12
굿윌스토어 밀알수원북문점,False,,,,,,2026-07-12
굿윌스토어 부평점,False,,,,,,2026-07-12
굿재가복지센터,True,굿재가복지센터,11.0,2091071.0,25092848.0,2026-05,2026-07-12
굿즈닝,False,,,,,,2026-07-12
굿케어재가복지센터,True,굿케어재가복지센터,11.0,1279556.0,15354667.0,2026-05,2026-07-12
굿프랜드요양원,False,,,,,,2026-07-12
굿플러스 방문요양센터,False,,,,,,2026-07-12
굿피플데이케어센터,True,굿피플데이케어센터,10.0,1903978.0,22847733.0,2026-05,2026-07-12
굿하트 금천재가노인지원센터,False,,,,,,2026-07-12
굿하트재가복지센터인천남동,False,,,,,,2026-07-12
굿하트전문사례관리부천센타,False,,,,,,2026-07-12
권기대세무회계사무소,False,,,,,,2026-07-12
권숙향주간보호센터,False,,,,,,2026-07-12
권지단기흥국어독서전문학원,False,,,,,,2026-07-12
귀뚜라미보일러 동대문대리점,False,,,,,,2026-07-12
귀뚜라미에너지 제3고객,False,,,,,,2026-07-12
귀뚜라미에너지제10고객센터,False,,,,,,2026-07-12
규원,True,(주)규원,36.0,2932778.0,35193333.0,2026-05,2026-07-12
그노티,True,(주)그노티,18.0,4085531.0,49026370.0,2026-05,2026-07-12
그라테스요양원,True,그라테스요양원,18.0,2360667.0,28328000.0,2026-05,2026-07-12
그랑빌주상가관리단,False,,,,,,2026-07-12
그래도푸드(주),False,,,,,,2026-07-12
그래피온테크놀로지즈코리아(주),False,,,,,,2026-07-12
그레이스 실버케어센터,False,,,,,,2026-07-12
그레이스방문요양,True,그레이스방문요양,11.0,1433677.0,17204121.0,2026-05,2026-07-12
그레이스병원,True,그레이스병원,99.0,4031302.0,48375623.0,2026-05,2026-07-12
그레이스요양원,True,그레이스요양원,11.0,2292707.0,27512485.0,2026-05,2026-07-12
그레이스재활요양원,True,그레이스재활요양원,10.0,2288533.0,27462400.0,2026-05,2026-07-12
그루온재가복지센터,False,,,,,,2026-07-12
그루터기재가센터,False,,,,,,2026-07-12
그리심재가노인복지센터,False,,,,,,2026-07-12
그리심재활요양원,True,그리심재활요양원,11.0,2622384.0,31468606.0,2026-05,2026-07-12
그리코 주식회사,True,그리코 주식회사,7.0,3220444.0,38645333.0,2026-05,2026-07-12
그린1요양원,False,,,,,,2026-07-12
그린2요양원,False,,,,,,2026-07-12
그린나래어린이집,True,그린나래어린이집,12.0,1941981.0,23303778.0,2026-05,2026-07-12
그린내,True,그린내,58.0,2203540.0,26442483.0,2026-05,2026-07-12
그린너싱홈,False,,,,,,2026-07-12
그린방문요양재가센터,False,,,,,,2026-07-12
그린식품,True,(주)그린식품,33.0,4145657.0,49747879.0,2026-05,2026-07-12
그린실버복지센터,False,,,,,,2026-07-12
그린실버홈 요양원,True,그린실버홈 요양원,17.0,2467359.0,29608314.0,2026-05,2026-07-12
그린어린이집,True,그린어린이집,13.0,2327077.0,27924923.0,2026-05,2026-07-12
그린요양원,True,그린요양원,12.0,2264000.0,27168000.0,2026-05,2026-07-12
그린재가노인복지센터,True,그린재가노인복지센터,14.0,1298175.0,15578095.0,2026-05,2026-07-12
그린재가방문요양센터,True,그린재가방문요양센터,10.0,1414978.0,16979733.0,2026-05,2026-07-12
그린재가복지센터,True,그린재가복지센터,5.0,1371511.0,16458133.0,2026-05,2026-07-12
그린재가복지시설,False,,,,,,2026-07-12
그린재가센터,False,,,,,,2026-07-12
그린정밀,True,그린정밀(주),5.0,3691200.0,44294400.0,2026-05,2026-07-12
그린케어요양센터,False,,,,,,2026-07-12
그린코리아(주),False,,,,,,2026-07-12
그린코스주식회사,True,그린코스주식회사,372.0,3514580.0,42174961.0,2026-05,2026-07-12
그린테이블,True,주식회사그린테이블,4.0,4990056.0,59880667.0,2026-05,2026-07-12
그린테크,True,그린테크(주),8.0,4299222.0,51590667.0,2026-05,2026-07-12
그린푸드,True,(주)그린푸드,68.0,2340327.0,28083922.0,2026-05,2026-07-12
그린플러스,True,(주)그린플러스,101.0,4335263.0,52023155.0,2026-05,2026-07-12
그린한빛노인복지센터,False,,,,,,2026-07-12
그린힐요양원,True,그린힐요양원,22.0,2576566.0,30918788.0,2026-05,2026-07-12
그린힐홈케어,True,그린힐홈케어,15.0,1193333.0,14320000.0,2026-05,2026-07-12
그림공작소,False,,,,,,2026-07-12
그림재가노인복지센터,False,,,,,,2026-07-12
극동건드릴,True,(주)극동건드릴,4.0,2505333.0,30064000.0,2026-05,2026-07-12
극동건설(주),True,극동건설(주),569.0,5800005.0,69600066.0,2026-05,2026-07-12
극동계장,False,,,,,,2026-07-12
극동스포랜드,True,(주)극동스포랜드,23.0,2657652.0,31891826.0,2026-05,2026-07-12
극동통상(주),True,극동통상(주),14.0,2935714.0,35228571.0,2026-05,2026-07-12
근민정밀,False,,,,,,2026-07-12
근영금속산업(주),True,근영금속산업(주),3.0,3536667.0,42440000.0,2026-05,2026-07-12
근영재가복지센터,False,,,,,,2026-07-12
근영포장(주),True,근영포장(주),11.0,3486424.0,41837091.0,2026-05,2026-07-12
근하산업,False,,,,,,2026-07-12
글그림특수인쇄,False,,,,,,2026-07-12
글라라의집,True,글라라의집,26.0,2766658.0,33199897.0,2026-05,2026-07-12
글로리 재가 방문 요양센터,False,,,,,,2026-07-12
글로리데이케어센터,False,,,,,,2026-07-12
글로리아요양원,False,,,,,,2026-07-12
글로리텍,False,,,,,,2026-07-12
글로벌라이제이션,False,,,,,,2026-07-12
글로벌숲유치원,False,,,,,,2026-07-12
글로벌오디피,False,,,,,,2026-07-12
글로벌요양원,True,글로벌요양원,21.0,2348063.0,28176762.0,2026-05,2026-07-12
글로벌재무,True,글로벌재무,25.0,2614338.0,31372053.0,2026-05,2026-07-12
글로본(주),True,글로본(주),26.0,4387325.0,52647897.0,2026-05,2026-07-12
글로비안 주식회사,True,글로비안 주식회사,10.0,3675978.0,44111733.0,2026-05,2026-07-12
글샘 어린이집,False,,,,,,2026-07-12
금강경원일원 가로주택정비사업조합,False,,,,,,2026-07-12
금강노인복지센터,False,,,,,,2026-07-12
금강단기보호센터,False,,,,,,2026-07-12
금강도시환경(주),True,금강도시환경(주),25.0,2931422.0,35177067.0,2026-05,2026-07-12
금강송,True,(주)금강송,7.0,2114508.0,25374095.0,2026-05,2026-07-12
금강요양원,True,금강요양원,10.0,2503667.0,30044000.0,2026-05,2026-07-12
금강월드시스템,False,,,,,,2026-07-12
금강자연어린이집,True,금강자연어린이집,17.0,1952444.0,23429333.0,2026-05,2026-07-12
금강재가복지센터,True,금강재가복지센터,4.0,1141556.0,13698667.0,2026-05,2026-07-12
금강차유리,False,,,,,,2026-07-12
금강카인드 어린이집,False,,,,,,2026-07-12
금곡노인요양원,True,금곡노인요양원,17.0,2727529.0,32730353.0,2026-05,2026-07-12
금광방문복지센터,False,,,,,,2026-07-12
금남자동차공업(주),False,,,,,,2026-07-12
금녕산업,True,주식회사금녕산업,20.0,3938311.0,47259733.0,2026-05,2026-07-12
금능정밀(주),True,금능정밀(주),33.0,4346027.0,52152323.0,2026-05,2026-07-12
금돼지요양센터,False,,,,,,2026-07-12
금릉방문요양센터,False,,,,,,2026-07-12
금빛노인복지센터,False,,,,,,2026-07-12
금빛누리재가복지센터,False,,,,,,2026-07-12
금빛동행재가복지센터,False,,,,,,2026-07-12
금빛방문요양센터,True,금빛방문요양센터,22.0,1604202.0,19250424.0,2026-05,2026-07-12
금빛사랑재가복지센터,True,(주)금빛사랑재가복지센터,13.0,1419521.0,17034256.0,2026-05,2026-07-12
금빛재가노인복지센터,True,금빛재가노인복지센터,10.0,1287933.0,15455200.0,2026-05,2026-07-12
금빛재가복지센터,True,금빛재가복지센터,20.0,1525967.0,18311600.0,2026-05,2026-07-12
금빛재가복지센터(관악지점),False,,,,,,2026-07-12
금빛재가요양센터,False,,,,,,2026-07-12
금빛하나어린이집,True,금빛하나어린이집,17.0,2112902.0,25354824.0,2026-05,2026-07-12
금산실업,False,,,,,,2026-07-12
금상 이엔지,False,,,,,,2026-07-12
금상푸드,True,금상푸드,11.0,3215535.0,38586424.0,2026-05,2026-07-12
금성노인복지센터,True,금성노인복지센터,4.0,2409278.0,28911333.0,2026-05,2026-07-12
금성모터스,True,주식회사금성모터스,8.0,3842667.0,46112000.0,2026-05,2026-07-12
금성산업 주식회사,False,,,,,,2026-07-12
금성에어텍(주),False,,,,,,2026-07-12
금성에이스산업(주),True,금성에이스산업(주),127.0,4404282.0,52851381.0,2026-05,2026-07-12
금성콘크리트,False,,,,,,2026-07-12
금성하이테크,False,,,,,,2026-07-12
금성합금,True,(주)금성합금,8.0,3901222.0,46814667.0,2026-05,2026-07-12
금수저,False,,,,,,2026-07-12
금오사랑노인주야간보호센터,True,금오사랑노인주야간보호센터,12.0,2348907.0,28186889.0,2026-05,2026-07-12
금오요양원,True,금오요양원,14.0,2608508.0,31302095.0,2026-05,2026-07-12
금오운수(주),False,,,,,,2026-07-12
금오햇살요양원,False,,,,,,2026-07-12
금융투자협회푸르니어린이집,True,금융투자협회푸르니어린이집,32.0,2314326.0,27771917.0,2026-05,2026-07-12
금종건설(주),True,금종건설(주),6.0,2254963.0,27059556.0,2026-05,2026-07-12
금진레미콘(주),False,,,,,,2026-07-12
금천구립사랑채요양원,True,금천구립사랑채요양원,30.0,2650556.0,31806667.0,2026-05,2026-07-12
금천나비재가복지센터,False,,,,,,2026-07-12
금천영재지역아동센터,True,금천영재지역아동센터,3.0,3118741.0,37424889.0,2026-05,2026-07-12
금천청소년 수련관,False,,,,,,2026-07-12
금천햇살요양원,False,,,,,,2026-07-12
금촌재활요양원,True,금촌재활요양원,15.0,2333733.0,28004800.0,2026-05,2026-07-12
금촌파주요양원,True,금촌파주요양원,21.0,2525598.0,30307175.0,2026-05,2026-07-12
금풍산업,False,,,,,,2026-07-12
금학개발(주),False,,,,,,2026-07-12
금호노인요양원,False,,,,,,2026-07-12
금호무지개노인복지센터,True,금호무지개노인복지센터,10.0,2430133.0,29161600.0,2026-05,2026-07-12
금호무지개요양원,False,,,,,,2026-07-12
금호세라믹스,False,,,,,,2026-07-12
금호이앤지(주),True,금호이앤지(주),5.0,3364622.0,40375467.0,2026-05,2026-07-12
금호정공,True,(주)금호정공,110.0,4459459.0,53513503.0,2026-05,2026-07-12
금호정밀주식회사,True,금호정밀주식회사,53.0,3089874.0,37078491.0,2026-05,2026-07-12
금화피엘,False,,,,,,2026-07-12
긋시아케어링b,False,,,,,,2026-07-12
기가골프코리아,False,,,,,,2026-07-12
기가에이치앤티(주),False,,,,,,2026-07-12
기가원이엔지,False,,,,,,2026-07-12
기계설비성능점검(주),False,,,,,,2026-07-12
기대재가노인복지센터,False,,,,,,2026-07-12
기린어린이집,True,기린어린이집,6.0,2266037.0,27192444.0,2026-05,2026-07-12
기백소방기술단 주식회사,False,,,,,,2026-07-12
기분조은재가복지센터,False,,,,,,2026-07-12
기쁜동행재가복지센터,False,,,,,,2026-07-12
기쁜어린이집,True,기쁜어린이집,6.0,1829926.0,21959111.0,2026-05,2026-07-12
기쁜우리방문요양센터,False,,,,,,2026-07-12
기쁨노인복지센터,True,기쁨노인복지센터,14.0,2441032.0,29292381.0,2026-05,2026-07-12
기쁨방문요양센터,False,,,,,,2026-07-12
기쁨샘재가노인복지센터,False,,,,,,2026-07-12
기쁨요양재가센터,False,,,,,,2026-07-12
기쁨으로재가복지센터,False,,,,,,2026-07-12
기쁨재가노인복지센터,True,기쁨재가노인복지센터,13.0,1816444.0,21797333.0,2026-05,2026-07-12
기쁨재가복지센터,True,기쁨재가복지센터,11.0,2038788.0,24465455.0,2026-05,2026-07-12
기쁨재가장기요양기관,True,기쁨재가장기요양기관,10.0,1544556.0,18534667.0,2026-05,2026-07-12
기쁨재활요양원,True,기쁨재활요양원,19.0,2798982.0,33587789.0,2026-05,2026-07-12
기쁨주는 재가복지센터,False,,,,,,2026-07-12
기산요양원,False,,,,,,2026-07-12
기산정보통신 주식회사,False,,,,,,2026-07-12
기아자동차 봉담대리점,False,,,,,,2026-07-12
기아자동차카클리닉파장점,False,,,,,,2026-07-12
기양산업(주),True,기양산업(주),5.0,4779244.0,57350933.0,2026-05,2026-07-12
기어테크,True,기어테크주식회사,3.0,4806222.0,57674667.0,2026-05,2026-07-12
기억너머주야간보호센터,False,,,,,,2026-07-12
기억튼튼재활전문데이케어센터,True,기억튼튼재활전문데이케어센터,11.0,1930242.0,23162909.0,2026-05,2026-07-12
기호엔지니어링,False,,,,,,2026-07-12
기흥구주간보호센터,False,,,,,,2026-07-12
기흥삼성어린이집,True,기흥삼성어린이집,23.0,2713807.0,32565681.0,2026-05,2026-07-12
기흥해맑은어린이집,False,,,,,,2026-07-12
기흥해피요양센터,False,,,,,,2026-07-12
길동교회부설 방주어린이집,False,,,,,,2026-07-12
길동무주간보호센터,False,,,,,,2026-07-12
길사랑 데이케어,False,,,,,,2026-07-12
길상재가복지센터,False,,,,,,2026-07-12
길상화노인복지센터,False,,,,,,2026-07-12
길요양원,True,길요양원,16.0,2593556.0,31122667.0,2026-05,2026-07-12
길재가노인복지센터,True,길재가노인복지센터,27.0,2765572.0,33186864.0,2026-05,2026-07-12
길재가방문요양센터,True,길재가방문요양센터,10.0,1428289.0,17139467.0,2026-05,2026-07-12
길재가복지센터,True,길재가복지센터,10.0,1423000.0,17076000.0,2026-05,2026-07-12
길재활요양원,True,길재활요양원,24.0,2413324.0,28959889.0,2026-05,2026-07-12
김&정 사랑복지센터,False,,,,,,2026-07-12
김광고,False,,,,,,2026-07-12
김기도세무회계컨설팅,False,,,,,,2026-07-12
김동은데이케어센터,False,,,,,,2026-07-12
김목수공방,False,,,,,,2026-07-12
김밥천국 주안파크자이점,False,,,,,,2026-07-12
김석빈도자기,False,,,,,,2026-07-12
김수장한의원,False,,,,,,2026-07-12
김앤정정형외과의원,True,김앤정정형외과의원,28.0,3491730.0,41900762.0,2026-05,2026-07-12
김재민법률사무소,False,,,,,,2026-07-12
김포 예다인 요양원,False,,,,,,2026-07-12
김포그레이스요양원,True,김포그레이스요양원,29.0,2516989.0,30203862.0,2026-05,2026-07-12
김포다온요양원,False,,,,,,2026-07-12
김포더봄방문요양센터,False,,,,,,2026-07-12
김포더사랑요양원,False,,,,,,2026-07-12
김포더힐실버케어요양원,True,김포더힐실버케어요양원,33.0,2598310.0,31179717.0,2026-05,2026-07-12
김포모아방문요양센터,False,,,,,,2026-07-12
김포무지개방문요양센터,False,,,,,,2026-07-12
김포미소인방문요양센터,False,,,,,,2026-07-12
김포바른방문요양센터,True,김포바른방문요양센터,20.0,1295611.0,15547333.0,2026-05,2026-07-12
김포방문요양센터,False,,,,,,2026-07-12
김포보배한방병원,True,김포보배한방병원,45.0,3343659.0,40123911.0,2026-05,2026-07-12
김포새마을국수,True,김포새마을국수,4.0,2362556.0,28350667.0,2026-05,2026-07-12
김포시장애인복지관,True,김포시장애인복지관,37.0,3506366.0,42076396.0,2026-05,2026-07-12
김포시청,False,,,,,,2026-07-12
김포실버방문요양센터,False,,,,,,2026-07-12
김포아라농장 농업회사법인 주식회사,False,,,,,,2026-07-12
김포요양병원,False,,,,,,2026-07-12
김포운수(주),True,김포운수(주),233.0,4441598.0,53299182.0,2026-05,2026-07-12
김포재가방문센터,False,,,,,,2026-07-12
김포참좋은노인방문요양센터,False,,,,,,2026-07-12
김포춘의생한방병원,False,,,,,,2026-07-12
김포하나장애인자립생활센터,True,김포하나장애인자립생활센터,71.0,2414238.0,28970854.0,2026-05,2026-07-12
김포한강노인복지센터,False,,,,,,2026-07-12
김포한누리병원,True,김포한누리병원,39.0,3196980.0,38363761.0,2026-05,2026-07-12
김포헤리티지홈,False,,,,,,2026-07-12
김포호산나재가복지센터,True,김포호산나재가복지센터,10.0,1038911.0,12466933.0,2026-05,2026-07-12
김포호수고등학교,True,김포호수고등학교,26.0,3859077.0,46308923.0,2026-05,2026-07-12
깊은바다고래어린이집,False,,,,,,2026-07-12
깊은사랑재가복지센터,False,,,,,,2026-07-12
까치농산주식회사,False,,,,,,2026-07-12
까치울요양원(상동점),True,까치울요양원(상동점),11.0,2451838.0,29422061.0,2026-05,2026-07-12
꼬꼬맘어린이집,False,,,,,,2026-07-12
꼬마랑어린이집,True,꼬마랑어린이집,11.0,2015737.0,24188848.0,2026-05,2026-07-12
꼬마루소 어린이집,False,,,,,,2026-07-12
꼬야꼬야어린이집,True,꼬야꼬야어린이집,8.0,2297250.0,27567000.0,2026-05,2026-07-12
꽃가람 요양원,False,,,,,,2026-07-12
꽃길 재가복지센터,False,,,,,,2026-07-12
꽃길재가복지센터,False,,,,,,2026-07-12
꽃담요양보호사교육원,False,,,,,,2026-07-12
꽃동산재가복지센터,False,,,,,,2026-07-12
꽃밭에서 요양원,True,꽃밭에서 요양원,14.0,2659778.0,31917333.0,2026-05,2026-07-12
꽃손방문요양센터,False,,,,,,2026-07-12
꽃피는재가복지센타,False,,,,,,2026-07-12
꿀벌방문요양센터,False,,,,,,2026-07-12
꿀벌어르신센터,True,꿀벌어르신센터,13.0,2409368.0,28912410.0,2026-05,2026-07-12
꿈꾸는 어린이집,True,꿈꾸는 어린이집,7.0,1751429.0,21017143.0,2026-05,2026-07-12
꿈꾸는어린이집,True,꿈꾸는어린이집,11.0,2395737.0,28748848.0,2026-05,2026-07-12
꿈꾸는요양원,True,꿈꾸는요양원,9.0,2396296.0,28755556.0,2026-05,2026-07-12
꿈꾸는재가노인복지센터,False,,,,,,2026-07-12
꿈꾸는재가복지센터,False,,,,,,2026-07-12
꿈나래어린이집,True,꿈나래어린이집,12.0,1994926.0,23939111.0,2026-05,2026-07-12
꿈나래유치원,False,,,,,,2026-07-12
꿈나무숲속어린이집,True,꿈나무숲속어린이집,6.0,1925481.0,23105778.0,2026-05,2026-07-12
꿈나무어린이집,True,꿈나무어린이집,19.0,2613637.0,31363649.0,2026-05,2026-07-12
꿈담터어린이집,True,꿈담터어린이집,8.0,1828722.0,21944667.0,2026-05,2026-07-12
꿈동이어린이집,True,꿈동이어린이집,11.0,2261131.0,27133576.0,2026-05,2026-07-12
꿈둘레,False,,,,,,2026-07-12
꿈드림유치원,False,,,,,,2026-07-12
꿈사랑몬테소리어린이집,False,,,,,,2026-07-12
꿈사재가복지센터,True,꿈사재가복지센터,10.0,1266911.0,15202933.0,2026-05,2026-07-12
꿈에그린요양원,True,꿈에그린요양원,4.0,2597333.0,31168000.0,2026-05,2026-07-12
꿈에그린정육마켓,False,,,,,,2026-07-12
꿈에그린정육식당,False,,,,,,2026-07-12
꿈열매유치원,False,,,,,,2026-07-12
꿈의숲요양병원,True,꿈의숲요양병원,95.0,2684720.0,32216646.0,2026-05,2026-07-12
꿈의유치원,False,,,,,,2026-07-12
꿈이 있는 어린이집,False,,,,,,2026-07-12
꿈이있는아이뜰어린이집,True,꿈이있는아이뜰어린이집,16.0,2685472.0,32225667.0,2026-05,2026-07-12
꿈자람어린이집,True,꿈자람어린이집,13.0,2767179.0,33206154.0,2026-05,2026-07-12
꿈터어린이집,True,꿈터어린이집,15.0,2215126.0,26581511.0,2026-05,2026-07-12
나날주야간보호센터,True,나날주야간보호센터,8.0,2674944.0,32099333.0,2026-05,2026-07-12
나노전자,True,(주)나노전자,12.0,3586870.0,43042444.0,2026-05,2026-07-12
나노조명,True,나노조명,17.0,2810092.0,33721098.0,2026-05,2026-07-12
나노크린테크,False,,,,,,2026-07-12
나누리노인복지센터,True,나누리노인복지센터,26.0,1493556.0,17922667.0,2026-05,2026-07-12
나누리방문요양센터,False,,,,,,2026-07-12
나누리복지센터,True,나누리복지센터,14.0,1365302.0,16383619.0,2026-05,2026-07-12
나누리사회적협동조합,False,,,,,,2026-07-12
나누리수원병원,True,나누리수원병원,255.0,3580772.0,42969265.0,2026-05,2026-07-12
나누리요양원,False,,,,,,2026-07-12
나누리재가노인복지센터,False,,,,,,2026-07-12
나누리재가복지센터,True,(주)나누리재가복지센터,9.0,1392321.0,16707852.0,2026-05,2026-07-12
나누미요양복지타운 나누미요양원,False,,,,,,2026-07-12
나누미요양복지타운 나누미재가복지센터,False,,,,,,2026-07-12
나눔강남재가노인복지센터,True,나눔강남재가노인복지센터,4.0,1156056.0,13872667.0,2026-05,2026-07-12
나눔과 섬김의 센터,False,,,,,,2026-07-12
나눔과기쁨노인복지센터,False,,,,,,2026-07-12
나눔과누림재가요양복지센터,False,,,,,,2026-07-12
나눔과사랑 노인요양파견센터,False,,,,,,2026-07-12
나눔노인복지센터,True,나눔노인복지센터,18.0,1468432.0,17621185.0,2026-05,2026-07-12
나눔돌봄사회적협동조합,False,,,,,,2026-07-12
나눔돌봄재가센터,False,,,,,,2026-07-12
나눔방문요양센터,True,나눔방문요양센터,10.0,1595533.0,19146400.0,2026-05,2026-07-12
나눔복지재가센터,True,나눔복지재가센터,12.0,1418889.0,17026667.0,2026-05,2026-07-12
나눔실버복지센터,True,나눔실버복지센터,5.0,1413733.0,16964800.0,2026-05,2026-07-12
나눔장애인자립생활센터,True,나눔장애인자립생활센터,209.0,1991745.0,23900938.0,2026-05,2026-07-12
나눔재가방문노인복지센터,False,,,,,,2026-07-12
나눔재가복지센터,True,나눔재가복지센터,11.0,1679010.0,20148121.0,2026-05,2026-07-12
나눔재가주간보호센터,False,,,,,,2026-07-12
나눔한솔재가노인방문센터,False,,,,,,2026-07-12
나눔환경,True,주식회사나눔환경,13.0,5711282.0,68535385.0,2026-05,2026-07-12
나드림노인복지센터,True,나드림노인복지센터,3.0,1333407.0,16000889.0,2026-05,2026-07-12
나라개발시스템주식회사,False,,,,,,2026-07-12
나라상사,True,나라상사,10.0,3553022.0,42636267.0,2026-05,2026-07-12
나라이엔지주식회사,False,,,,,,2026-07-12
나라정밀,False,,,,,,2026-07-12
나라키오스크,False,,,,,,2026-07-12
나래데이케어센터,False,,,,,,2026-07-12
나래방문케어,False,,,,,,2026-07-12
나래실버케어,False,,,,,,2026-07-12
나래울종합사회복지관,False,,,,,,2026-07-12
나래재가복지센터,True,나래재가복지센터,10.0,1587156.0,19045867.0,2026-05,2026-07-12
나래재가요양센터,True,나래재가요양센터,11.0,1559212.0,18710545.0,2026-05,2026-07-12
나래케어재가방문요양센터,False,,,,,,2026-07-12
나루유치원,False,,,,,,2026-07-12
나루재활요양원,True,나루재활요양원,23.0,2542290.0,30507478.0,2026-05,2026-07-12
나룰 방문요양센터,False,,,,,,2026-07-12
나리산업,False,,,,,,2026-07-12
나만의 가구 쇼파,False,,,,,,2026-07-12
나모(NAMO)세이프존,False,,,,,,2026-07-12
나무그늘재가복지센터,False,,,,,,2026-07-12
나무와새어린이집,True,나무와새어린이집,7.0,2108825.0,25305905.0,2026-05,2026-07-12
나무요양병원,True,나무요양병원,50.0,3203093.0,38437120.0,2026-05,2026-07-12
나무재가복지센터,False,,,,,,2026-07-12
나무주간보호센터,True,나무주간보호센터,11.0,2713394.0,32560727.0,2026-05,2026-07-12
나비 텍스타일 이노베이션,False,,,,,,2026-07-12
나엠테크(주),False,,,,,,2026-07-12
나오미 요양원,False,,,,,,2026-07-12
나오미씨엠 주식회사,False,,,,,,2026-07-12
나온재활요양원,False,,,,,,2026-07-12
나우,True,나우(주),68.0,4995954.0,59951451.0,2026-05,2026-07-12
나우서비스(주),False,,,,,,2026-07-12
나우재가노인복지센터,True,나우재가노인복지센터,3.0,1252222.0,15026667.0,2026-05,2026-07-12
나움병원,True,나움병원,39.0,3179140.0,38149675.0,2026-05,2026-07-12
나은 연세데이케어센터,False,,,,,,2026-07-12
나은방문요양센터,False,,,,,,2026-07-12
나은요양원,True,나은요양원,5.0,2388089.0,28657067.0,2026-05,2026-07-12
나은재가복지센터,False,,,,,,2026-07-12
나이스방문요양센터,True,나이스방문요양센터,11.0,1428343.0,17140121.0,2026-05,2026-07-12
나이팅게일 노인복지센타,False,,,,,,2026-07-12
나인힐스,True,(주)나인힐스,3.0,3545185.0,42542222.0,2026-05,2026-07-12
나진목장,False,,,,,,2026-07-12
나팔소리 재가노인복지센터,False,,,,,,2026-07-12
낙원요양원,True,낙원요양원,19.0,3038737.0,36464842.0,2026-05,2026-07-12
낙원의 집,False,,,,,,2026-07-12
낙원재가복지센터,False,,,,,,2026-07-12
낙원지역아동센터,True,낙원지역아동센터,4.0,2677333.0,32128000.0,2026-05,2026-07-12
난쓰네코리아(주),False,,,,,,2026-07-12
난향요양원2,False,,,,,,2026-07-12
남가네설악추어탕 토평점,False,,,,,,2026-07-12
남강순대국,False,,,,,,2026-07-12
남경 F.R.P,False,,,,,,2026-07-12
남경세무회계사무소,False,,,,,,2026-07-12
남경종합관리(주),True,남경종합관리(주),78.0,2716556.0,32598667.0,2026-05,2026-07-12
남광개발(주),True,남광개발(주),47.0,2031243.0,24374922.0,2026-05,2026-07-12
남광토건,True,남광토건(주),533.0,5773445.0,69281346.0,2026-05,2026-07-12
남구노인재가센터,False,,,,,,2026-07-12
남구장애인종합복지관,False,,,,,,2026-07-12
남구청어린이집,True,남구청어린이집,16.0,2623972.0,31487667.0,2026-05,2026-07-12
남기세병원,True,남기세병원,49.0,3802163.0,45625959.0,2026-05,2026-07-12
남달라자수,False,,,,,,2026-07-12
남대문시장에프 (F) 동 지주회,False,,,,,,2026-07-12
남동세무회계,False,,,,,,2026-07-12
남동엔젤스노인복지센터,False,,,,,,2026-07-12
남동요양원,True,남동요양원,12.0,2452407.0,29428889.0,2026-05,2026-07-12
남박,False,,,,,,2026-07-12
남부노인복지센터,True,남부노인복지센터,5.0,2019644.0,24235733.0,2026-05,2026-07-12
남부실업합자회사,True,남부실업합자회사,3.0,1745481.0,20945778.0,2026-05,2026-07-12
남사랑의집,True,남사랑의집,20.0,3350233.0,40202800.0,2026-05,2026-07-12
남산 재가 방문요양,False,,,,,,2026-07-12
남성수지,False,,,,,,2026-07-12
남송미술관,True,남송미술관,3.0,1631481.0,19577778.0,2026-05,2026-07-12
남송재가노인복지센터,False,,,,,,2026-07-12
남양기공(주),True,남양기공(주),26.0,4518470.0,54221641.0,2026-05,2026-07-12
남양산업,True,남양산업,13.0,3115162.0,37381949.0,2026-05,2026-07-12
남양성심요양원,True,남양성심요양원,23.0,2435575.0,29226899.0,2026-05,2026-07-12
남양주굿데이케어센터,False,,,,,,2026-07-12
남양주나눔요양원,True,남양주나눔요양원,19.0,2552912.0,30634947.0,2026-05,2026-07-12
남양주노블스테이요양원,True,남양주노블스테이요양원,16.0,2650431.0,31805167.0,2026-05,2026-07-12
남양주다산장애인자립생활센터,True,남양주다산장애인자립생활센터,347.0,1724702.0,20696423.0,2026-05,2026-07-12
남양주보은요양원,False,,,,,,2026-07-12
남양주삼성요양원,True,남양주삼성요양원,23.0,2596589.0,31159072.0,2026-05,2026-07-12
남양주소방서,False,,,,,,2026-07-12
남양주시 교통약자이동지원센터,False,,,,,,2026-07-12
남양주시수어통역센터,True,남양주시수어통역센터,4.0,3643444.0,43721333.0,2026-05,2026-07-12
남양주시장애인복지관,False,,,,,,2026-07-12
남양주시장애인복지관 성인주간보호센터,False,,,,,,2026-07-12
남양주어르신주간보호,True,남양주어르신주간보호,10.0,2494422.0,29933067.0,2026-05,2026-07-12
남양주월산2단지부영사랑으로어린이집,True,남양주월산2단지부영사랑으로어린이집,11.0,2348162.0,28177939.0,2026-05,2026-07-12
남양주정드림노인전문병원,True,남양주정드림노인전문병원,30.0,2620059.0,31440711.0,2026-05,2026-07-12
남양주한결재가복지센터,False,,,,,,2026-07-12
남양주해피트리요양원,True,남양주해피트리요양원,11.0,2434121.0,29209455.0,2026-05,2026-07-12
남양주효녀심청이요양원,True,남양주효녀심청이요양원,11.0,2516768.0,30201212.0,2026-05,2026-07-12
남영기계산업,False,,,,,,2026-07-12
남원추어탕,True,남원추어탕,11.0,4245818.0,50949818.0,2026-05,2026-07-12
남위례데이케어센터,True,남위례데이케어센터,24.0,1734731.0,20816778.0,2026-05,2026-07-12
남일특수고무,True,남일특수고무,35.0,3199010.0,38388114.0,2026-05,2026-07-12
남태령어린이집,True,남태령어린이집,10.0,2820578.0,33846933.0,2026-05,2026-07-12
남포물산,True,(주)남포물산,12.0,3409481.0,40913778.0,2026-05,2026-07-12
남형방문요양복지센터,False,,,,,,2026-07-12
남흥스틸(주),False,,,,,,2026-07-12
내가족요양원,False,,,,,,2026-07-12
내리요양원,False,,,,,,2026-07-12
내사랑노인복지센터,False,,,,,,2026-07-12
내손요양원,False,,,,,,2026-07-12
내손자이샘어린이집,True,내손자이샘어린이집,11.0,2663293.0,31959515.0,2026-05,2026-07-12
내외기계공업(주),True,내외기계공업(주),9.0,2897210.0,34766519.0,2026-05,2026-07-12
내일을여는멋진여성,False,,,,,,2026-07-12
내일재가노인복지시설,False,,,,,,2026-07-12
내일한방병원,True,내일한방병원,27.0,3101539.0,37218469.0,2026-05,2026-07-12
내촌사랑주간보호센터,True,내촌사랑주간보호센터,10.0,1954622.0,23455467.0,2026-05,2026-07-12
내츄럴펫 주식회사,False,,,,,,2026-07-12
너른고을돌봄센터,False,,,,,,2026-07-12
너싱홈 돌체,False,,,,,,2026-07-12
너싱홈간호박사네,False,,,,,,2026-07-12
너싱홈예원,True,너싱홈예원,24.0,2556407.0,30676889.0,2026-05,2026-07-12
너싱홈한솔,False,,,,,,2026-07-12
너싱홈혜인요양원,False,,,,,,2026-07-12
널스홈케어 간호요양센터,False,,,,,,2026-07-12
넘나들 언어인지학습연구소,False,,,,,,2026-07-12
넘버원익스프레스,False,,,,,,2026-07-12
넘치는재가노인복지센터,False,,,,,,2026-07-12
네모박스,False,,,,,,2026-07-12
네오가베어린이집,False,,,,,,2026-07-12
네오메디컬제약,False,,,,,,2026-07-12
네오밸류테크(주),True,네오밸류테크(주),5.0,3015822.0,36189867.0,2026-05,2026-07-12
네오케미칼,True,주식회사 네오케미칼,28.0,4489190.0,53870286.0,2026-05,2026-07-12
네오텍,True,(주)네오텍,4.0,3452944.0,41435333.0,2026-05,2026-07-12
네오환경,True,(주)네오환경,7.0,3004317.0,36051810.0,2026-05,2026-07-12
네츄럴푸드,True,네츄럴푸드,31.0,2711427.0,32537118.0,2026-05,2026-07-12
네츄럴푸드서비스,True,네츄럴푸드서비스,13.0,2777624.0,33331487.0,2026-05,2026-07-12
네츠모빌리티,True,주식회사네츠모빌리티,3.0,2744444.0,32933333.0,2026-05,2026-07-12
"넥스트에너지 주식회사(Next Energy Co.,LTD.)",False,,,,,,2026-07-12
넥스티,False,,,,,,2026-07-12
넥스프릴 주식회사,False,,,,,,2026-07-12
노무법인 늘품 경기지사,False,,,,,,2026-07-12
노무법인 더보상 서울북부지사,False,,,,,,2026-07-12
노무법인 서재,True,노무법인 서재,6.0,2216667.0,26600000.0,2026-05,2026-07-12
노무법인 익선 하남지사,True,노무법인 익선 하남지사,5.0,2769778.0,33237333.0,2026-05,2026-07-12
노무법인 청인,True,노무법인 청인,9.0,2431728.0,29180741.0,2026-05,2026-07-12
노무법인대명,False,,,,,,2026-07-12
노무법인대유이안,False,,,,,,2026-07-12
노무법인더보상,True,노무법인더보상,24.0,3006935.0,36083222.0,2026-05,2026-07-12
노브13,False,,,,,,2026-07-12
노블갤러리,False,,,,,,2026-07-12
노블레스 요양원,False,,,,,,2026-07-12
노블레스 재가노인복지센터,False,,,,,,2026-07-12
노블레스요양원,True,노블레스요양원,23.0,2467952.0,29615420.0,2026-05,2026-07-12
노블레스요양원1,False,,,,,,2026-07-12
노블레스요양원2,False,,,,,,2026-07-12
노블방문요양센터,True,노블방문요양센터,12.0,1294759.0,15537111.0,2026-05,2026-07-12
노블스위밍랩by키즈라이프,False,,,,,,2026-07-12
노블시니어방문요양센터,False,,,,,,2026-07-12
노블아이어린이집,False,,,,,,2026-07-12
노블인노인전문요양원,True,노블인노인전문요양원,15.0,2194444.0,26333333.0,2026-05,2026-07-12
노블카운티삼성어린이집,True,노블카운티삼성어린이집,26.0,2371573.0,28458872.0,2026-05,2026-07-12
노블테크주식회사,True,노블테크주식회사,22.0,3280586.0,39367030.0,2026-05,2026-07-12
노블피아요양원,True,노블피아요양원,29.0,2483448.0,29801379.0,2026-05,2026-07-12
노블하임요양원,True,노블하임요양원,14.0,2466270.0,29595238.0,2026-05,2026-07-12
노블하임요양원2관,False,,,,,,2026-07-12
노블호텔,False,,,,,,2026-07-12
노블힐요양원,True,노블힐요양원,19.0,2470351.0,29644211.0,2026-05,2026-07-12
노아방문요양센터,False,,,,,,2026-07-12
노아복지재가센터,False,,,,,,2026-07-12
노아실버센터,True,노아실버센터,10.0,2593022.0,31116267.0,2026-05,2026-07-12
노아어르신복지센터,False,,,,,,2026-07-12
노아케어링하우스,True,노아케어링하우스,14.0,2673460.0,32081524.0,2026-05,2026-07-12
노엘 재가복지센터,False,,,,,,2026-07-12
노엘요양원,True,노엘요양원,28.0,2508325.0,30099905.0,2026-05,2026-07-12
노원2 도시가스 고객센터,True,노원2 도시가스 고객센터,33.0,2642916.0,31714990.0,2026-05,2026-07-12
노원구청소년상담복지센터,True,노원구청소년상담복지센터,31.0,3063871.0,36766452.0,2026-05,2026-07-12
노원마을재가복지센터,False,,,,,,2026-07-12
노원민들레재가복지센터,False,,,,,,2026-07-12
노원사랑재가복지센터,False,,,,,,2026-07-12
노원시니어방문요양센터,False,,,,,,2026-07-12
노원실버사랑간호요양센터,False,,,,,,2026-07-12
노원에이스주간보호센터,False,,,,,,2026-07-12
노인보금자리건강센터,False,,,,,,2026-07-12
노인사랑재가복지센터,False,,,,,,2026-07-12
노인요양시설 혜움,True,노인요양시설 혜움,13.0,2427709.0,29132513.0,2026-05,2026-07-12
노지실업,False,,,,,,2026-07-12
노후사랑복지센터,False,,,,,,2026-07-12
녹색기술센터,False,,,,,,2026-07-12
녹지어린이집,True,녹지어린이집,14.0,2259857.0,27118286.0,2026-05,2026-07-12
논현명품요양원,False,,,,,,2026-07-12
논현사랑뜰요양원,True,논현사랑뜰요양원,15.0,2308681.0,27704178.0,2026-05,2026-07-12
놀이세상 어린이집,False,,,,,,2026-07-12
놀잇다 사회적협동조합,False,,,,,,2026-07-12
농가식품,True,주식회사농가식품,24.0,2939963.0,35279556.0,2026-05,2026-07-12
농민백암순대,True,농민백암순대,10.0,3732267.0,44787200.0,2026-05,2026-07-12
농업법인싱싱푸드주식회사,False,,,,,,2026-07-12
농업법인주식회사 자연담,False,,,,,,2026-07-12
농업회사 한만두식품(주),False,,,,,,2026-07-12
농업회사법인 (주) 에그탑,False,,,,,,2026-07-12
농업회사법인 거산,False,,,,,,2026-07-12
농업회사법인 고담 주식회사,False,,,,,,2026-07-12
농업회사법인 더한식품 주식회사,False,,,,,,2026-07-12
농업회사법인 미성,False,,,,,,2026-07-12
농업회사법인 세양(주) 양성지점,False,,,,,,2026-07-12
농업회사법인 수덕푸드 주식회사 경기지점,False,,,,,,2026-07-12
농업회사법인 신한강에프엔비,False,,,,,,2026-07-12
농업회사법인 쌀떡코리아 주식회사,True,농업회사법인 쌀떡코리아 주식회사,4.0,2182833.0,26194000.0,2026-05,2026-07-12
농업회사법인 옐로우그린(주),False,,,,,,2026-07-12
농업회사법인 우일팜 주식회사,False,,,,,,2026-07-12
농업회사법인 웰팜넷(주),False,,,,,,2026-07-12
농업회사법인 유한회사 일품김치,False,,,,,,2026-07-12
농업회사법인 유한회사 함일,False,,,,,,2026-07-12
농업회사법인 인주부화장(주),False,,,,,,2026-07-12
농업회사법인 조인팜스(주),True,농업회사법인 조인팜스(주),71.0,4145327.0,49743925.0,2026-05,2026-07-12
농업회사법인 주식회사 고구려푸드,False,,,,,,2026-07-12
농업회사법인 주식회사 다솔,False,,,,,,2026-07-12
농업회사법인 주식회사 반디,True,농업회사법인 주식회사 반디,29.0,3014651.0,36175816.0,2026-05,2026-07-12
농업회사법인 주식회사 비젼스마트팜,False,,,,,,2026-07-12
농업회사법인 주식회사 산들애파크 188다산트라,False,,,,,,2026-07-12
농업회사법인 주식회사 옥구촌한우,False,,,,,,2026-07-12
농업회사법인 주식회사 원유통,False,,,,,,2026-07-12
농업회사법인 주식회사 이안스푸드글로벌,False,,,,,,2026-07-12
농업회사법인 주식회사 이팜테크,True,농업회사법인 주식회사 이팜테크,4.0,2525889.0,30310667.0,2026-05,2026-07-12
농업회사법인 주식회사 차오름푸드,False,,,,,,2026-07-12
농업회사법인 주식회사 한들팜 장안지점,False,,,,,,2026-07-12
농업회사법인 주식회사 힐링아일랜드,False,,,,,,2026-07-12
농업회사법인 팜오름 주식회사,False,,,,,,2026-07-12
농업회사법인 플랜티팜 주식회사,True,농업회사법인 플랜티팜 주식회사,62.0,3452624.0,41431484.0,2026-05,2026-07-12
농업회사법인(유)굿푸드,True,농업회사법인(유)굿푸드,49.0,2419016.0,29028190.0,2026-05,2026-07-12
농업회사법인(유)화성알피시,False,,,,,,2026-07-12
농업회사법인(주)부성팜스 청북지점,False,,,,,,2026-07-12
농업회사법인(주)씨엔푸드,False,,,,,,2026-07-12
농업회사법인(주)양지,True,농업회사법인(주)양지,43.0,3399912.0,40798946.0,2026-05,2026-07-12
농업회사법인(주)양지바른,True,농업회사법인(주)양지바른,10.0,2693089.0,32317067.0,2026-05,2026-07-12
농업회사법인(주)엄마야누나야,False,,,,,,2026-07-12
농업회사법인(주)엠브이푸드,False,,,,,,2026-07-12
농업회사법인(주)웰빙팜,False,,,,,,2026-07-12
농업회사법인(주)이레팜,False,,,,,,2026-07-12
농업회사법인(주)청도농산,False,,,,,,2026-07-12
농업회사법인(주)풀그린,True,농업회사법인(주)풀그린,5.0,3589422.0,43073067.0,2026-05,2026-07-12
농업회사법인(주)하늘촌,True,농업회사법인(주)하늘촌,15.0,2798089.0,33577067.0,2026-05,2026-07-12
농업회사법인(주)한성,False,,,,,,2026-07-12
농업회사법인더나은팜주식회사,True,농업회사법인더나은팜주식회사,4.0,3448944.0,41387333.0,2026-05,2026-07-12
농업회사법인도란도란주식회사,False,,,,,,2026-07-12
농업회사법인롯데프라임미트주식회사,True,농업회사법인롯데프라임미트주식회사,9.0,2318272.0,27819259.0,2026-05,2026-07-12
농업회사법인송산(주),False,,,,,,2026-07-12
농업회사법인아이팜(주),False,,,,,,2026-07-12
농업회사법인양지부화장(주),False,,,,,,2026-07-12
농업회사법인에스엠월드(주),False,,,,,,2026-07-12
농업회사법인은남주식회사,False,,,,,,2026-07-12
농업회사법인재우(주),False,,,,,,2026-07-12
농업회사법인주식회사 알토리,False,,,,,,2026-07-12
농업회사법인주식회사 에스엘조경,False,,,,,,2026-07-12
농업회사법인주식회사 유연,False,,,,,,2026-07-12
농업회사법인주식회사건호농산,True,농업회사법인주식회사건호농산,3.0,2125111.0,25501333.0,2026-05,2026-07-12
농업회사법인주식회사고인돌,True,농업회사법인주식회사고인돌,6.0,2483815.0,29805778.0,2026-05,2026-07-12
농업회사법인주식회사김치데이,True,농업회사법인주식회사김치데이,3.0,2498148.0,29977778.0,2026-05,2026-07-12
농업회사법인주식회사다모아푸드,False,,,,,,2026-07-12
농업회사법인주식회사대성,True,농업회사법인주식회사대성,13.0,3772821.0,45273846.0,2026-05,2026-07-12
농업회사법인주식회사동주,False,,,,,,2026-07-12
농업회사법인주식회사소이원,True,농업회사법인주식회사소이원,3.0,3800296.0,45603556.0,2026-05,2026-07-12
농업회사법인주식회사아그로비즈,True,농업회사법인주식회사아그로비즈,23.0,4128048.0,49536580.0,2026-05,2026-07-12
농업회사법인주식회사아침고요수목원,False,,,,,,2026-07-12
농업회사법인주식회사에코팜,True,농업회사법인주식회사에코팜,3.0,3930444.0,47165333.0,2026-05,2026-07-12
농업회사법인주식회사참조은쌀,False,,,,,,2026-07-12
농업회사법인주식회사하성에프앤비,False,,,,,,2026-07-12
농업회사법인주식회사현대농업,False,,,,,,2026-07-12
농업회사법인피엘주식회사,True,농업회사법인피엘주식회사,7.0,3533968.0,42407619.0,2026-05,2026-07-12
농업회사법인호재에프에스주식회사,True,농업회사법인호재에프에스주식회사,3.0,4129259.0,49551111.0,2026-05,2026-07-12
농업회사법인히즈팜주식회사고덕지점,False,,,,,,2026-07-12
누가재가복지센터,True,누가재가복지센터,14.0,1480984.0,17771810.0,2026-05,2026-07-12
누구나방문요양센터,True,누구나방문요양센터,14.0,1255698.0,15068381.0,2026-05,2026-07-12
누리공업(주),False,,,,,,2026-07-12
누리나루,True,(주)누리나루,3.0,1841185.0,22094222.0,2026-05,2026-07-12
누리노인복지센터,True,누리노인복지센터,7.0,1694254.0,20331048.0,2026-05,2026-07-12
누리봄노인복지센터,False,,,,,,2026-07-12
누리사랑실버재가복지센터,False,,,,,,2026-07-12
누리실버케어센터,True,누리실버케어센터,10.0,1268733.0,15224800.0,2026-05,2026-07-12
누리애방문요양센터,False,,,,,,2026-07-12
누리장애인자립생활센터,True,누리장애인자립생활센터,5.0,1137778.0,13653333.0,2026-05,2026-07-12
누림주야간보호센터,True,누림주야간보호센터,10.0,1939022.0,23268267.0,2026-05,2026-07-12
누일서걷재가방문요양센터,False,,,,,,2026-07-12
뉴-텍,False,,,,,,2026-07-12
뉴고려병원,False,,,,,,2026-07-12
뉴딜사회적협동조합,True,뉴딜사회적협동조합,3.0,1663481.0,19961778.0,2026-05,2026-07-12
뉴럴상회 주식회사,False,,,,,,2026-07-12
뉴베홈 주식회사,False,,,,,,2026-07-12
뉴비전요양원,False,,,,,,2026-07-12
뉴삼성자동차운전전문학원,False,,,,,,2026-07-12
뉴서울노인복지센터,False,,,,,,2026-07-12
뉴서울재가복지센터,True,뉴서울재가복지센터,3.0,978074.0,11736889.0,2026-05,2026-07-12
뉴스타관광(주),True,뉴스타관광(주),10.0,2445889.0,29350667.0,2026-05,2026-07-12
뉴시니어남양주별내 주식회사,False,,,,,,2026-07-12
뉴시니어라이프 주식회사,True,뉴시니어라이프 주식회사,14.0,4179063.0,50148762.0,2026-05,2026-07-12
뉴시니어화성레이크 주식회사(케어링스테이 레이크점),True,뉴시니어화성레이크 주식회사(케어링스테이 레이크점),8.0,2675417.0,32105000.0,2026-05,2026-07-12
뉴에어시스템,False,,,,,,2026-07-12
뉴오토정밀(주),False,,,,,,2026-07-12
뉴월드관광(주),False,,,,,,2026-07-12
뉴웰반도체,True,뉴웰반도체,236.0,3594604.0,43135243.0,2026-05,2026-07-12
뉴이자르산후조리원 구리점,False,,,,,,2026-07-12
뉴캐슬요양원,True,뉴캐슬요양원,23.0,2512309.0,30147710.0,2026-05,2026-07-12
뉴케어 재가요양센터,False,,,,,,2026-07-12
뉴토크코리아(주),True,뉴토크코리아(주),10.0,3339911.0,40078933.0,2026-05,2026-07-12
뉴현대요양원,False,,,,,,2026-07-12
느티나무요양원,True,느티나무요양원,30.0,2368319.0,28419822.0,2026-05,2026-07-12
늘곁에올케어요양원,True,늘곁에올케어요양원,14.0,2214143.0,26569714.0,2026-05,2026-07-12
늘기쁨재가복지센터,False,,,,,,2026-07-12
늘단비요양원,False,,,,,,2026-07-12
늘동행재가복지센터,False,,,,,,2026-07-12
늘벗재가복지센터,False,,,,,,2026-07-12
늘봄노인복지센터,True,늘봄노인복지센터,11.0,1293111.0,15517333.0,2026-05,2026-07-12
늘봄방문요양센터,True,늘봄방문요양센터,24.0,1424148.0,17089778.0,2026-05,2026-07-12
늘봄보라매sk뷰어린이집,False,,,,,,2026-07-12
늘봄복지센터,True,늘봄복지센터,4.0,1406722.0,16880667.0,2026-05,2026-07-12
늘봄시니어케어센터,False,,,,,,2026-07-12
늘봄실버타운요양원,True,늘봄실버타운요양원,24.0,2616417.0,31397000.0,2026-05,2026-07-12
늘봄어린이집,True,늘봄어린이집,12.0,1822074.0,21864889.0,2026-05,2026-07-12
늘봄요양보호센터,True,늘봄요양보호센터,10.0,1851511.0,22218133.0,2026-05,2026-07-12
늘봄요양원,True,늘봄요양원,10.0,2409289.0,28911467.0,2026-05,2026-07-12
늘봄재가노인복지센터,True,늘봄재가노인복지센터,16.0,1829528.0,21954333.0,2026-05,2026-07-12
늘봄재가복지센터,True,늘봄재가복지센터,6.0,1619667.0,19436000.0,2026-05,2026-07-12
늘봄재활요양원,True,늘봄재활요양원,11.0,2572242.0,30866909.0,2026-05,2026-07-12
늘봄재활주간보호센터,True,늘봄재활주간보호센터,14.0,2171587.0,26059048.0,2026-05,2026-07-12
늘사랑 요양복지센터,False,,,,,,2026-07-12
늘사랑 주야간보호방문요양,False,,,,,,2026-07-12
늘사랑노인요양원,False,,,,,,2026-07-12
늘사랑라파요양원,False,,,,,,2026-07-12
늘사랑방문요양재가센터,False,,,,,,2026-07-12
늘사랑요양원,True,늘사랑요양원,17.0,2326771.0,27921255.0,2026-05,2026-07-12
늘사랑재가노인복지센터,True,늘사랑재가노인복지센터,17.0,2166876.0,26002510.0,2026-05,2026-07-12
늘사랑재가복지센터,True,늘사랑재가복지센터,4.0,1178722.0,14144667.0,2026-05,2026-07-12
늘사랑재가센터,True,늘사랑재가센터,5.0,1731111.0,20773333.0,2026-05,2026-07-12
늘사랑주야간보호방문요양센터,False,,,,,,2026-07-12
늘팩,False,,,,,,2026-07-12
늘편안홈케어,False,,,,,,2026-07-12
늘편한요양원,False,,,,,,2026-07-12
늘편한재가노인복제센터,False,,,,,,2026-07-12
늘푸른건강 재가복지센터,False,,,,,,2026-07-12
늘푸른너싱홈,False,,,,,,2026-07-12
늘푸른노인복지센터,True,늘푸른노인복지센터,14.0,1976905.0,23722857.0,2026-05,2026-07-12
늘푸른노인요양원,True,늘푸른노인요양원,19.0,2386129.0,28633544.0,2026-05,2026-07-12
늘푸른노인주간보호센터,True,늘푸른노인주간보호센터,23.0,2527585.0,30331014.0,2026-05,2026-07-12
늘푸른돌봄센터 강서양천점,False,,,,,,2026-07-12
늘푸른돌봄센터 노원점,False,,,,,,2026-07-12
늘푸른동산어린이집,True,늘푸른동산어린이집,12.0,2124944.0,25499333.0,2026-05,2026-07-12
늘푸른방문요양센터,True,늘푸른방문요양센터,10.0,1053778.0,12645333.0,2026-05,2026-07-12
늘푸른산업,True,(주)늘푸른산업,6.0,4237259.0,50847111.0,2026-05,2026-07-12
늘푸른세무법인광교지점,True,늘푸른세무법인광교지점,4.0,4229778.0,50757333.0,2026-05,2026-07-12
늘푸른소망요양원,True,늘푸른소망요양원,10.0,2343400.0,28120800.0,2026-05,2026-07-12
늘푸른씨앤씨,True,주식회사 늘푸른씨앤씨,24.0,3617444.0,43409333.0,2026-05,2026-07-12
늘푸른요양원,True,늘푸른요양원,24.0,2364898.0,28378778.0,2026-05,2026-07-12
늘푸른재가노인복지센터,True,늘푸른재가노인복지센터,11.0,1384141.0,16609697.0,2026-05,2026-07-12
늘푸른재가복지센터,True,늘푸른재가복지센터,11.0,1710242.0,20522909.0,2026-05,2026-07-12
늘푸른재가장기요양센터,False,,,,,,2026-07-12
늘푸른주간보호센터,True,늘푸른주간보호센터,6.0,3757852.0,45094222.0,2026-05,2026-07-12
늘푸른청소년미래,True,늘푸른청소년미래,4.0,3938389.0,47260667.0,2026-05,2026-07-12
늘푸른한가족,True,주식회사늘푸른한가족,8.0,1177528.0,14130333.0,2026-05,2026-07-12
늘푸른한가족데이케어센터,False,,,,,,2026-07-12
늘푸름요양원,True,늘푸름요양원,18.0,2480457.0,29765481.0,2026-05,2026-07-12
늘한방병원,False,,,,,,2026-07-12
늘함께요양원,False,,,,,,2026-07-12
늘해랑어린이집,True,늘해랑어린이집,17.0,1866405.0,22396863.0,2026-05,2026-07-12
능곡노인주야간보호센터,True,능곡노인주야간보호센터,16.0,2104014.0,25248167.0,2026-05,2026-07-12
능곡요양병원,False,,,,,,2026-07-12
능력방문요양센터,False,,,,,,2026-07-12
능원금속공업(주),True,능원금속공업(주),322.0,4554097.0,54649168.0,2026-05,2026-07-12
닉스세무회계사무소,False,,,,,,2026-07-12
다경팩 주식회사,False,,,,,,2026-07-12
다과원주식회사,True,다과원주식회사,11.0,4669717.0,56036606.0,2026-05,2026-07-12
다나눔노인요양방문센터,False,,,,,,2026-07-12
다나어린이집,True,다나어린이집,12.0,1367185.0,16406222.0,2026-05,2026-07-12
다나움요양병원,True,다나움요양병원,43.0,3644873.0,43738481.0,2026-05,2026-07-12
다나을방문요양센터,False,,,,,,2026-07-12
다나음방문요양센터,False,,,,,,2026-07-12
다나음한방병원,True,다나음한방병원,42.0,3327381.0,39928571.0,2026-05,2026-07-12
다누리 재가복지센터,False,,,,,,2026-07-12
다담 주간보호센터,False,,,,,,2026-07-12
다담노인복지센터,False,,,,,,2026-07-12
다드림방문요양센터,True,다드림방문요양센터,10.0,1384111.0,16609333.0,2026-05,2026-07-12
다듬이 재가복지센터,False,,,,,,2026-07-12
다라온푸드,True,주식회사다라온푸드,4.0,2852056.0,34224667.0,2026-05,2026-07-12
다랑어스토리,False,,,,,,2026-07-12
다래한식,False,,,,,,2026-07-12
다림식품,True,다림식품,20.0,3283833.0,39406000.0,2026-05,2026-07-12
다모아산업(주),True,다모아산업(주),10.0,4079978.0,48959733.0,2026-05,2026-07-12
다모아이엔지,True,(주)다모아이엔지,4.0,5123556.0,61482667.0,2026-05,2026-07-12
다모아재가복지센터,True,다모아재가복지센터,12.0,1363370.0,16360444.0,2026-05,2026-07-12
다미 주식회사,False,,,,,,2026-07-12
다미텍,True,주식회사다미텍,13.0,2772803.0,33273641.0,2026-05,2026-07-12
다복케어,True,다복케어,13.0,2608769.0,31305231.0,2026-05,2026-07-12
다본공영(주),True,다본공영(주),5.0,3051556.0,36618667.0,2026-05,2026-07-12
다비다노인복지센터,True,다비다노인복지센터,7.0,940317.0,11283810.0,2026-05,2026-07-12
다비다재가복지센터,True,다비다재가복지센터,19.0,1476760.0,17721123.0,2026-05,2026-07-12
다빈스크린,False,,,,,,2026-07-12
다사랑 통합 재가 주야간보호센터,True,다사랑 통합 재가 주야간보호센터,10.0,1802444.0,21629333.0,2026-05,2026-07-12
다사랑노인복지센터,True,다사랑노인복지센터,13.0,1447521.0,17370256.0,2026-05,2026-07-12
다사랑노인복지요양원,True,다사랑노인복지요양원,13.0,2830171.0,33962051.0,2026-05,2026-07-12
다사랑노인재가센터,False,,,,,,2026-07-12
다사랑방문요양센터,True,다사랑방문요양센터,11.0,1255899.0,15070788.0,2026-05,2026-07-12
다사랑의료기협동조합,False,,,,,,2026-07-12
다사랑재가노인복지센터,True,다사랑재가노인복지센터,14.0,1858937.0,22307238.0,2026-05,2026-07-12
다사랑재가복지센터,True,다사랑재가복지센터,10.0,1540444.0,18485333.0,2026-05,2026-07-12
다사랑주간보호센터,True,다사랑주간보호센터,19.0,1882140.0,22585684.0,2026-05,2026-07-12
다산누리어린이집,False,,,,,,2026-07-12
다산모두케어주간보호센터,True,다산모두케어주간보호센터,18.0,1883778.0,22605333.0,2026-05,2026-07-12
다산방문요양센터,False,,,,,,2026-07-12
다산사랑숲어린이집,True,다산사랑숲어린이집,11.0,2115354.0,25384242.0,2026-05,2026-07-12
다산요양원,True,다산요양원,23.0,2186638.0,26239652.0,2026-05,2026-07-12
다산재가복지센터,False,,,,,,2026-07-12
다산종합관리(주),False,,,,,,2026-07-12
다산직업전문학교,False,,,,,,2026-07-12
다산케어센터 양평여주지사,False,,,,,,2026-07-12
다섬요양원,True,다섬요양원,18.0,2584802.0,31017630.0,2026-05,2026-07-12
다소망재가복지센터,False,,,,,,2026-07-12
다소미노인방문요양기관,True,다소미노인방문요양기관,4.0,1119111.0,13429333.0,2026-05,2026-07-12
다솔가구,True,다솔가구,11.0,2838545.0,34062545.0,2026-05,2026-07-12
다솔실버복지센터,True,다솔실버복지센터,11.0,1467414.0,17608970.0,2026-05,2026-07-12
다솜노인복지센터,True,다솜노인복지센터,10.0,1847244.0,22166933.0,2026-05,2026-07-12
다솜시니어 방문요양센터,False,,,,,,2026-07-12
다솜어린이집,True,다솜어린이집,17.0,2474954.0,29699451.0,2026-05,2026-07-12
다솜요양병원,True,다솜요양병원,28.0,2440810.0,29289714.0,2026-05,2026-07-12
다솜요양원,True,다솜요양원,3.0,2676741.0,32120889.0,2026-05,2026-07-12
다솜재가노인복지센터,True,다솜재가노인복지센터,8.0,1496194.0,17954333.0,2026-05,2026-07-12
다솜재가방문요양센터,False,,,,,,2026-07-12
다솜재가복지센타,False,,,,,,2026-07-12
다솜재가복지센터,True,다솜재가복지센터,3.0,1242667.0,14912000.0,2026-05,2026-07-12
다솜주야간보호센터,True,다솜주야간보호센터,23.0,1703440.0,20441275.0,2026-05,2026-07-12
다솜플러스재가복지센터,True,다솜플러스재가복지센터,14.0,1306571.0,15678857.0,2026-05,2026-07-12
"다시,봄 주간보호센터",False,,,,,,2026-07-12
다시봄 노인복지센터,False,,,,,,2026-07-12
다시봄간호요양센터,False,,,,,,2026-07-12
다시봄날의원,True,다시봄날의원,11.0,3424263.0,41091152.0,2026-05,2026-07-12
다시봄날재가복지센터,False,,,,,,2026-07-12
다엘테크,True,(주)다엘테크,4.0,4925667.0,59108000.0,2026-05,2026-07-12
다연재가노인복지센터,False,,,,,,2026-07-12
다온,True,주식회사다온,5.0,2701333.0,32416000.0,2026-05,2026-07-12
다온노인복지센터,True,다온노인복지센터,14.0,1258540.0,15102476.0,2026-05,2026-07-12
다온누리방문요양센터,False,,,,,,2026-07-12
다온다오주간보호센터,False,,,,,,2026-07-12
다온방문요양복지센터,False,,,,,,2026-07-12
다온방문요양센터,False,,,,,,2026-07-12
다온복지센터,True,다온복지센터,13.0,1848650.0,22183795.0,2026-05,2026-07-12
다온사랑 재가복지센터,False,,,,,,2026-07-12
다온산업 주식회사,True,다온산업 주식회사,5.0,3703867.0,44446400.0,2026-05,2026-07-12
다온실버케어요양원,False,,,,,,2026-07-12
다온어린이집,True,다온어린이집,17.0,1996549.0,23958588.0,2026-05,2026-07-12
다온에이치앤알,True,주식회사　다온에이치앤알,13.0,2339966.0,28079590.0,2026-05,2026-07-12
다온엔지니어링,True,(주)다온엔지니어링,5.0,2468889.0,29626667.0,2026-05,2026-07-12
다온엘앤씨(주),False,,,,,,2026-07-12
다온요양센터,False,,,,,,2026-07-12
다온요양원,True,다온요양원,3.0,2691259.0,32295111.0,2026-05,2026-07-12
다온이엔지,True,주식회사다온이엔지,10.0,3379378.0,40552533.0,2026-05,2026-07-12
다온재가노인복지센터,True,다온재가노인복지센터,12.0,1643722.0,19724667.0,2026-05,2026-07-12
다온재가복지센터,True,다온재가복지센터,11.0,1450182.0,17402182.0,2026-05,2026-07-12
다온정공,True,유한회사 다온정공,15.0,3915481.0,46985778.0,2026-05,2026-07-12
다온채널,True,다온채널,10.0,3155200.0,37862400.0,2026-05,2026-07-12
다온컴퍼니,True,다온컴퍼니,11.0,3075051.0,36900606.0,2026-05,2026-07-12
다온케어 재가복지센터,False,,,,,,2026-07-12
다온케어복지센터,False,,,,,,2026-07-12
다온테크,True,주식회사 다온테크,3.0,3883333.0,46600000.0,2026-05,2026-07-12
다온팥죽,False,,,,,,2026-07-12
다온푸드,True,주식회사 다온푸드,8.0,4648722.0,55784667.0,2026-05,2026-07-12
다온플러스방문요양센터,False,,,,,,2026-07-12
다올건강실버케어,True,다올건강실버케어,10.0,2595378.0,31144533.0,2026-05,2026-07-12
다올건물관리주식회사,True,다올건물관리주식회사,25.0,2698782.0,32385387.0,2026-05,2026-07-12
다올림 노인복지재가센터,False,,,,,,2026-07-12
다올재가복지센터,True,다올재가복지센터,10.0,1464956.0,17579467.0,2026-05,2026-07-12
다올재활실버케어,True,다올재활실버케어,19.0,2556725.0,30680702.0,2026-05,2026-07-12
다올주간보호센터,False,,,,,,2026-07-12
다옴재가복지센터,False,,,,,,2026-07-12
다옴재활주간보호센터,False,,,,,,2026-07-12
다우도어앤스틸 주식회사,False,,,,,,2026-07-12
다우리요양원,True,다우리요양원,12.0,2698278.0,32379333.0,2026-05,2026-07-12
다우실란트산업(주) 화성지점,False,,,,,,2026-07-12
다우엘이디(주),True,다우엘이디(주),12.0,3333556.0,40002667.0,2026-05,2026-07-12
다우요양원,False,,,,,,2026-07-12
다원,True,(주)다원,185.0,4576800.0,54921600.0,2026-05,2026-07-12
다원 피싱,False,,,,,,2026-07-12
다원노인복지센터,True,다원노인복지센터,14.0,2633841.0,31606095.0,2026-05,2026-07-12
다원방문요양노인복지센터,True,다원방문요양노인복지센터,12.0,949130.0,11389556.0,2026-05,2026-07-12
다원방문요양센터,False,,,,,,2026-07-12
다원복지센터,False,,,,,,2026-07-12
다원스틸(주),False,,,,,,2026-07-12
다원실버케어,True,다원실버케어,32.0,2597361.0,31168333.0,2026-05,2026-07-12
다원이노텍,True,다원이노텍,11.0,3590727.0,43088727.0,2026-05,2026-07-12
다원재가복지센터,False,,,,,,2026-07-12
다원테크,True,주식회사다원테크,19.0,3434035.0,41208421.0,2026-05,2026-07-12
다원푸드주식회사,False,,,,,,2026-07-12
다율앤드,False,,,,,,2026-07-12
다은 주간보호센터,False,,,,,,2026-07-12
다은요양원,True,다은요양원,15.0,2454237.0,29450844.0,2026-05,2026-07-12
다은재가노인복지센터,False,,,,,,2026-07-12
다음기술,True,다음기술(주),4.0,4363556.0,52362667.0,2026-05,2026-07-12
다음기술(주),True,다음기술(주),4.0,4363556.0,52362667.0,2026-05,2026-07-12
다이렉트,True,(주) 다이렉트,5.0,1237689.0,14852267.0,2026-05,2026-07-12
다이아몬드크리닝,False,,,,,,2026-07-12
다이트한의원,True,다이트한의원,28.0,3585071.0,43020857.0,2026-05,2026-07-12
다인금속,True,다인금속,14.0,4684032.0,56208381.0,2026-05,2026-07-12
다인메디케어,True,(주)다인메디케어,3.0,3941704.0,47300444.0,2026-05,2026-07-12
다인실버케어요양원,True,다인실버케어요양원,26.0,2492094.0,29905128.0,2026-05,2026-07-12
다인실버타운요양원,True,다인실버타운요양원,25.0,2610293.0,31323520.0,2026-05,2026-07-12
다인재가복지센터,False,,,,,,2026-07-12
다인테크,True,주식회사 다인테크,3.0,1941778.0,23301333.0,2026-05,2026-07-12
다인휴즈,True,다인휴즈,15.0,2758089.0,33097067.0,2026-05,2026-07-12
다임폴라특장(주),False,,,,,,2026-07-12
다잘,True,주식회사 다잘,13.0,2855111.0,34261333.0,2026-05,2026-07-12
다정노인복지센터,False,,,,,,2026-07-12
다정다감 재가방문요양센터,False,,,,,,2026-07-12
다정요양원,True,다정요양원,17.0,2445399.0,29344784.0,2026-05,2026-07-12
다정재가노인복지센터,True,다정재가노인복지센터,9.0,1293062.0,15516741.0,2026-05,2026-07-12
다정재가복지센터,True,다정재가복지센터,13.0,1432718.0,17192615.0,2026-05,2026-07-12
다정한노인복지센터,True,다정한노인복지센터,16.0,1183486.0,14201833.0,2026-05,2026-07-12
다정한방문요양센터,False,,,,,,2026-07-12
다정한방문요양재가복지센터,False,,,,,,2026-07-12
다정한실버케어,True,다정한실버케어,4.0,1400667.0,16808000.0,2026-05,2026-07-12
다정한요양원,True,다정한요양원,10.0,2534622.0,30415467.0,2026-05,2026-07-12
다정한우리재가복지센터,False,,,,,,2026-07-12
다정한재가노인복지센터,True,다정한재가노인복지센터,16.0,1439667.0,17276000.0,2026-05,2026-07-12
다지기에듀케어,True,주식회사다지기에듀케어,16.0,2238639.0,26863667.0,2026-05,2026-07-12
다하어린이집,False,,,,,,2026-07-12
다한회계법인,True,다한회계법인,9.0,3764963.0,45179556.0,2026-05,2026-07-12
다함께돌봄센터(원미별마루),False,,,,,,2026-07-12
다함재가복지센터,True,다함재가복지센터,10.0,1293333.0,15520000.0,2026-05,2026-07-12
닥터M요양원,False,,,,,,2026-07-12
닥터케어요양센터,True,닥터케어요양센터,10.0,2233578.0,26802933.0,2026-05,2026-07-12
닥터홈더사랑요양원,True,닥터홈더사랑요양원,22.0,2460828.0,29529939.0,2026-05,2026-07-12
단비어린이집,True,단비어린이집,9.0,2528790.0,30345481.0,2026-05,2026-07-12
단비재가노인복지센터,True,단비재가노인복지센터,13.0,1326239.0,15914872.0,2026-05,2026-07-12
단비재가복지센터,False,,,,,,2026-07-12
단우재가복지센터,False,,,,,,2026-07-12
단월 어린이집,False,,,,,,2026-07-12
단일시스켐(주),True,단일시스켐(주),60.0,4548093.0,54577111.0,2026-05,2026-07-12
달드림 재가노인복지센터,False,,,,,,2026-07-12
달안어린이집,True,달안어린이집,10.0,3072244.0,36866933.0,2026-05,2026-07-12
담순대 계산점,True,담순대 계산점,3.0,3025926.0,36311111.0,2026-05,2026-07-12
담순대 서창직영점,True,담순대 서창직영점,5.0,3652222.0,43826667.0,2026-05,2026-07-12
당동재가주야간보호센터,False,,,,,,2026-07-12
닻성물,False,,,,,,2026-07-12
대건정기,False,,,,,,2026-07-12
대건창호,False,,,,,,2026-07-12
대건특수도장,False,,,,,,2026-07-12
대경기연,False,,,,,,2026-07-12
대경산업,True,대경산업(주),22.0,4467313.0,53607758.0,2026-05,2026-07-12
대경산업(주),True,대경산업(주),22.0,4467313.0,53607758.0,2026-05,2026-07-12
대경요양원,False,,,,,,2026-07-12
대경이엔에스,True,주식회사대경이엔에스,3.0,3615259.0,43383111.0,2026-05,2026-07-12
대경정밀공업(주,False,,,,,,2026-07-12
대경정밀기계,False,,,,,,2026-07-12
대경정보산업고등학교,False,,,,,,2026-07-12
대경종합관리,True,대경종합관리 주식회사,73.0,2580402.0,30964822.0,2026-05,2026-07-12
대경특수칠공업사,False,,,,,,2026-07-12
대경푸드,True,(주)대경푸드,3.0,2302444.0,27629333.0,2026-05,2026-07-12
대경하이테크,False,,,,,,2026-07-12
대곡실버요양원,True,대곡실버요양원,20.0,2518667.0,30224000.0,2026-05,2026-07-12
대광냉동공업(주),False,,,,,,2026-07-12
대광식품,False,,,,,,2026-07-12
대광아이앤디(주),True,대광아이앤디(주),36.0,3131210.0,37574519.0,2026-05,2026-07-12
대광오토파트(주),False,,,,,,2026-07-12
대광하이텍(주),True,대광하이텍(주),15.0,4132726.0,49592711.0,2026-05,2026-07-12
대광호스 AM센터,False,,,,,,2026-07-12
대교뉴이프 데이케어센터 동탄센터,False,,,,,,2026-07-12
대교뉴이프 데이케어센터 성북센터,True,대교뉴이프 데이케어센터 성북센터,14.0,1888556.0,22662667.0,2026-05,2026-07-12
대교뉴이프 데이케어센터 수원팔달센터,False,,,,,,2026-07-12
대교뉴이프 데이케어센터 용인센터,True,대교뉴이프 데이케어센터 용인센터,15.0,2143244.0,25718933.0,2026-05,2026-07-12
대교뉴이프 데이케어센터 인천미추홀센터,False,,,,,,2026-07-12
대교뉴이프 데이케어센터 인천서구청라센터,False,,,,,,2026-07-12
대교뉴이프 방문요양센터 노원2호센터,True,대교뉴이프 방문요양센터 노원2호센터,12.0,1852685.0,22232222.0,2026-05,2026-07-12
대교뉴이프 방문요양센터 용인수지센터,False,,,,,,2026-07-12
대교뉴이프 방문요양센터 인천계양센터,True,대교뉴이프 방문요양센터 인천계양센터,10.0,1283889.0,15406667.0,2026-05,2026-07-12
대교뉴이프 성남통합센터,False,,,,,,2026-07-12
대교뉴이프 재가복지센터 강남센터,False,,,,,,2026-07-12
대교뉴이프 재가복지센터 동두천센터,False,,,,,,2026-07-12
대교뉴이프 재가복지센터 서울강북센터,False,,,,,,2026-07-12
대교뉴이프 재가복지센터 서울성북센터,False,,,,,,2026-07-12
대교뉴이프 재가복지센터 서울중랑센터,False,,,,,,2026-07-12
대교뉴이프 재가복지센터 용인기흥센터,False,,,,,,2026-07-12
대교뉴이프방문요양센터광명2호센터,False,,,,,,2026-07-12
대국엔지니어링,False,,,,,,2026-07-12
대기산업,True,(주)대기산업,77.0,2556040.0,30672485.0,2026-05,2026-07-12
대능철강(주),False,,,,,,2026-07-12
대덕기공,False,,,,,,2026-07-12
대도제분산업주식회사,False,,,,,,2026-07-12
대도타이브릭(주),False,,,,,,2026-07-12
대동상공(주),False,,,,,,2026-07-12
대동엔지니어링(주),True,대동엔지니어링(주),5.0,2908400.0,34900800.0,2026-05,2026-07-12
대동울타리,True,대동울타리,12.0,3016185.0,36194222.0,2026-05,2026-07-12
대동이앤티(주),True,대동이앤티(주),12.0,4187630.0,50251556.0,2026-05,2026-07-12
대동케이블판매(주),True,대동케이블판매(주),9.0,3893728.0,46724741.0,2026-05,2026-07-12
대동콘덴서공업(주),True,대동콘덴서공업(주),19.0,3020351.0,36244211.0,2026-05,2026-07-12
대동플랜트,True,대동플랜트,13.0,2932838.0,35194051.0,2026-05,2026-07-12
대득스틸,True,대득스틸,19.0,4243251.0,50919018.0,2026-05,2026-07-12
대륙기업(주),True,대륙기업(주),3.0,3655704.0,43868444.0,2026-05,2026-07-12
대륙재가센터,False,,,,,,2026-07-12
대륜이엔지,True,주식회사대륜이엔지,4.0,3034944.0,36419333.0,2026-05,2026-07-12
대림개발(주),True,대림개발(주),16.0,4079889.0,48958667.0,2026-05,2026-07-12
대림라벨(주),True,대림라벨(주),19.0,2390971.0,28691649.0,2026-05,2026-07-12
대림렌탈주식회사,True,대림렌탈주식회사,8.0,4768806.0,57225667.0,2026-05,2026-07-12
대림상사,True,대림상사주식회사,3.0,3747778.0,44973333.0,2026-05,2026-07-12
대림실버1,False,,,,,,2026-07-12
대림아스콘(주),True,대림아스콘(주),8.0,3767056.0,45204667.0,2026-05,2026-07-12
대림어린이집,True,대림어린이집,6.0,1523481.0,18281778.0,2026-05,2026-07-12
대림에스엠(주),False,,,,,,2026-07-12
대림전기(주),True,대림전기(주),9.0,2645975.0,31751704.0,2026-05,2026-07-12
대림정밀,False,,,,,,2026-07-12
대림키즈랜드어린이집,False,,,,,,2026-07-12
대림퍼니처,False,,,,,,2026-07-12
대마레이저판금주식회사,True,대마레이저판금주식회사,6.0,3744185.0,44930222.0,2026-05,2026-07-12
대명알미늄(주),True,대명알미늄(주),5.0,4481600.0,53779200.0,2026-05,2026-07-12
대명유통,True,(주)대명유통,6.0,2957407.0,35488889.0,2026-05,2026-07-12
대명정밀,True,대명정밀(주),19.0,4278678.0,51344140.0,2026-05,2026-07-12
대명퀵,False,,,,,,2026-07-12
대박샤시,False,,,,,,2026-07-12
대박재가노인복지센터,False,,,,,,2026-07-12
대박주유소,False,,,,,,2026-07-12
대방건설(주),True,대방건설(주),15.0,4161926.0,49943111.0,2026-05,2026-07-12
대방재가복지센터,True,대방재가복지센터,12.0,1441056.0,17292667.0,2026-05,2026-07-12
대보건설(주),True,대보건설(주),21.0,3947577.0,47370921.0,2026-05,2026-07-12
대보건설(주) 군자행복드림,False,,,,,,2026-07-12
대보건설(주) 이천(하남)주유소,False,,,,,,2026-07-12
대보공업,True,대보공업,11.0,3686525.0,44238303.0,2026-05,2026-07-12
대보에이에스 주식회사,True,대보에이에스 주식회사,28.0,3173714.0,38084571.0,2026-05,2026-07-12
대보유통(주),False,,,,,,2026-07-12
대보유통(주)안성(서울)주유소,False,,,,,,2026-07-12
대보유통(주)화성(하)휴게소,True,대보유통(주)화성(하)휴게소,19.0,3521099.0,42253193.0,2026-05,2026-07-12
대봉가구,False,,,,,,2026-07-12
대봉퍼니처,False,,,,,,2026-07-12
대부 주식회사 인천공장,False,,,,,,2026-07-12
대산산업,True,대산산업(주),16.0,4119194.0,49430333.0,2026-05,2026-07-12
대산안전산업(주),False,,,,,,2026-07-12
대산플랜트엔지니어링,False,,,,,,2026-07-12
대산하이텍,True,대산하이텍,17.0,3023163.0,36277961.0,2026-05,2026-07-12
대상국제교역,True,대상국제교역,28.0,3109810.0,37317714.0,2026-05,2026-07-12
대상청정원 인천,False,,,,,,2026-07-12
대선산업개발(주),True,대선산업개발(주),19.0,3171357.0,38056281.0,2026-05,2026-07-12
대성P&P,False,,,,,,2026-07-12
대성고속화물,False,,,,,,2026-07-12
대성공업,True,대성공업(주),13.0,3765487.0,45185846.0,2026-05,2026-07-12
대성공업주식회사,True,대성공업주식회사,9.0,2726346.0,32716148.0,2026-05,2026-07-12
대성금속(주),True,대성금속(주),67.0,4158166.0,49897990.0,2026-05,2026-07-12
대성기공,True,(주)대성기공,14.0,3104603.0,37255238.0,2026-05,2026-07-12
대성기업주식회사,True,대성기업주식회사,26.0,3313111.0,39757333.0,2026-05,2026-07-12
대성산기주식회사,False,,,,,,2026-07-12
대성산업,True,대성산업(주),4.0,2570722.0,30848667.0,2026-05,2026-07-12
대성산업가스,True,대성산업가스 주식회사,3.0,3324963.0,39899556.0,2026-05,2026-07-12
대성설렁탕,False,,,,,,2026-07-12
대성아이넷,True,대성아이넷(주),3.0,3222148.0,38665778.0,2026-05,2026-07-12
대성아이디에스(주),True,대성아이디에스(주),34.0,3539222.0,42470667.0,2026-05,2026-07-12
대성이화주식회사,True,대성이화주식회사,13.0,3026291.0,36315487.0,2026-05,2026-07-12
대성자원,True,대성자원주식회사,9.0,4495432.0,53945185.0,2026-05,2026-07-12
대성재가복지센터,False,,,,,,2026-07-12
대성전기주식회사,True,대성전기주식회사,5.0,2669244.0,32030933.0,2026-05,2026-07-12
대성주철공업(주),True,대성주철공업(주),9.0,2859654.0,34315852.0,2026-05,2026-07-12
대성지관,False,,,,,,2026-07-12
대성창호,True,주식회사대성창호,6.0,3055778.0,36669333.0,2026-05,2026-07-12
대성테크노,False,,,,,,2026-07-12
대성특수강관(주),True,대성특수강관(주),15.0,3816415.0,45796978.0,2026-05,2026-07-12
대성팩키지,True,대성팩키지,17.0,4007477.0,48089725.0,2026-05,2026-07-12
대성하이원(주),True,대성하이원(주),20.0,2949456.0,35393467.0,2026-05,2026-07-12
대승종합관리(주),True,대승종합관리(주),108.0,3203171.0,38438049.0,2026-05,2026-07-12
대신관리 주식회사,False,,,,,,2026-07-12
대신기계산업,False,,,,,,2026-07-12
대신농산(주),True,대신농산(주),47.0,3685622.0,44227461.0,2026-05,2026-07-12
대신실업(주),False,,,,,,2026-07-12
대신알루텍,True,대신알루텍주식회사,48.0,3063801.0,36765611.0,2026-05,2026-07-12
대신염직공업(주),True,대신염직공업(주),64.0,3800590.0,45607083.0,2026-05,2026-07-12
대신인쇄,False,,,,,,2026-07-12
대신정기화물 구로고척,False,,,,,,2026-07-12
대신정기화물택배평택고덕영업소,False,,,,,,2026-07-12
대신정밀,True,(주)대신정밀,7.0,4150540.0,49806476.0,2026-05,2026-07-12
대신정밀공업,False,,,,,,2026-07-12
대신종합건설(주),True,대신종합건설(주),5.0,3014578.0,36174933.0,2026-05,2026-07-12
대신종합관리주식회사,False,,,,,,2026-07-12
대신종합설비,False,,,,,,2026-07-12
대신콘크리트(주),True,대신콘크리트(주),6.0,2861704.0,34340444.0,2026-05,2026-07-12
대신택배 오산삼미,False,,,,,,2026-07-12
대신택배 평택항영업소,False,,,,,,2026-07-12
대신택배발안점,False,,,,,,2026-07-12
대신테크,True,(주)대신테크,3.0,4815704.0,57788444.0,2026-05,2026-07-12
대아산업(주),True,대아산업(주),5.0,4456711.0,53480533.0,2026-05,2026-07-12
대아플랜트(주),True,대아플랜트(주),12.0,3627870.0,43534444.0,2026-05,2026-07-12
대아피앤텍,True,(주)대아피앤텍,8.0,3392472.0,40709667.0,2026-05,2026-07-12
대야실버요양원,False,,,,,,2026-07-12
대양Trade,False,,,,,,2026-07-12
대양건설,True,유한회사 대양건설,4.0,2072778.0,24873333.0,2026-05,2026-07-12
대양공업,True,(주)대양공업,24.0,3240306.0,38883667.0,2026-05,2026-07-12
대양공업주식회사,False,,,,,,2026-07-12
대양디아이,True,대양디아이(주),13.0,2218650.0,26623795.0,2026-05,2026-07-12
대양레이저(주),False,,,,,,2026-07-12
대양운수㈜,False,,,,,,2026-07-12
대양인쇄(주),True,대양인쇄(주),11.0,3482990.0,41795879.0,2026-05,2026-07-12
대양철강,False,,,,,,2026-07-12
대양테크(주),True,대양테크(주),66.0,3887340.0,46648081.0,2026-05,2026-07-12
대연농장,False,,,,,,2026-07-12
대엽,True,대엽,12.0,3001093.0,36013111.0,2026-05,2026-07-12
대엽 을지로점,True,대엽 을지로점,15.0,2859911.0,34318933.0,2026-05,2026-07-12
대영,True,(주)대영,3.0,3252815.0,39033778.0,2026-05,2026-07-12
대영EMC(주),False,,,,,,2026-07-12
대영가스,False,,,,,,2026-07-12
대영관리주식회사,True,대영관리주식회사,108.0,2566595.0,30799136.0,2026-05,2026-07-12
대영리사이클링(주),False,,,,,,2026-07-12
대영산업가스(주),False,,,,,,2026-07-12
대영소방기술주식회사,False,,,,,,2026-07-12
대영식품2공장,False,,,,,,2026-07-12
대영용기(주),True,대영용기(주),22.0,3397172.0,40766061.0,2026-05,2026-07-12
대영정공,True,대영정공주식회사,77.0,4069668.0,48836017.0,2026-05,2026-07-12
대영종합관리(주),False,,,,,,2026-07-12
대영페인트,False,,,,,,2026-07-12
대영포장(주),True,대영포장(주),205.0,5039510.0,60474120.0,2026-05,2026-07-12
대영휠타,False,,,,,,2026-07-12
대완건축설비,False,,,,,,2026-07-12
대왕철강(주),True,대왕철강(주),10.0,4348689.0,52184267.0,2026-05,2026-07-12
대용산업,True,대용산업,474.0,3930737.0,47168838.0,2026-05,2026-07-12
대우공업사,False,,,,,,2026-07-12
대우네트웍스 주식회사,True,대우네트웍스 주식회사,6.0,3084963.0,37019556.0,2026-05,2026-07-12
대우인더스트리 주식회사,True,대우인더스트리 주식회사,3.0,1948519.0,23382222.0,2026-05,2026-07-12
대우인쇄교역,True,대우인쇄교역,18.0,4022938.0,48275259.0,2026-05,2026-07-12
대원DNG,False,,,,,,2026-07-12
대원TD,False,,,,,,2026-07-12
대원건설(주),True,대원건설(주),4.0,2496611.0,29959333.0,2026-05,2026-07-12
대원계기산업사,False,,,,,,2026-07-12
대원공신(주),True,대원공신(주),11.0,3060747.0,36728970.0,2026-05,2026-07-12
대원물류,False,,,,,,2026-07-12
대원미트 주식회사,False,,,,,,2026-07-12
대원산림기술사사무소,True,주식회사대원산림기술사사무소,6.0,5474370.0,65692444.0,2026-05,2026-07-12
대원수출포장,False,,,,,,2026-07-12
대원엔지니어링,True,(주)대원엔지니어링,24.0,3567620.0,42811444.0,2026-05,2026-07-12
대원전자주식회사,False,,,,,,2026-07-12
대원정밀부품,True,대원정밀부품,11.0,3176303.0,38115636.0,2026-05,2026-07-12
대원조경건설 주식회사,False,,,,,,2026-07-12
대원종합건설기계,False,,,,,,2026-07-12
대원케미칼(주),True,대원케미칼(주),19.0,4513088.0,54157053.0,2026-05,2026-07-12
대원티엠티(주),False,,,,,,2026-07-12
대원판지공업(주),True,대원판지공업(주),8.0,3548972.0,42587667.0,2026-05,2026-07-12
대유,True,(주)대유,5.0,4437244.0,53246933.0,2026-05,2026-07-12
대유단조,True,대유단조,12.0,3715463.0,44585556.0,2026-05,2026-07-12
대은산업,True,대은산업,10.0,3109822.0,37317867.0,2026-05,2026-07-12
대일CST,True,대일CST,36.0,3329086.0,39949037.0,2026-05,2026-07-12
대일개발주식회사,False,,,,,,2026-07-12
대일건설(주),True,대일건설(주),28.0,3439563.0,41274762.0,2026-05,2026-07-12
대일냉동,True,대일냉동(주),14.0,3200460.0,38405524.0,2026-05,2026-07-12
대일리프트(주),False,,,,,,2026-07-12
대일우드,True,대일우드주식회사,5.0,2848889.0,34186667.0,2026-05,2026-07-12
대일콘크리트(주),False,,,,,,2026-07-12
대중교통주식회사,False,,,,,,2026-07-12
대진공무(주),True,대진공무(주),67.0,5147317.0,61767801.0,2026-05,2026-07-12
대진기업(주),True,대진기업(주),20.0,3021411.0,36256933.0,2026-05,2026-07-12
대진노인복지센터,True,대진노인복지센터,7.0,2814603.0,33775238.0,2026-05,2026-07-12
대진대학교,True,대진대학교,229.0,2262588.0,27151057.0,2026-05,2026-07-12
대진볼트공업(주),True,대진볼트공업(주),49.0,4177995.0,50135946.0,2026-05,2026-07-12
대진솔루션,True,주식회사대진솔루션,5.0,2453467.0,29441600.0,2026-05,2026-07-12
대진에스컴주식회사,False,,,,,,2026-07-12
대진에프앤디,True,주식회사대진에프앤디,18.0,3907025.0,46884296.0,2026-05,2026-07-12
대진요양시설,True,대진요양시설,90.0,2691506.0,32298074.0,2026-05,2026-07-12
대진휀스(주),True,대진휀스(주),47.0,3402180.0,40826156.0,2026-05,2026-07-12
대창금속주식회사,True,대창금속주식회사,10.0,3130111.0,37561333.0,2026-05,2026-07-12
대창로라정밀공업사,False,,,,,,2026-07-12
대창정밀,True,대창정밀,20.0,3213311.0,38559733.0,2026-05,2026-07-12
대치아이리베슐레어린이집,False,,,,,,2026-07-12
대치어린이집,True,대치어린이집,25.0,2428258.0,29139093.0,2026-05,2026-07-12
대풍농장 영농조합법인,False,,,,,,2026-07-12
대하렉스씰산업(주),True,대하렉스씰산업(주),10.0,3403667.0,40844000.0,2026-05,2026-07-12
대한가설,True,주식회사 대한가설,16.0,4342764.0,52113167.0,2026-05,2026-07-12
대한노년소비자보호연대,True,대한노년소비자보호연대,5.0,2237778.0,26853333.0,2026-05,2026-07-12
대한노인복지센터,True,대한노인복지센터,12.0,1235574.0,14826889.0,2026-05,2026-07-12
대한노인주간보호센터,False,,,,,,2026-07-12
대한노인회양천지회,False,,,,,,2026-07-12
대한민국 경비협회 경기남부지방협회,False,,,,,,2026-07-12
대한민국특수임무유공자회 경기도지부 안산시지회,False,,,,,,2026-07-12
대한방문요양센터,False,,,,,,2026-07-12
대한불가복지협회연꽃마을인천장애인지원센타,False,,,,,,2026-07-12
대한불교조계종 수원사,False,,,,,,2026-07-12
대한산업개발(주),True,대한산업개발(주),5.0,2900844.0,34810133.0,2026-05,2026-07-12
대한산업개발(주) (본사(1)),False,,,,,,2026-07-12
대한석유유통(유) 화성현대주유소,False,,,,,,2026-07-12
대한성공회다시서기상담보호센터,False,,,,,,2026-07-12
대한솔 주식회사,True,대한솔 주식회사,18.0,2990864.0,35890370.0,2026-05,2026-07-12
대한수중공사,False,,,,,,2026-07-12
대한실버 재가복지센터,False,,,,,,2026-07-12
대한실버산업(주)부설대실산요양원센터,False,,,,,,2026-07-12
대한안전기술연구원,True,(주)대한안전기술연구원,10.0,4767622.0,57211467.0,2026-05,2026-07-12
대한안전협회(주),False,,,,,,2026-07-12
대한에스티에스,False,,,,,,2026-07-12
대한에어텍,False,,,,,,2026-07-12
대한에프앤드에프(주),False,,,,,,2026-07-12
대한엔지니어링,True,대한엔지니어링(주),30.0,4151059.0,49812711.0,2026-05,2026-07-12
대한연세요양원,True,대한연세요양원,18.0,2356975.0,28283704.0,2026-05,2026-07-12
대한열기(주),True,대한열기(주),17.0,3685673.0,44228078.0,2026-05,2026-07-12
대한예수교장로교 왕성교회,False,,,,,,2026-07-12
대한육가공,True,대한육가공,12.0,3090130.0,37081556.0,2026-05,2026-07-12
대한잉크주식회사,False,,,,,,2026-07-12
대한재가노인복지센터,True,대한재가노인복지센터,14.0,1620349.0,19444190.0,2026-05,2026-07-12
대한재가복지센터,True,대한재가복지센터,16.0,1217667.0,14612000.0,2026-05,2026-07-12
대한정공,True,대한정공,18.0,3606519.0,43278222.0,2026-05,2026-07-12
대한종합개발주식회사,True,대한종합개발주식회사,3.0,3658519.0,43902222.0,2026-05,2026-07-12
대한종합관리(주),True,대한종합관리(주),13.0,2444855.0,29338256.0,2026-05,2026-07-12
대한주택안전관리,True,(주)대한주택안전관리,5.0,3809644.0,45715733.0,2026-05,2026-07-12
대한중기센타,False,,,,,,2026-07-12
대현복지센터,True,대현복지센터,14.0,1229937.0,14759238.0,2026-05,2026-07-12
대현산업(주),False,,,,,,2026-07-12
대현수지,True,대현수지,16.0,3161889.0,37942667.0,2026-05,2026-07-12
대현정공,True,대현정공주식회사,7.0,2581968.0,30983619.0,2026-05,2026-07-12
대현정밀,True,(주)대현정밀,3.0,3314074.0,39768889.0,2026-05,2026-07-12
대현하이테크,True,(주)대현하이테크,6.0,5592259.0,67107111.0,2026-05,2026-07-12
대협특수공구,False,,,,,,2026-07-12
대형정밀(주),True,대형정밀(주),41.0,4447176.0,53366114.0,2026-05,2026-07-12
대형정밀기어,False,,,,,,2026-07-12
대형특수기어,False,,,,,,2026-07-12
대호에스텍(주),True,대호에스텍(주),31.0,3959168.0,47510022.0,2026-05,2026-07-12
대호정밀주식회사,True,대호정밀주식회사,19.0,4680082.0,56160982.0,2026-05,2026-07-12
대호프랜트(주),True,대호프랜트(주),28.0,5564278.0,66771333.0,2026-05,2026-07-12
대화이엔지 주식회사,True,대화이엔지 주식회사,6.0,2256222.0,27074667.0,2026-05,2026-07-12
대화테크글로벌(주),False,,,,,,2026-07-12
대흥금속,True,대흥금속,12.0,3004481.0,36053778.0,2026-05,2026-07-12
대흥노인복지센터,True,대흥노인복지센터,10.0,1682400.0,20188800.0,2026-05,2026-07-12
대흥사,True,대흥사,14.0,2346937.0,28163238.0,2026-05,2026-07-12
대흥식품,True,주식회사대흥식품,5.0,3684711.0,44216533.0,2026-05,2026-07-12
대흥연마철재(주),False,,,,,,2026-07-12
대흥테크,True,대흥테크(주),5.0,4036311.0,48435733.0,2026-05,2026-07-12
대흥프레나,False,,,,,,2026-07-12
더 사임당 재활요양원,False,,,,,,2026-07-12
더 소와나,False,,,,,,2026-07-12
더 프리미엄 주식회사,False,,,,,,2026-07-12
더 홈,True,더 홈,34.0,4076458.0,48917490.0,2026-05,2026-07-12
더(THE)잠실방문요양센터,False,,,,,,2026-07-12
더(THE)참좋은노인복지재가센터,False,,,,,,2026-07-12
더(The)섬김 재가요양복지센터,False,,,,,,2026-07-12
더가지런한치과교정과,True,더가지런한치과교정과,10.0,3634422.0,43613067.0,2026-05,2026-07-12
더강건설주식회사,False,,,,,,2026-07-12
더결엔지니어링 주식회사,False,,,,,,2026-07-12
더공감재가복지센터,False,,,,,,2026-07-12
더공감치과,False,,,,,,2026-07-12
더공경노인주간보호센터,True,더공경노인주간보호센터,8.0,2628278.0,31539333.0,2026-05,2026-07-12
더공부하는학원,False,,,,,,2026-07-12
더그린방문요양센터,False,,,,,,2026-07-12
더기쁨방문요양센터,False,,,,,,2026-07-12
더나누리재가복지센터,False,,,,,,2026-07-12
더나눔데이케어센터,False,,,,,,2026-07-12
더나눔방문요양센터,False,,,,,,2026-07-12
더나눔병원,True,더나눔병원,53.0,3587094.0,43045132.0,2026-05,2026-07-12
더나눔재가복지센터,False,,,,,,2026-07-12
더나은재가방문요양센터,False,,,,,,2026-07-12
더나은재가복지센터,True,더나은재가복지센터,21.0,1509238.0,18110857.0,2026-05,2026-07-12
더나은재활요양원,True,더나은재활요양원,20.0,2541033.0,30492400.0,2026-05,2026-07-12
더나은주간보호센터,True,더나은주간보호센터,11.0,2624424.0,31493091.0,2026-05,2026-07-12
더난세무법인,True,더난세무법인,8.0,3845278.0,46143333.0,2026-05,2026-07-12
더누림재가복지센터,True,더누림재가복지센터,13.0,1957299.0,23487590.0,2026-05,2026-07-12
더돌봄 노인복지센터,True,더돌봄 노인복지센터,11.0,2379030.0,28548364.0,2026-05,2026-07-12
더드림방문간호요양센터,False,,,,,,2026-07-12
더드림요양병원,True,더드림요양병원,146.0,3259852.0,39118228.0,2026-05,2026-07-12
더드림요양복지센터,False,,,,,,2026-07-12
더드림재가노인복지센터,False,,,,,,2026-07-12
더드림재가복지센터,True,더드림재가복지센터,21.0,1571175.0,18854095.0,2026-05,2026-07-12
더드림재활데이케어센터,False,,,,,,2026-07-12
더드림행복재가복지센터,False,,,,,,2026-07-12
더라이쳐스(주),False,,,,,,2026-07-12
더랩솔루션,True,더랩솔루션주식회사,4.0,3159222.0,37910667.0,2026-05,2026-07-12
더레이크시티1단지 부영 사랑으로 어린이집,False,,,,,,2026-07-12
더리치요양원,False,,,,,,2026-07-12
더마음사랑사회적협동조합,True,더마음사랑사회적협동조합,11.0,2200384.0,26404606.0,2026-05,2026-07-12
더메이크 사회적협동조합(구리지부),False,,,,,,2026-07-12
더바른실버케어요양원,True,더바른실버케어요양원,19.0,2243146.0,26917754.0,2026-05,2026-07-12
더바른푸드,True,더바른푸드,25.0,3615689.0,43388267.0,2026-05,2026-07-12
더밝은미소 방문요양센터,False,,,,,,2026-07-12
더베스트 요양원,False,,,,,,2026-07-12
더베스트실버케어,False,,,,,,2026-07-12
더베스트요양원,True,더베스트요양원,14.0,2458063.0,29496762.0,2026-05,2026-07-12
더보람재가복지센터,False,,,,,,2026-07-12
더본행복타운요양원,True,더본행복타운요양원,14.0,2498190.0,29978286.0,2026-05,2026-07-12
더봄데이케어센터,True,더봄데이케어센터,8.0,2269417.0,27233000.0,2026-05,2026-07-12
더봄방문요양센터,False,,,,,,2026-07-12
더부스틸(주),True,더부스틸(주),15.0,3778830.0,45345956.0,2026-05,2026-07-12
더부씨앤비(주),False,,,,,,2026-07-12
더불어푸드시스템,False,,,,,,2026-07-12
더불어효재가복지센터,False,,,,,,2026-07-12
더블랙나인&딜라이트박스(TheBlack&DelightBox),False,,,,,,2026-07-12
더블에스인터내셔널,False,,,,,,2026-07-12
더블에이테크,False,,,,,,2026-07-12
더블유아이피,True,더블유아이피,12.0,3887074.0,46644889.0,2026-05,2026-07-12
더블유피솔루션즈(주),False,,,,,,2026-07-12
더사랑 재가복지센터,False,,,,,,2026-07-12
더사랑까치울요양원,True,더사랑까치울요양원,19.0,2257684.0,27092211.0,2026-05,2026-07-12
더사랑노인재가복지센터,False,,,,,,2026-07-12
더사랑방문요양센터,True,더사랑방문요양센터,22.0,1345707.0,16148485.0,2026-05,2026-07-12
더사랑재가복지센타,False,,,,,,2026-07-12
더사랑재가복지센터,False,,,,,,2026-07-12
더사랑주야간보호센터,True,더사랑주야간보호센터,19.0,1863368.0,22360421.0,2026-05,2026-07-12
더샵리버포레우리 어린이집,True,더샵리버포레우리 어린이집,12.0,2326130.0,27913556.0,2026-05,2026-07-12
더샵아이좋아어린이집,False,,,,,,2026-07-12
더샵파크향기어린이집,False,,,,,,2026-07-12
더서울병원,True,더서울병원,73.0,3936941.0,47243288.0,2026-05,2026-07-12
더섬김 재가노인복지센터,False,,,,,,2026-07-12
더송스하우스,False,,,,,,2026-07-12
더수원어르신재활요양원,False,,,,,,2026-07-12
더숲데이케어센터,False,,,,,,2026-07-12
더숲애플트리어린이집,True,더숲애플트리어린이집,12.0,1808722.0,21704667.0,2026-05,2026-07-12
더아름다운치과,False,,,,,,2026-07-12
더아이엠(주),True,더아이엠(주),35.0,3358705.0,40304457.0,2026-05,2026-07-12
더에스엠로지텍(주),True,더에스엠로지텍(주),3.0,1794444.0,21533333.0,2026-05,2026-07-12
더에스제이메디코스메틱,False,,,,,,2026-07-12
더워터주식회사,False,,,,,,2026-07-12
더원요양원,False,,,,,,2026-07-12
더원직업훈련센터,False,,,,,,2026-07-12
더원케어,True,더원케어,18.0,1567728.0,18812741.0,2026-05,2026-07-12
더웰푸드 주식회사,True,더웰푸드 주식회사,9.0,2640025.0,31680296.0,2026-05,2026-07-12
더이음,True,(주)더이음,22.0,2684010.0,32208121.0,2026-05,2026-07-12
더자연처럼,True,더자연처럼,22.0,2505323.0,30063879.0,2026-05,2026-07-12
더제이마켓 주식회사,True,더제이마켓 주식회사,35.0,3966025.0,47592305.0,2026-05,2026-07-12
더제이마트 주식회사,False,,,,,,2026-07-12
더조아,False,,,,,,2026-07-12
더조은 방문요양센터,False,,,,,,2026-07-12
더조은 컴퍼니,False,,,,,,2026-07-12
더조은방문요양센터,True,더조은방문요양센터,15.0,1301763.0,15621156.0,2026-05,2026-07-12
더조은재가복지센터,True,더조은재가복지센터,14.0,1219222.0,14630667.0,2026-05,2026-07-12
더조은재활요양원,True,더조은재활요양원,22.0,2475768.0,29709212.0,2026-05,2026-07-12
더조은주야간보호센터,True,더조은주야간보호센터,10.0,2357044.0,28284533.0,2026-05,2026-07-12
더조은케어,True,주식회사 더조은케어,8.0,3203944.0,38447333.0,2026-05,2026-07-12
더존환경 주식회사,True,더존환경 주식회사,25.0,2310320.0,27723840.0,2026-05,2026-07-12
더좋은 방문요양센터,False,,,,,,2026-07-12
더좋은노인요양센터,False,,,,,,2026-07-12
더진국 교대역점,False,,,,,,2026-07-12
더진스페이스 주식회사,False,,,,,,2026-07-12
더채움,True,주식회사 더채움,4.0,2620556.0,31446667.0,2026-05,2026-07-12
더캐슬요양원,True,더캐슬요양원,32.0,2473014.0,29676167.0,2026-05,2026-07-12
더케어,True,주식회사더케어,62.0,2940928.0,35291140.0,2026-05,2026-07-12
더케어링하우스 남양주요양원,False,,,,,,2026-07-12
더케어방문요양센터,True,더케어방문요양센터,10.0,1054756.0,12657067.0,2026-05,2026-07-12
더케이엠에스(주),True,더케이엠에스(주),145.0,3533998.0,42407982.0,2026-05,2026-07-12
더코너스톤코퍼레이션 주식회사,False,,,,,,2026-07-12
더클래스어린이집,True,더클래스어린이집,16.0,1922819.0,23073833.0,2026-05,2026-07-12
더클래식,True,주식회사 더클래식,5.0,3236444.0,38837333.0,2026-05,2026-07-12
더편한노인주간보호센터,False,,,,,,2026-07-12
더편한방문간호요양센터,True,더편한방문간호요양센터,27.0,1489325.0,17871901.0,2026-05,2026-07-12
더편한요양센터,False,,,,,,2026-07-12
더편한요양원,True,더편한요양원,25.0,2637520.0,31650240.0,2026-05,2026-07-12
더푸른요양원,False,,,,,,2026-07-12
더프라임 요양원,False,,,,,,2026-07-12
더플러스 시니어빌리지 요양원,True,더플러스 시니어빌리지 요양원,13.0,2722496.0,32669949.0,2026-05,2026-07-12
더하루 메이크업,False,,,,,,2026-07-12
더한방주간보호센터,False,,,,,,2026-07-12
더함께재가복지센터,False,,,,,,2026-07-12
더핸즈,False,,,,,,2026-07-12
더햇츠(TheHats),False,,,,,,2026-07-12
더행복드림복지센터,True,더행복드림복지센터,15.0,1335259.0,16023111.0,2026-05,2026-07-12
더행복드림재가복지센터,True,더행복드림재가복지센터,15.0,1216296.0,14595556.0,2026-05,2026-07-12
더행복요양병원,True,더행복요양병원,36.0,3025377.0,36304519.0,2026-05,2026-07-12
더행복재활주간보호센터,False,,,,,,2026-07-12
더행복한 사회적협동조합,False,,,,,,2026-07-12
더행복한재가노인복지센터,False,,,,,,2026-07-12
더헤리티지요양원,True,더헤리티지요양원,22.0,2333192.0,27998303.0,2026-05,2026-07-12
더홈주야간보호센터,False,,,,,,2026-07-12
더화성재가노인복지센터,False,,,,,,2026-07-12
더힐링요양원,True,더힐링요양원,18.0,2456580.0,29478963.0,2026-05,2026-07-12
더힘찬노인복지센터,True,더힘찬노인복지센터,11.0,2169313.0,26031758.0,2026-05,2026-07-12
덕다리미곡처리장,False,,,,,,2026-07-12
덕둔산업(주),False,,,,,,2026-07-12
덕산금속(주),True,덕산금속(주),31.0,3079326.0,36951914.0,2026-05,2026-07-12
덕산대 체력단련장,False,,,,,,2026-07-12
덕산엔터프라이즈(주),True,덕산엔터프라이즈(주),43.0,4192129.0,50305550.0,2026-05,2026-07-12
덕산한의원 경기광주,False,,,,,,2026-07-12
덕소가정방문재가센터,False,,,,,,2026-07-12
덕소으뜸방문요양센터,False,,,,,,2026-07-12
덕소참사랑방문재가센터,False,,,,,,2026-07-12
덕소행복한재가복지센터,False,,,,,,2026-07-12
덕소효드림요양원,True,덕소효드림요양원,4.0,2239833.0,26878000.0,2026-05,2026-07-12
덕수재가복지센터,False,,,,,,2026-07-12
덕수콜택시(주),True,덕수콜택시(주),8.0,1875250.0,22503000.0,2026-05,2026-07-12
덕양노인주야간보호센터,True,덕양노인주야간보호센터,7.0,2484413.0,29812952.0,2026-05,2026-07-12
덕양재가방문요양센터,False,,,,,,2026-07-12
덕원기업,True,덕원기업,59.0,3462482.0,41549785.0,2026-05,2026-07-12
덕일농장,False,,,,,,2026-07-12
덕적공립요양원(요양),False,,,,,,2026-07-12
덕적수산,False,,,,,,2026-07-12
덕지산업(주),True,덕지산업(주),100.0,4173667.0,50084000.0,2026-05,2026-07-12
덕진상사,True,주식회사덕진상사,3.0,2889333.0,34672000.0,2026-05,2026-07-12
덕화노인요양원,True,덕화노인요양원,6.0,2832704.0,33992444.0,2026-05,2026-07-12
데이브실버케어,True,데이브실버케어,22.0,2620152.0,31441818.0,2026-05,2026-07-12
데이케어만세재가복지센터,True,데이케어만세재가복지센터,11.0,2297273.0,27567273.0,2026-05,2026-07-12
데이코 주식회사,False,,,,,,2026-07-12
데일리워크,True,주식회사데일리워크,56.0,2311437.0,27737238.0,2026-05,2026-07-12
데코론(주),False,,,,,,2026-07-12
덴앤택,False,,,,,,2026-07-12
델리에프에스,True,델리에프에스(주),157.0,2504495.0,30053945.0,2026-05,2026-07-12
델리치푸드(주),True,델리치푸드(주),48.0,3717236.0,44606833.0,2026-05,2026-07-12
델타스틸(주),False,,,,,,2026-07-12
도경건설(주),True,도경건설(주),5.0,5352622.0,64231467.0,2026-05,2026-07-12
도경산업,False,,,,,,2026-07-12
도곡어린이집,False,,,,,,2026-07-12
도노티엔씨,True,도노티엔씨,23.0,4134647.0,49615768.0,2026-05,2026-07-12
도농아이사랑어린이집,True,도농아이사랑어린이집,21.0,2221228.0,26654730.0,2026-05,2026-07-12
도담 1988,False,,,,,,2026-07-12
도담도담 사회적협동조합,True,도담도담 사회적협동조합,23.0,2019324.0,24231884.0,2026-05,2026-07-12
도담도담산후도우미 강남서초지사,False,,,,,,2026-07-12
도란도란방문요양센터,False,,,,,,2026-07-12
도래샘키즈어린이집,False,,,,,,2026-07-12
도림,True,(주)도림,5.0,3368222.0,40418667.0,2026-05,2026-07-12
도미넌트인더스트리,False,,,,,,2026-07-12
도미솔식품,True,도미솔식품,34.0,3279510.0,39354118.0,2026-05,2026-07-12
도미인 서울 강남(Dormy Inn Seoul Gangnam),False,,,,,,2026-07-12
도봉경희한의원,False,,,,,,2026-07-12
도봉구다문화가족지원센터,False,,,,,,2026-07-12
도봉노적성해장애인자립생활센터,False,,,,,,2026-07-12
도봉사랑노인재가센터,False,,,,,,2026-07-12
도봉시니어클럽,True,도봉시니어클럽,26.0,2675359.0,32104308.0,2026-05,2026-07-12
도봉실버센터,False,,,,,,2026-07-12
도봉효사랑재가복지센터,True,도봉효사랑재가복지센터,10.0,1934489.0,23213867.0,2026-05,2026-07-12
도부마스크 주식회사,False,,,,,,2026-07-12
도성종합건설(주),False,,,,,,2026-07-12
도안테크,True,주식회사 도안테크,3.0,5478296.0,65739556.0,2026-05,2026-07-12
도연재가방문요양센터,True,도연재가방문요양센터,19.0,1361673.0,16340070.0,2026-05,2026-07-12
도영오토텍,True,주식회사  도영오토텍,61.0,3055239.0,36662863.0,2026-05,2026-07-12
도와드림재가복지센터,False,,,,,,2026-07-12
도우누리,True,주식회사도우누리,3.0,2339778.0,28077333.0,2026-05,2026-07-12
도우누리 정다운 사회적 협동조합,False,,,,,,2026-07-12
도우누리평택 노인재활주간보호센터,False,,,,,,2026-07-12
도우미실버케어,False,,,,,,2026-07-12
도운,True,주식회사도운,7.0,3882508.0,46590095.0,2026-05,2026-07-12
도울방문요양재가센터,False,,,,,,2026-07-12
도움손 재가방문요양센터,True,도움손 재가방문요양센터,13.0,1435419.0,17225026.0,2026-05,2026-07-12
도움재가복지센터,True,도움재가복지센터,10.0,1257044.0,15084533.0,2026-05,2026-07-12
도원금속,False,,,,,,2026-07-12
도원환경(주),True,도원환경(주),3.0,2748222.0,32978667.0,2026-05,2026-07-12
도일컴퍼니,True,(주)도일컴퍼니,8.0,3141278.0,37695333.0,2026-05,2026-07-12
도촌 어린이집,False,,,,,,2026-07-12
도촌제1어린이집,True,도촌제1어린이집,10.0,2394756.0,28737067.0,2026-05,2026-07-12
도타이,True,주식회사 도타이,60.0,3230715.0,38768578.0,2026-05,2026-07-12
도토리재가복지센터,True,도토리재가복지센터,7.0,1289841.0,15478095.0,2026-05,2026-07-12
도현개발(주),False,,,,,,2026-07-12
도화요양원,True,도화요양원,12.0,2845796.0,34149556.0,2026-05,2026-07-12
도화철강(주),False,,,,,,2026-07-12
독립문어린이집,True,독립문어린이집,11.0,2176040.0,26112485.0,2026-05,2026-07-12
돈보스꼬유치원,True,돈보스꼬유치원,8.0,2103667.0,25244000.0,2026-05,2026-07-12
돈보스코오라토리오,False,,,,,,2026-07-12
돌곶이데이케어센터,False,,,,,,2026-07-12
돌담요양병원,True,돌담요양병원,19.0,3111848.0,37342175.0,2026-05,2026-07-12
돌보미방문요양센터,False,,,,,,2026-07-12
돌보미재가복지센터,True,주식회사돌보미재가복지센터,5.0,2034800.0,24417600.0,2026-05,2026-07-12
돌보인 방문요양센터,False,,,,,,2026-07-12
돌보인방문요양센터 강서점,True,돌보인방문요양센터 강서점,11.0,1494768.0,17937212.0,2026-05,2026-07-12
돌보인방문요양센터 관악점,False,,,,,,2026-07-12
돌보인방문요양센터 상계점,False,,,,,,2026-07-12
돌보인방문요양센터 왕십리점,True,돌보인방문요양센터 왕십리점,10.0,1646600.0,19759200.0,2026-05,2026-07-12
돌보인방문요양센터분당점,True,돌보인방문요양센터분당점,12.0,1510056.0,18120667.0,2026-05,2026-07-12
돌보인방문요양센터수원점,False,,,,,,2026-07-12
돌보인방문요양센터일산점,True,돌보인방문요양센터일산점,16.0,1241236.0,14894833.0,2026-05,2026-07-12
돌봄 재가복지센터,True,돌봄 재가복지센터,11.0,1208505.0,14502061.0,2026-05,2026-07-12
돌봄in재가복지센터,False,,,,,,2026-07-12
돌봄간호요양원1,False,,,,,,2026-07-12
돌봄노인재가복지센터,True,돌봄노인재가복지센터,11.0,1056343.0,12676121.0,2026-05,2026-07-12
돌봄방문요양센터,False,,,,,,2026-07-12
돌봄상민실버케어센터,False,,,,,,2026-07-12
돌봄연구소 행복한 시니어 케어 센터,False,,,,,,2026-07-12
돌봄연구소 행복한 시니어 케어센터 동부이촌점,False,,,,,,2026-07-12
돌봄재가방문요양센터,False,,,,,,2026-07-12
돌봄재가복지센터,True,돌봄재가복지센터,13.0,1185932.0,14231179.0,2026-05,2026-07-12
돌봄재가장기요양센터,False,,,,,,2026-07-12
돌봄플러스재가센터,False,,,,,,2026-07-12
돕는사랑,True,돕는사랑,12.0,1420630.0,17047556.0,2026-05,2026-07-12
동감재가복지센터,False,,,,,,2026-07-12
동강엘리베이터,True,동강엘리베이터,23.0,3889362.0,46672348.0,2026-05,2026-07-12
동경(주) 잠실점,False,,,,,,2026-07-12
동경(주)영등포지점,True,동경(주)영등포지점,23.0,3041710.0,36500522.0,2026-05,2026-07-12
동광L&B,False,,,,,,2026-07-12
동광개발(주),True,동광개발(주),271.0,2199757.0,26397087.0,2026-05,2026-07-12
동광레저(주),True,동광레저(주),21.0,3422042.0,41064508.0,2026-05,2026-07-12
동광프리즘(주)내촌지점,False,,,,,,2026-07-12
동광플라텍(주),True,동광플라텍(주),12.0,2753611.0,33043333.0,2026-05,2026-07-12
동구재가복지센터,False,,,,,,2026-07-12
동구종합재가센터,True,주식회사동구종합재가센터,23.0,1970657.0,23647884.0,2026-05,2026-07-12
동국대학교,True,동국대학교,1347.0,1759634.0,21115605.0,2026-05,2026-07-12
동국상사,False,,,,,,2026-07-12
동국자원,False,,,,,,2026-07-12
동국정밀주식회사,True,동국정밀주식회사,11.0,4795515.0,57546182.0,2026-05,2026-07-12
동국휴요앙원,False,,,,,,2026-07-12
동그라미복지센터,True,동그라미복지센터,11.0,1951495.0,23417939.0,2026-05,2026-07-12
동그라미어린이집,True,동그라미어린이집,8.0,2816167.0,33794000.0,2026-05,2026-07-12
동그라미재가노인복지센터,True,동그라미재가노인복지센터,18.0,1900173.0,22802074.0,2026-05,2026-07-12
동남보건대학교부설유치원,False,,,,,,2026-07-12
동남에스에이치(주),True,동남에스에이치(주),17.0,4136275.0,49635294.0,2026-05,2026-07-12
동남엔지니어링,True,주식회사동남엔지니어링,21.0,3278529.0,39342349.0,2026-05,2026-07-12
동남주식회사,True,동남주식회사,7.0,2442127.0,29305524.0,2026-05,2026-07-12
동네노인돌봄재가센터,False,,,,,,2026-07-12
동대문구 방문요양센터,False,,,,,,2026-07-12
동대문구노인복지센터,False,,,,,,2026-07-12
동대문엽기떡볶이시흥점,False,,,,,,2026-07-12
동덕이엔지,False,,,,,,2026-07-12
동도전자산업(주),False,,,,,,2026-07-12
동두천라이프요양원,True,동두천라이프요양원,14.0,2491079.0,29892952.0,2026-05,2026-07-12
동두천성결재가노인복지센터,True,동두천성결재가노인복지센터,12.0,1932778.0,23193333.0,2026-05,2026-07-12
동두천염색사업협동조합,False,,,,,,2026-07-12
동두천탑재가복지센터,False,,,,,,2026-07-12
동두천포천티엠에스,True,동두천포천티엠에스,30.0,2498578.0,29982933.0,2026-05,2026-07-12
동두천효재활요양원,True,동두천효재활요양원,6.0,2040667.0,24488000.0,2026-05,2026-07-12
동두천효재활주간보호센터,False,,,,,,2026-07-12
동림산업 주식회사,False,,,,,,2026-07-12
동림테크,False,,,,,,2026-07-12
동립철강(주),True,동립철강(주),3.0,3961778.0,47541333.0,2026-05,2026-07-12
동명ENC,False,,,,,,2026-07-12
동명물류운반기계,False,,,,,,2026-07-12
동명실업,False,,,,,,2026-07-12
동명티에스,False,,,,,,2026-07-12
동명피엔티(주),True,동명피엔티(주),11.0,2764707.0,33176485.0,2026-05,2026-07-12
동문산업개발(주),False,,,,,,2026-07-12
동민에듀주식회사,True,동민에듀주식회사,12.0,4195593.0,50347111.0,2026-05,2026-07-12
동민케미칼(주),False,,,,,,2026-07-12
동방노보펌(주)화성지점,False,,,,,,2026-07-12
동방문화대학원대학교,True,동방문화대학원대학교,6.0,2096481.0,25157778.0,2026-05,2026-07-12
동방실리콘,True,동방실리콘(주),64.0,3627792.0,43533500.0,2026-05,2026-07-12
동방전기공업(주),True,동방전기공업(주),25.0,3746747.0,44960960.0,2026-05,2026-07-12
동백마더요양원,False,,,,,,2026-07-12
동백성루카병원,False,,,,,,2026-07-12
동백요양병원,True,동백요양병원,49.0,2923773.0,35085279.0,2026-05,2026-07-12
동백요양원,True,동백요양원,13.0,2485726.0,29828718.0,2026-05,2026-07-12
동보상사,True,동보상사,13.0,3321368.0,39856410.0,2026-05,2026-07-12
동보정밀,True,동보정밀,10.0,3996222.0,47954667.0,2026-05,2026-07-12
동부건설(주),True,동부건설(주),913.0,6080445.0,72965339.0,2026-05,2026-07-12
동부실버요양원,False,,,,,,2026-07-12
동부우레탄,False,,,,,,2026-07-12
동부전국화물 주식회사,True,동부전국화물 주식회사,5.0,3491467.0,41897600.0,2026-05,2026-07-12
동부주간보호센터,True,동부주간보호센터,12.0,2002093.0,24025111.0,2026-05,2026-07-12
동부케어공도노인복지센터,False,,,,,,2026-07-12
동부케어복지센터,False,,,,,,2026-07-12
동부케어처인점,False,,,,,,2026-07-12
동부환경개발(주),True,동부환경개발(주),11.0,4899980.0,58799758.0,2026-05,2026-07-12
동북홈케어서비스,False,,,,,,2026-07-12
동산기계(주),True,동산기계(주),17.0,5486536.0,65838431.0,2026-05,2026-07-12
동산농장,False,,,,,,2026-07-12
동산산업(주),True,동산산업(주),9.0,4970741.0,59648889.0,2026-05,2026-07-12
동산실버케어,True,동산실버케어,12.0,2298185.0,27578222.0,2026-05,2026-07-12
동산재가노인복지센터,False,,,,,,2026-07-12
동산재가복지센터,True,동산재가복지센터,11.0,1564384.0,18772606.0,2026-05,2026-07-12
동산케어센터,False,,,,,,2026-07-12
동산케어센터송탄점,False,,,,,,2026-07-12
동산코리아,True,(주)동산코리아,9.0,3395309.0,40743704.0,2026-05,2026-07-12
동산테크주식회사,False,,,,,,2026-07-12
동산플러스,False,,,,,,2026-07-12
동서남북재가방문,True,(주)동서남북재가방문,4.0,1948222.0,23378667.0,2026-05,2026-07-12
동서에너지 주식회사,False,,,,,,2026-07-12
동서요양병원,True,동서요양병원,40.0,3014444.0,36173333.0,2026-05,2026-07-12
동서힐링 방문요양센터,False,,,,,,2026-07-12
동성개발,True,동성개발(주),7.0,1945905.0,23350857.0,2026-05,2026-07-12
동성금속,True,동성금속,14.0,3391889.0,40702667.0,2026-05,2026-07-12
동성세이프,False,,,,,,2026-07-12
동성유공압,True,동성유공압,12.0,3744241.0,44930889.0,2026-05,2026-07-12
동성유치원,True,동성유치원,4.0,1944222.0,23330667.0,2026-05,2026-07-12
동성자산관리,True,동성자산관리(주),6.0,1893926.0,22727111.0,2026-05,2026-07-12
동성재가복지센터,False,,,,,,2026-07-12
동성재가요양센터,True,동성재가요양센터,11.0,1147798.0,13773576.0,2026-05,2026-07-12
동성정공주식회사,False,,,,,,2026-07-12
동성지원주식회사,True,동성지원주식회사,14.0,3563619.0,42763429.0,2026-05,2026-07-12
동성화학,True,동성화학(주),5.0,4119911.0,49438933.0,2026-05,2026-07-12
동성화학공업(주),True,동성화학공업(주),101.0,4612444.0,55349333.0,2026-05,2026-07-12
동성환경,False,,,,,,2026-07-12
동수성모요양원,False,,,,,,2026-07-12
동수원 요양원,False,,,,,,2026-07-12
동수원노인전문요양원,True,동수원노인전문요양원,10.0,2476156.0,29713867.0,2026-05,2026-07-12
동신관유리공업(주),True,동신관유리공업(주),148.0,4272254.0,51267045.0,2026-05,2026-07-12
동신다이아몬드공업(주),True,동신다이아몬드공업(주),4.0,4689500.0,56274000.0,2026-05,2026-07-12
동신메탈텍,True,동신메탈텍,14.0,3389778.0,40677333.0,2026-05,2026-07-12
동신산업(주)평택공장,False,,,,,,2026-07-12
동신어린이집,True,동신어린이집,14.0,2540143.0,30481714.0,2026-05,2026-07-12
동신에이알씨(주),False,,,,,,2026-07-12
동아공사(주),True,동아공사(주),18.0,4251358.0,51016296.0,2026-05,2026-07-12
동아기업(주),True,동아기업(주),93.0,4299697.0,51596358.0,2026-05,2026-07-12
동아돌봄재가센터,False,,,,,,2026-07-12
동아레이저,True,동아레이저,13.0,3669897.0,44038769.0,2026-05,2026-07-12
동아물산(주),True,동아물산(주),15.0,3269274.0,39231289.0,2026-05,2026-07-12
동아방송예술대학,False,,,,,,2026-07-12
동아베스텍(주),True,동아베스텍(주),119.0,4048781.0,48585367.0,2026-05,2026-07-12
동아산업(주),True,동아산업(주),33.0,3772195.0,45266343.0,2026-05,2026-07-12
동아석재산업(주),True,동아석재산업(주),32.0,4903521.0,58842250.0,2026-05,2026-07-12
동아콘트롤(주),True,동아콘트롤(주),11.0,3460667.0,41528000.0,2026-05,2026-07-12
동아특수강정공,False,,,,,,2026-07-12
동아특수화학,True,동아특수화학(주),18.0,3219556.0,38634667.0,2026-05,2026-07-12
동아풍력(주),True,동아풍력(주),25.0,4455413.0,53464960.0,2026-05,2026-07-12
동아피제이피,True,(주)동아피제이피,3.0,2568519.0,30822222.0,2026-05,2026-07-12
동안성재활노인주간보호센터,False,,,,,,2026-07-12
동암햇빛재가노인복지센터,False,,,,,,2026-07-12
동양 정수기,False,,,,,,2026-07-12
동양강업(주),True,동양강업(주),15.0,2991185.0,35894222.0,2026-05,2026-07-12
동양건기(주),True,동양건기(주),6.0,3676630.0,44119556.0,2026-05,2026-07-12
동양건드릴,False,,,,,,2026-07-12
동양고압산업(주)화성공장,True,동양고압산업(주)화성공장,6.0,3781963.0,45383556.0,2026-05,2026-07-12
동양기계공업(주),True,동양기계공업(주),28.0,3831905.0,45982857.0,2026-05,2026-07-12
동양기업,True,(주)동양기업,8.0,3988083.0,47857000.0,2026-05,2026-07-12
동양다이캐스팅주식회사,False,,,,,,2026-07-12
동양산업가스(주),True,동양산업가스(주),28.0,4196802.0,50361619.0,2026-05,2026-07-12
동양스틸,True,동양스틸주식회사,5.0,4766133.0,57193600.0,2026-05,2026-07-12
동양윈스텍(주),False,,,,,,2026-07-12
동양유리건업(주)파주공장,False,,,,,,2026-07-12
동양이엔피(주),True,동양이엔피(주),346.0,5228459.0,62741511.0,2026-05,2026-07-12
동양인발주식회사,True,동양인발주식회사,19.0,4755567.0,57066807.0,2026-05,2026-07-12
동양전자산업(주),True,동양전자산업(주),59.0,2615480.0,31385763.0,2026-05,2026-07-12
동양정수산업,True,동양정수산업,23.0,3890019.0,46680232.0,2026-05,2026-07-12
동양콘크리트산업(주),True,동양콘크리트산업(주),18.0,4018963.0,48227556.0,2026-05,2026-07-12
동양테크,True,(주)동양테크,22.0,3435091.0,41221091.0,2026-05,2026-07-12
동양특수콘크리트(주),True,동양특수콘크리트(주),20.0,3897767.0,46773200.0,2026-05,2026-07-12
동양포장(주),False,,,,,,2026-07-12
동양허브탕전실2관,True,동양허브탕전실2관,25.0,2361991.0,28343893.0,2026-05,2026-07-12
동연세무회계,False,,,,,,2026-07-12
동영소파산업(주),False,,,,,,2026-07-12
동우농산(주),True,동우농산(주),102.0,3459157.0,41509882.0,2026-05,2026-07-12
동우전기,True,주식회사 동우전기,4.0,2091833.0,25102000.0,2026-05,2026-07-12
동우테크 주식회사,False,,,,,,2026-07-12
동원건설산업주식회사,True,동원건설산업주식회사,669.0,4303301.0,51639609.0,2026-05,2026-07-12
동원글라스,True,(주)동원글라스,10.0,3743244.0,44918933.0,2026-05,2026-07-12
동원요양원,True,동원요양원,15.0,2303200.0,27638400.0,2026-05,2026-07-12
동원포장,True,동원포장(주),6.0,4439074.0,53268889.0,2026-05,2026-07-12
동원효실버센터,False,,,,,,2026-07-12
동위기업(주),True,동위기업(주),33.0,4335192.0,52022303.0,2026-05,2026-07-12
동인방문요양센터,False,,,,,,2026-07-12
동인요양원,False,,,,,,2026-07-12
동인중공업(주),False,,,,,,2026-07-12
동인천요양원,False,,,,,,2026-07-12
동인테크,True,동인테크(주),3.0,5161630.0,61939556.0,2026-05,2026-07-12
동일농장,False,,,,,,2026-07-12
동일숲 어린이집,False,,,,,,2026-07-12
동일애드컴(주),False,,,,,,2026-07-12
동일제강(주),True,동일제강(주),97.0,4060625.0,48727505.0,2026-05,2026-07-12
동작시니어재가복지센터,False,,,,,,2026-07-12
동작요양원,False,,,,,,2026-07-12
동주산업,True,동주산업,23.0,3178483.0,38141797.0,2026-05,2026-07-12
동주에이피(주),True,동주에이피(주),71.0,3895280.0,46743362.0,2026-05,2026-07-12
동진금속(주),True,동진금속(주),14.0,4725841.0,56710095.0,2026-05,2026-07-12
동진기업(주),True,동진기업(주),98.0,4799052.0,57588626.0,2026-05,2026-07-12
동진사,False,,,,,,2026-07-12
동진산업,True,동진산업(주),6.0,4297593.0,51571111.0,2026-05,2026-07-12
동진콜택시(주),True,동진콜택시(주),81.0,2433569.0,29202831.0,2026-05,2026-07-12
동진테크,True,동진테크,21.0,4932529.0,59190349.0,2026-05,2026-07-12
동춘점기아오토큐주식회사,True,동춘점기아오토큐주식회사,13.0,3546274.0,42555282.0,2026-05,2026-07-12
동탄노인복지관,False,,,,,,2026-07-12
동탄방문요양센터,False,,,,,,2026-07-12
동탄사랑재가센터,False,,,,,,2026-07-12
동탄아르딤복지관,False,,,,,,2026-07-12
동탄요양원,False,,,,,,2026-07-12
동탄재활요양원,True,동탄재활요양원,22.0,2360040.0,28320485.0,2026-05,2026-07-12
동탄현대서비스,True,동탄현대서비스 주식회사,31.0,3618022.0,43416258.0,2026-05,2026-07-12
동평화자치관리위원회,True,동평화자치관리위원회,25.0,3184009.0,38208107.0,2026-05,2026-07-12
동하정밀(주),True,동하정밀(주),89.0,3600854.0,43210247.0,2026-05,2026-07-12
동해기전산업(주),True,동해기전산업(주),15.0,3687570.0,44250844.0,2026-05,2026-07-12
동해인더스트리(주),True,동해인더스트리(주),12.0,3848759.0,46185111.0,2026-05,2026-07-12
동해종합철강,False,,,,,,2026-07-12
동행노인복지센터,True,동행노인복지센터,36.0,2220630.0,26647556.0,2026-05,2026-07-12
동행노인주야간보호센터,True,동행노인주야간보호센터,10.0,2199156.0,26389867.0,2026-05,2026-07-12
동행물류(주),False,,,,,,2026-07-12
동행방문요양,True,동행방문요양,15.0,1079793.0,12957511.0,2026-05,2026-07-12
동행방문요양센터,False,,,,,,2026-07-12
동행방문요양전문센터,False,,,,,,2026-07-12
동행복지센터,True,동행복지센터,25.0,1565787.0,18789440.0,2026-05,2026-07-12
동행요양원,True,동행요양원,10.0,2225533.0,26706400.0,2026-05,2026-07-12
동행재가노인복지센터,True,동행재가노인복지센터,12.0,1444944.0,17339333.0,2026-05,2026-07-12
동행재가방문요양복지센터,False,,,,,,2026-07-12
동행재가복지센터,True,동행재가복지센터,23.0,1615836.0,19390029.0,2026-05,2026-07-12
동행주야간돌봄센터,False,,,,,,2026-07-12
동호모터스,False,,,,,,2026-07-12
동호테크,True,주식회사 동호테크,3.0,4808296.0,57699556.0,2026-05,2026-07-12
동화나라어린이집,True,동화나라어린이집,26.0,2549179.0,30590154.0,2026-05,2026-07-12
동화나라유치원,False,,,,,,2026-07-12
동화속 어린이집,False,,,,,,2026-07-12
동화테크(주),False,,,,,,2026-07-12
두나무 어린이집,False,,,,,,2026-07-12
두다소파,True,두다소파,20.0,4743878.0,56926533.0,2026-05,2026-07-12
두두피앤피,True,두두피앤피,15.0,3344578.0,40134933.0,2026-05,2026-07-12
두드림노인복지센터,True,두드림노인복지센터,5.0,1812311.0,21747733.0,2026-05,2026-07-12
두레C&F,False,,,,,,2026-07-12
두레노인복지센터,True,두레노인복지센터,12.0,1336352.0,16036222.0,2026-05,2026-07-12
두레방문요양센터,False,,,,,,2026-07-12
두레식품주식회사,True,두레식품주식회사,5.0,3782400.0,45388800.0,2026-05,2026-07-12
